plotID,year,month,day,crop1Name,crop2Name,crop3Name,crop1Variety,crop2Variety,crop3Variety,seedTreatment1Bool,seedTreatment2Bool,seedTreatment3Bool,sowingReason,crop1SowingDensity,crop2SowingDensity,crop3SowingDensity,crop1SowingDepth,crop2SowingDepth,crop3SowingDepth,sowingTimelinessDescription,comments,SITE
STREATHAM_S1.1_P1212_R1,2023,5,4,canola,NA,NA,45y95,NA,NA,TRUE,NA,NA,sale,40,NA,NA,5,NA,NA,Early,,STREATHAM
STREATHAM_S1.1_P1212_R2,2023,5,4,canola,NA,NA,45y95,NA,NA,TRUE,NA,NA,sale,40,NA,NA,5,NA,NA,Early,,STREATHAM
STREATHAM_S1.1_P1212_R3,2023,5,4,canola,NA,NA,45y95,NA,NA,TRUE,NA,NA,sale,40,NA,NA,5,NA,NA,Early,,STREATHAM
STREATHAM_S1.1_P2121_R1,2023,5,3,wheat,NA,NA,bigred,NA,NA,TRUE,NA,NA,sale,160,NA,NA,15,NA,NA,Early,,STREATHAM
STREATHAM_S1.1_P2121_R2,2023,5,3,wheat,NA,NA,bigred,NA,NA,TRUE,NA,NA,sale,160,NA,NA,15,NA,NA,Early,,STREATHAM
STREATHAM_S1.1_P2121_R3,2023,5,3,wheat,NA,NA,bigred,NA,NA,TRUE,NA,NA,sale,160,NA,NA,15,NA,NA,Early,,STREATHAM
STREATHAM_S1.2_P1212_R1,2023,5,4,canola,NA,NA,45y95,NA,NA,TRUE,NA,NA,sale,40,NA,NA,5,NA,NA,Early,,STREATHAM
STREATHAM_S1.2_P1212_R2,2023,5,4,canola,NA,NA,45y95,NA,NA,TRUE,NA,NA,sale,40,NA,NA,5,NA,NA,Early,,STREATHAM
STREATHAM_S1.2_P1212_R3,2023,5,4,canola,NA,NA,45y95,NA,NA,TRUE,NA,NA,sale,40,NA,NA,5,NA,NA,Early,,STREATHAM
STREATHAM_S1.2_P2121_R1,2023,5,3,wheat,NA,NA,bigred,NA,NA,TRUE,NA,NA,sale,160,NA,NA,15,NA,NA,Early,,STREATHAM
STREATHAM_S1.2_P2121_R2,2023,5,3,wheat,NA,NA,bigred,NA,NA,TRUE,NA,NA,sale,160,NA,NA,15,NA,NA,Early,,STREATHAM
STREATHAM_S1.2_P2121_R3,2023,5,3,wheat,NA,NA,bigred,NA,NA,TRUE,NA,NA,sale,160,NA,NA,15,NA,NA,Early,,STREATHAM
STREATHAM_S1.3_P1212_R1,2023,5,23,canola,NA,NA,45y95,NA,NA,TRUE,NA,NA,sale,40,NA,NA,5,NA,NA,On-time,TOS 2,STREATHAM
STREATHAM_S1.3_P1212_R2,2023,5,23,canola,NA,NA,45y95,NA,NA,TRUE,NA,NA,sale,40,NA,NA,5,NA,NA,On-time,TOS 2,STREATHAM
STREATHAM_S1.3_P1212_R3,2023,5,23,canola,NA,NA,45y95,NA,NA,TRUE,NA,NA,sale,40,NA,NA,5,NA,NA,On-time,TOS 2,STREATHAM
STREATHAM_S1.3_P2121_R1,2023,5,23,wheat,NA,NA,bigred,NA,NA,TRUE,NA,NA,sale,160,NA,NA,15,NA,NA,On-time,TOS 2,STREATHAM
STREATHAM_S1.3_P2121_R2,2023,5,23,wheat,NA,NA,bigred,NA,NA,TRUE,NA,NA,sale,160,NA,NA,15,NA,NA,On-time,TOS 2,STREATHAM
STREATHAM_S1.3_P2121_R3,2023,5,23,wheat,NA,NA,bigred,NA,NA,TRUE,NA,NA,sale,160,NA,NA,15,NA,NA,On-time,TOS 2,STREATHAM
STREATHAM_S1.4_P1212_R1,2023,5,4,canola,NA,NA,45y95,NA,NA,TRUE,NA,NA,sale,40,NA,NA,5,NA,NA,Early,,STREATHAM
STREATHAM_S1.4_P1212_R2,2023,5,4,canola,NA,NA,45y95,NA,NA,TRUE,NA,NA,sale,40,NA,NA,5,NA,NA,Early,,STREATHAM
STREATHAM_S1.4_P1212_R3,2023,5,4,canola,NA,NA,45y95,NA,NA,TRUE,NA,NA,sale,40,NA,NA,5,NA,NA,Early,,STREATHAM
STREATHAM_S1.4_P2121_R1,2023,5,3,wheat,NA,NA,bigred,NA,NA,TRUE,NA,NA,sale,160,NA,NA,15,NA,NA,Early,,STREATHAM
STREATHAM_S1.4_P2121_R2,2023,5,3,wheat,NA,NA,bigred,NA,NA,TRUE,NA,NA,sale,160,NA,NA,15,NA,NA,Early,,STREATHAM
STREATHAM_S1.4_P2121_R3,2023,5,3,wheat,NA,NA,bigred,NA,NA,TRUE,NA,NA,sale,160,NA,NA,15,NA,NA,Early,,STREATHAM
STREATHAM_S10_P1212_R1,2023,5,13,canola,field pea,NA,45y95,uncertified,NA,TRUE,TRUE,NA,sale,40,20,NA,10,10,NA,On-time,,STREATHAM
STREATHAM_S10_P1212_R2,2023,5,13,canola,field pea,NA,45y95,uncertified,NA,TRUE,TRUE,NA,sale,40,20,NA,10,10,NA,On-time,,STREATHAM
STREATHAM_S10_P1212_R3,2023,5,13,canola,field pea,NA,45y95,uncertified,NA,TRUE,TRUE,NA,sale,40,20,NA,10,10,NA,On-time,,STREATHAM
STREATHAM_S10_P2121_R1,2023,5,13,wheat ,vetch ,NA,big red,benatas,NA,TRUE,TRUE,NA,sale,160,45,NA,15,15,NA,On-time,S10,STREATHAM
STREATHAM_S10_P2121_R2,2023,5,13,wheat ,vetch ,NA,big red,benatas,NA,TRUE,TRUE,NA,sale,160,45,NA,15,15,NA,On-time,S10,STREATHAM
STREATHAM_S10_P2121_R3,2023,5,13,wheat ,vetch ,NA,big red,benatas,NA,TRUE,TRUE,NA,sale,160,45,NA,15,15,NA,On-time,S10,STREATHAM
STREATHAM_S11_P0000_R1,2023,5,5,wheat,barley,faba bean,beaufort,planet,amberley,TRUE,TRUE,TRUE,fodder,60,60,15,20,20,20,On-time,,STREATHAM
STREATHAM_S11_P0000_R2,2023,5,5,wheat,barley,faba bean,beaufort,planet,amberley,TRUE,TRUE,TRUE,fodder,60,60,15,20,20,20,On-time,,STREATHAM
STREATHAM_S11_P0000_R3,2023,5,5,wheat,barley,faba bean,beaufort,planet,amberley,TRUE,TRUE,TRUE,fodder,60,60,15,20,20,20,On-time,,STREATHAM
STREATHAM_S11_P0000_R4,2023,5,5,wheat,barley,faba bean,beaufort,planet,amberley,TRUE,TRUE,TRUE,fodder,60,60,15,20,20,20,On-time,,STREATHAM
STREATHAM_S11_P0000_R5,2023,5,5,wheat,barley,faba bean,beaufort,planet,amberley,TRUE,TRUE,TRUE,fodder,60,60,15,20,20,20,On-time,,STREATHAM
STREATHAM_S11_P0000_R6,2023,5,5,wheat,barley,faba bean,beaufort,planet,amberley,TRUE,TRUE,TRUE,fodder,60,60,15,20,20,20,On-time,,STREATHAM
STREATHAM_S11_P0000_R7,2023,5,5,wheat,barley,faba bean,beaufort,planet,amberley,TRUE,TRUE,TRUE,fodder,60,60,15,20,20,20,On-time,,STREATHAM
STREATHAM_S11_P0000_R8,2023,5,5,wheat,barley,faba bean,beaufort,planet,amberley,TRUE,TRUE,TRUE,fodder,60,60,15,20,20,20,On-time,,STREATHAM
STREATHAM_S11_P0000_R9,2023,5,5,wheat,barley,faba bean,beaufort,planet,amberley,TRUE,TRUE,TRUE,fodder,60,60,15,20,20,20,On-time,,STREATHAM
STREATHAM_S12_P0000_R1,2023,5,3,wheat,NA,NA,bigred,NA,NA,TRUE,NA,NA,sale,160,NA,NA,15,NA,NA,Early,,STREATHAM
STREATHAM_S12_P0000_R2,2023,5,3,wheat,NA,NA,bigred,NA,NA,TRUE,NA,NA,sale,160,NA,NA,15,NA,NA,Early,,STREATHAM
STREATHAM_S12_P0000_R3,2023,5,3,wheat,NA,NA,bigred,NA,NA,TRUE,NA,NA,sale,160,NA,NA,15,NA,NA,Early,,STREATHAM
STREATHAM_S12_P0000_R4,2023,5,3,wheat,NA,NA,bigred,NA,NA,TRUE,NA,NA,sale,160,NA,NA,15,NA,NA,Early,,STREATHAM
STREATHAM_S12_P0000_R5,2023,5,3,wheat,NA,NA,bigred,NA,NA,TRUE,NA,NA,sale,160,NA,NA,15,NA,NA,Early,,STREATHAM
STREATHAM_S12_P0000_R6,2023,5,3,wheat,NA,NA,bigred,NA,NA,TRUE,NA,NA,sale,160,NA,NA,15,NA,NA,Early,,STREATHAM
STREATHAM_S12_P0000_R7,2023,5,3,wheat,NA,NA,bigred,NA,NA,TRUE,NA,NA,sale,160,NA,NA,15,NA,NA,Early,,STREATHAM
STREATHAM_S12_P0000_R8,2023,5,3,wheat,NA,NA,bigred,NA,NA,TRUE,NA,NA,sale,160,NA,NA,15,NA,NA,Early,,STREATHAM
STREATHAM_S12_P0000_R9,2023,5,3,wheat,NA,NA,bigred,NA,NA,TRUE,NA,NA,sale,160,NA,NA,15,NA,NA,Early,,STREATHAM
STREATHAM_S13_P0000_R1,2023,5,13,Perennial ryegrass,sub clover,NA,base,narrikup,NA,TRUE,TRUE,NA,fodder,20,6,NA,5,5,NA,On-time,S13,STREATHAM
STREATHAM_S13_P0000_R2,2023,5,13,Perennial ryegrass,sub clover,NA,base,narrikup,NA,TRUE,TRUE,NA,fodder,20,6,NA,5,5,NA,On-time,S13,STREATHAM
STREATHAM_S13_P0000_R3,2023,5,13,Perennial ryegrass,sub clover,NA,base,narrikup,NA,TRUE,TRUE,NA,fodder,20,6,NA,5,5,NA,On-time,S13,STREATHAM
STREATHAM_S13_P0000_R4,2023,5,13,Perennial ryegrass,sub clover,NA,base,narrikup,NA,TRUE,TRUE,NA,fodder,20,6,NA,5,5,NA,On-time,S13,STREATHAM
STREATHAM_S13_P0000_R5,2023,5,13,Perennial ryegrass,sub clover,NA,base,narrikup,NA,TRUE,TRUE,NA,fodder,20,6,NA,5,5,NA,On-time,S13,STREATHAM
STREATHAM_S13_P0000_R6,2023,5,13,Perennial ryegrass,sub clover,NA,base,narrikup,NA,TRUE,TRUE,NA,fodder,20,6,NA,5,5,NA,On-time,S13,STREATHAM
STREATHAM_S13_P0000_R7,2023,5,13,Perennial ryegrass,sub clover,NA,base,narrikup,NA,TRUE,TRUE,NA,fodder,20,6,NA,5,5,NA,On-time,S13,STREATHAM
STREATHAM_S13_P0000_R8,2023,5,13,Perennial ryegrass,sub clover,NA,base,narrikup,NA,TRUE,TRUE,NA,fodder,20,6,NA,5,5,NA,On-time,S13,STREATHAM
STREATHAM_S13_P0000_R9,2023,5,13,Perennial ryegrass,sub clover,NA,base,narrikup,NA,TRUE,TRUE,NA,fodder,20,6,NA,5,5,NA,On-time,S13,STREATHAM
STREATHAM_S2.1_P1234_R1,2023,5,3,faba bean,NA,NA,amberley,NA,NA,TRUE,NA,NA,sale,20,NA,NA,50,NA,NA,Early,,STREATHAM
STREATHAM_S2.1_P1234_R2,2023,5,3,faba bean,NA,NA,amberley,NA,NA,TRUE,NA,NA,sale,20,NA,NA,50,NA,NA,Early,,STREATHAM
STREATHAM_S2.1_P1234_R3,2023,5,3,faba bean,NA,NA,amberley,NA,NA,TRUE,NA,NA,sale,20,NA,NA,50,NA,NA,Early,,STREATHAM
STREATHAM_S2.1_P2341_R1,2023,5,4,canola,NA,NA,45y95,NA,NA,TRUE,NA,NA,sale,40,NA,NA,5,NA,NA,Early,,STREATHAM
STREATHAM_S2.1_P2341_R2,2023,5,4,canola,NA,NA,45y95,NA,NA,TRUE,NA,NA,sale,40,NA,NA,5,NA,NA,Early,,STREATHAM
STREATHAM_S2.1_P2341_R3,2023,5,4,canola,NA,NA,45y95,NA,NA,TRUE,NA,NA,sale,40,NA,NA,5,NA,NA,Early,,STREATHAM
STREATHAM_S2.1_P3412_R1,2023,5,3,wheat,NA,NA,bigred,NA,NA,TRUE,NA,NA,sale,160,NA,NA,15,NA,NA,Early,,STREATHAM
STREATHAM_S2.1_P3412_R2,2023,5,3,wheat,NA,NA,bigred,NA,NA,TRUE,NA,NA,sale,160,NA,NA,15,NA,NA,Early,,STREATHAM
STREATHAM_S2.1_P3412_R3,2023,5,3,wheat,NA,NA,bigred,NA,NA,TRUE,NA,NA,sale,160,NA,NA,15,NA,NA,Early,,STREATHAM
STREATHAM_S2.1_P4123_R1,2023,5,3,wheat,NA,NA,bigred,NA,NA,TRUE,NA,NA,sale,160,NA,NA,15,NA,NA,Early,,STREATHAM
STREATHAM_S2.1_P4123_R2,2023,5,3,wheat,NA,NA,bigred,NA,NA,TRUE,NA,NA,sale,160,NA,NA,15,NA,NA,Early,,STREATHAM
STREATHAM_S2.1_P4123_R3,2023,5,3,wheat,NA,NA,bigred,NA,NA,TRUE,NA,NA,sale,160,NA,NA,15,NA,NA,Early,,STREATHAM
STREATHAM_S2.2_P1234_R1,2023,5,3,faba bean,NA,NA,amberley,NA,NA,TRUE,NA,NA,sale,20,NA,NA,50,NA,NA,Early,,STREATHAM
STREATHAM_S2.2_P1234_R2,2023,5,3,faba bean,NA,NA,amberley,NA,NA,TRUE,NA,NA,sale,20,NA,NA,50,NA,NA,Early,,STREATHAM
STREATHAM_S2.2_P1234_R3,2023,5,3,faba bean,NA,NA,amberley,NA,NA,TRUE,NA,NA,sale,20,NA,NA,50,NA,NA,Early,,STREATHAM
STREATHAM_S2.2_P2341_R1,2023,5,4,canola,NA,NA,45y95,NA,NA,TRUE,NA,NA,sale,40,NA,NA,5,NA,NA,Early,,STREATHAM
STREATHAM_S2.2_P2341_R2,2023,5,4,canola,NA,NA,45y95,NA,NA,TRUE,NA,NA,sale,40,NA,NA,5,NA,NA,Early,,STREATHAM
STREATHAM_S2.2_P2341_R3,2023,5,4,canola,NA,NA,45y95,NA,NA,TRUE,NA,NA,sale,40,NA,NA,5,NA,NA,Early,,STREATHAM
STREATHAM_S2.2_P3412_R1,2023,5,3,wheat,NA,NA,bigred,NA,NA,TRUE,NA,NA,sale,160,NA,NA,15,NA,NA,Early,,STREATHAM
STREATHAM_S2.2_P3412_R2,2023,5,3,wheat,NA,NA,bigred,NA,NA,TRUE,NA,NA,sale,160,NA,NA,15,NA,NA,Early,,STREATHAM
STREATHAM_S2.2_P3412_R3,2023,5,3,wheat,NA,NA,bigred,NA,NA,TRUE,NA,NA,sale,160,NA,NA,15,NA,NA,Early,,STREATHAM
STREATHAM_S2.2_P4123_R1,2023,5,3,wheat,NA,NA,bigred,NA,NA,TRUE,NA,NA,sale,160,NA,NA,15,NA,NA,Early,,STREATHAM
STREATHAM_S2.2_P4123_R2,2023,5,3,wheat,NA,NA,bigred,NA,NA,TRUE,NA,NA,sale,160,NA,NA,15,NA,NA,Early,,STREATHAM
STREATHAM_S2.2_P4123_R3,2023,5,3,wheat,NA,NA,bigred,NA,NA,TRUE,NA,NA,sale,160,NA,NA,15,NA,NA,Early,,STREATHAM
STREATHAM_S2.3_P1234_R1,2023,5,23,faba bean,NA,NA,amberley,NA,NA,TRUE,NA,NA,sale,20,NA,NA,50,NA,NA,On-time,TOS 2,STREATHAM
STREATHAM_S2.3_P1234_R2,2023,5,23,faba bean,NA,NA,amberley,NA,NA,TRUE,NA,NA,sale,20,NA,NA,50,NA,NA,On-time,TOS 2,STREATHAM
STREATHAM_S2.3_P1234_R3,2023,5,23,faba bean,NA,NA,amberley,NA,NA,TRUE,NA,NA,sale,20,NA,NA,50,NA,NA,On-time,TOS 2,STREATHAM
STREATHAM_S2.3_P2341_R1,2023,5,23,canola,NA,NA,45y95,NA,NA,TRUE,NA,NA,sale,40,NA,NA,5,NA,NA,On-time,TOS 2,STREATHAM
STREATHAM_S2.3_P2341_R2,2023,5,23,canola,NA,NA,45y95,NA,NA,TRUE,NA,NA,sale,40,NA,NA,5,NA,NA,On-time,TOS 2,STREATHAM
STREATHAM_S2.3_P2341_R3,2023,5,23,canola,NA,NA,45y95,NA,NA,TRUE,NA,NA,sale,40,NA,NA,5,NA,NA,On-time,TOS 2,STREATHAM
STREATHAM_S2.3_P3412_R1,2023,5,23,wheat,NA,NA,bigred,NA,NA,TRUE,NA,NA,sale,160,NA,NA,15,NA,NA,On-time,TOS 2,STREATHAM
STREATHAM_S2.3_P3412_R2,2023,5,23,wheat,NA,NA,bigred,NA,NA,TRUE,NA,NA,sale,160,NA,NA,15,NA,NA,On-time,TOS 2,STREATHAM
STREATHAM_S2.3_P3412_R3,2023,5,23,wheat,NA,NA,bigred,NA,NA,TRUE,NA,NA,sale,160,NA,NA,15,NA,NA,On-time,TOS 2,STREATHAM
STREATHAM_S2.3_P4123_R1,2023,5,23,wheat,NA,NA,bigred,NA,NA,TRUE,NA,NA,sale,160,NA,NA,15,NA,NA,On-time,TOS 2,STREATHAM
STREATHAM_S2.3_P4123_R2,2023,5,23,wheat,NA,NA,bigred,NA,NA,TRUE,NA,NA,sale,160,NA,NA,15,NA,NA,On-time,TOS 2,STREATHAM
STREATHAM_S2.3_P4123_R3,2023,5,23,wheat,NA,NA,bigred,NA,NA,TRUE,NA,NA,sale,160,NA,NA,15,NA,NA,On-time,TOS 2,STREATHAM
STREATHAM_S2.4_P1234_R1,2023,5,3,faba bean,NA,NA,amberley,NA,NA,TRUE,NA,NA,sale,20,NA,NA,50,NA,NA,Early,,STREATHAM
STREATHAM_S2.4_P1234_R2,2023,5,3,faba bean,NA,NA,amberley,NA,NA,TRUE,NA,NA,sale,20,NA,NA,50,NA,NA,Early,,STREATHAM
STREATHAM_S2.4_P1234_R3,2023,5,3,faba bean,NA,NA,amberley,NA,NA,TRUE,NA,NA,sale,20,NA,NA,50,NA,NA,Early,,STREATHAM
STREATHAM_S2.4_P2341_R1,2023,5,4,canola,NA,NA,45y95,NA,NA,TRUE,NA,NA,sale,40,NA,NA,5,NA,NA,Early,,STREATHAM
STREATHAM_S2.4_P2341_R2,2023,5,4,canola,NA,NA,45y95,NA,NA,TRUE,NA,NA,sale,40,NA,NA,5,NA,NA,Early,,STREATHAM
STREATHAM_S2.4_P2341_R3,2023,5,4,canola,NA,NA,45y95,NA,NA,TRUE,NA,NA,sale,40,NA,NA,5,NA,NA,Early,,STREATHAM
STREATHAM_S2.4_P3412_R1,2023,5,3,wheat,NA,NA,bigred,NA,NA,TRUE,NA,NA,sale,160,NA,NA,15,NA,NA,Early,,STREATHAM
STREATHAM_S2.4_P3412_R2,2023,5,3,wheat,NA,NA,bigred,NA,NA,TRUE,NA,NA,sale,160,NA,NA,15,NA,NA,Early,,STREATHAM
STREATHAM_S2.4_P3412_R3,2023,5,3,wheat,NA,NA,bigred,NA,NA,TRUE,NA,NA,sale,160,NA,NA,15,NA,NA,Early,,STREATHAM
STREATHAM_S2.4_P4123_R1,2023,5,3,wheat,NA,NA,bigred,NA,NA,TRUE,NA,NA,sale,160,NA,NA,15,NA,NA,Early,,STREATHAM
STREATHAM_S2.4_P4123_R2,2023,5,3,wheat,NA,NA,bigred,NA,NA,TRUE,NA,NA,sale,160,NA,NA,15,NA,NA,Early,,STREATHAM
STREATHAM_S2.4_P4123_R3,2023,5,3,wheat,NA,NA,bigred,NA,NA,TRUE,NA,NA,sale,160,NA,NA,15,NA,NA,Early,,STREATHAM
STREATHAM_S3_P1234_R1,2023,5,3,faba bean,NA,NA,amberley,NA,NA,TRUE,NA,NA,sale,20,NA,NA,50,NA,NA,Early,,STREATHAM
STREATHAM_S3_P1234_R2,2023,5,3,faba bean,NA,NA,amberley,NA,NA,TRUE,NA,NA,sale,20,NA,NA,50,NA,NA,Early,,STREATHAM
STREATHAM_S3_P1234_R3,2023,5,3,faba bean,NA,NA,amberley,NA,NA,TRUE,NA,NA,sale,20,NA,NA,50,NA,NA,Early,,STREATHAM
STREATHAM_S3_P2341_R1,2023,5,3,wheat,NA,NA,bigred,NA,NA,TRUE,NA,NA,sale,160,NA,NA,15,NA,NA,Early,,STREATHAM
STREATHAM_S3_P2341_R2,2023,5,3,wheat,NA,NA,bigred,NA,NA,TRUE,NA,NA,sale,160,NA,NA,15,NA,NA,Early,,STREATHAM
STREATHAM_S3_P2341_R3,2023,5,3,wheat,NA,NA,bigred,NA,NA,TRUE,NA,NA,sale,160,NA,NA,15,NA,NA,Early,,STREATHAM
STREATHAM_S3_P3412_R1,2023,5,4,canola,NA,NA,45y95,NA,NA,TRUE,NA,NA,sale,40,NA,NA,5,NA,NA,Early,,STREATHAM
STREATHAM_S3_P3412_R2,2023,5,4,canola,NA,NA,45y95,NA,NA,TRUE,NA,NA,sale,40,NA,NA,5,NA,NA,Early,,STREATHAM
STREATHAM_S3_P3412_R3,2023,5,4,canola,NA,NA,45y95,NA,NA,TRUE,NA,NA,sale,40,NA,NA,5,NA,NA,Early,,STREATHAM
STREATHAM_S3_P4123_R1,2023,5,3,wheat,NA,NA,bigred,NA,NA,TRUE,NA,NA,sale,160,NA,NA,15,NA,NA,Early,,STREATHAM
STREATHAM_S3_P4123_R2,2023,5,3,wheat,NA,NA,bigred,NA,NA,TRUE,NA,NA,sale,160,NA,NA,15,NA,NA,Early,,STREATHAM
STREATHAM_S3_P4123_R3,2023,5,3,wheat,NA,NA,bigred,NA,NA,TRUE,NA,NA,sale,160,NA,NA,15,NA,NA,Early,,STREATHAM
STREATHAM_S4_P1231_R1,2023,5,13,wheat,vetch ,NA,big red,benatas,NA,TRUE,TRUE,NA,sale,50,60,NA,15,15,NA,On-time,S4,STREATHAM
STREATHAM_S4_P1231_R2,2023,5,13,wheat,vetch ,NA,big red,benatas,NA,TRUE,TRUE,NA,sale,50,60,NA,15,15,NA,On-time,S4,STREATHAM
STREATHAM_S4_P1231_R3,2023,5,13,wheat,vetch ,NA,big red,benatas,NA,TRUE,TRUE,NA,sale,50,60,NA,15,15,NA,On-time,S4,STREATHAM
STREATHAM_S4_P2312_R1,2023,5,4,canola,NA,NA,45y95,NA,NA,TRUE,NA,NA,sale,40,NA,NA,5,NA,NA,Early,,STREATHAM
STREATHAM_S4_P2312_R2,2023,5,4,canola,NA,NA,45y95,NA,NA,TRUE,NA,NA,sale,40,NA,NA,5,NA,NA,Early,,STREATHAM
STREATHAM_S4_P2312_R3,2023,5,4,canola,NA,NA,45y95,NA,NA,TRUE,NA,NA,sale,40,NA,NA,5,NA,NA,Early,,STREATHAM
STREATHAM_S4_P3123_R1,2023,5,3,wheat,NA,NA,bigred,NA,NA,TRUE,NA,NA,sale,160,NA,NA,15,NA,NA,Early,,STREATHAM
STREATHAM_S4_P3123_R2,2023,5,3,wheat,NA,NA,bigred,NA,NA,TRUE,NA,NA,sale,160,NA,NA,15,NA,NA,Early,,STREATHAM
STREATHAM_S4_P3123_R3,2023,5,3,wheat,NA,NA,bigred,NA,NA,TRUE,NA,NA,sale,160,NA,NA,15,NA,NA,Early,,STREATHAM
STREATHAM_S5_P1231_R1,2023,5,4,canola,NA,NA,45y95,NA,NA,TRUE,NA,NA,sale,40,NA,NA,5,NA,NA,Early,,STREATHAM
STREATHAM_S5_P1231_R2,2023,5,4,canola,NA,NA,45y95,NA,NA,TRUE,NA,NA,sale,40,NA,NA,5,NA,NA,Early,,STREATHAM
STREATHAM_S5_P1231_R3,2023,5,4,canola,NA,NA,45y95,NA,NA,TRUE,NA,NA,sale,40,NA,NA,5,NA,NA,Early,,STREATHAM
STREATHAM_S5_P2312_R1,2023,5,3,wheat,NA,NA,bigred,NA,NA,TRUE,NA,NA,sale,160,NA,NA,15,NA,NA,Early,,STREATHAM
STREATHAM_S5_P2312_R2,2023,5,3,wheat,NA,NA,bigred,NA,NA,TRUE,NA,NA,sale,160,NA,NA,15,NA,NA,Early,,STREATHAM
STREATHAM_S5_P2312_R3,2023,5,3,wheat,NA,NA,bigred,NA,NA,TRUE,NA,NA,sale,160,NA,NA,15,NA,NA,Early,,STREATHAM
STREATHAM_S5_P3123_R1,2023,5,23,barley,NA,NA,rgt planet,NA,NA,TRUE,NA,NA,sale,180,NA,NA,15,NA,NA,On-time,,STREATHAM
STREATHAM_S5_P3123_R2,2023,5,23,barley,NA,NA,rgt planet,NA,NA,TRUE,NA,NA,sale,180,NA,NA,15,NA,NA,On-time,,STREATHAM
STREATHAM_S5_P3123_R3,2023,5,23,barley,NA,NA,rgt planet,NA,NA,TRUE,NA,NA,sale,180,NA,NA,15,NA,NA,On-time,,STREATHAM
STREATHAM_S6.1_P1231_R1,2023,5,13,balansa clover,balansa clover,chicory ,bolta,bolta,puna,TRUE,TRUE,TRUE,fodder,3,2,5,5,5,5,On-time,S6,STREATHAM
STREATHAM_S6.1_P1231_R2,2023,5,13,balansa clover,balansa clover,chicory ,bolta,bolta,puna,TRUE,TRUE,TRUE,fodder,3,2,5,5,5,5,On-time,S6,STREATHAM
STREATHAM_S6.1_P1231_R3,2023,5,13,balansa clover,balansa clover,chicory ,bolta,bolta,puna,TRUE,TRUE,TRUE,fodder,3,2,5,5,5,5,On-time,S6,STREATHAM
STREATHAM_S6.1_P2312_R1,2023,5,4,canola,NA,NA,45y95,NA,NA,TRUE,NA,NA,sale,40,NA,NA,5,NA,NA,Early,,STREATHAM
STREATHAM_S6.1_P2312_R2,2023,5,4,canola,NA,NA,45y95,NA,NA,TRUE,NA,NA,sale,40,NA,NA,5,NA,NA,Early,,STREATHAM
STREATHAM_S6.1_P2312_R3,2023,5,4,canola,NA,NA,45y95,NA,NA,TRUE,NA,NA,sale,40,NA,NA,5,NA,NA,Early,,STREATHAM
STREATHAM_S6.1_P3123_R1,2023,5,3,wheat,NA,NA,bigred,NA,NA,TRUE,NA,NA,sale,160,NA,NA,15,NA,NA,Early,,STREATHAM
STREATHAM_S6.1_P3123_R2,2023,5,3,wheat,NA,NA,bigred,NA,NA,TRUE,NA,NA,sale,160,NA,NA,15,NA,NA,Early,,STREATHAM
STREATHAM_S6.1_P3123_R3,2023,5,3,wheat,NA,NA,bigred,NA,NA,TRUE,NA,NA,sale,160,NA,NA,15,NA,NA,Early,,STREATHAM
STREATHAM_S6.2_P1231_R1,2023,5,13,balansa clover,balansa clover,chicory ,bolta,bolta,puna,TRUE,TRUE,TRUE,fodder,3,2,5,5,5,5,On-time,S6,STREATHAM
STREATHAM_S6.2_P1231_R2,2023,5,13,balansa clover,balansa clover,chicory ,bolta,bolta,puna,TRUE,TRUE,TRUE,fodder,3,2,5,5,5,5,On-time,S6,STREATHAM
STREATHAM_S6.2_P1231_R3,2023,5,13,balansa clover,balansa clover,chicory ,bolta,bolta,puna,TRUE,TRUE,TRUE,fodder,3,2,5,5,5,5,On-time,S6,STREATHAM
STREATHAM_S6.2_P2312_R1,2023,5,4,canola,NA,NA,45y95,NA,NA,TRUE,NA,NA,sale,40,NA,NA,5,NA,NA,Early,,STREATHAM
STREATHAM_S6.2_P2312_R2,2023,5,4,canola,NA,NA,45y95,NA,NA,TRUE,NA,NA,sale,40,NA,NA,5,NA,NA,Early,,STREATHAM
STREATHAM_S6.2_P2312_R3,2023,5,4,canola,NA,NA,45y95,NA,NA,TRUE,NA,NA,sale,40,NA,NA,5,NA,NA,Early,,STREATHAM
STREATHAM_S6.2_P3123_R1,2023,5,3,wheat,NA,NA,bigred,NA,NA,TRUE,NA,NA,sale,160,NA,NA,15,NA,NA,Early,,STREATHAM
STREATHAM_S6.2_P3123_R2,2023,5,3,wheat,NA,NA,bigred,NA,NA,TRUE,NA,NA,sale,160,NA,NA,15,NA,NA,Early,,STREATHAM
STREATHAM_S6.2_P3123_R3,2023,5,3,wheat,NA,NA,bigred,NA,NA,TRUE,NA,NA,sale,160,NA,NA,15,NA,NA,Early,,STREATHAM
STREATHAM_S7_P1234_R1,2023,5,13,balansa clover,balansa clover,chicory ,bolta,bolta,puna,TRUE,TRUE,TRUE,fodder,3,2,5,5,5,5,On-time,S6,STREATHAM
STREATHAM_S7_P1234_R2,2023,5,13,balansa clover,balansa clover,chicory ,bolta,bolta,puna,TRUE,TRUE,TRUE,fodder,3,2,5,5,5,5,On-time,S6,STREATHAM
STREATHAM_S7_P1234_R3,2023,5,13,balansa clover,balansa clover,chicory ,bolta,bolta,puna,TRUE,TRUE,TRUE,fodder,3,2,5,5,5,5,On-time,S6,STREATHAM
STREATHAM_S7_P2341_R1,2023,5,13,Perennial ryegrass,sub clover,NA,base,narrikup,NA,TRUE,TRUE,NA,fodder,20,6,NA,5,5,NA,On-time,S7,STREATHAM
STREATHAM_S7_P2341_R2,2023,5,13,Perennial ryegrass,sub clover,NA,base,narrikup,NA,TRUE,TRUE,NA,fodder,20,6,NA,5,5,NA,On-time,S7,STREATHAM
STREATHAM_S7_P2341_R3,2023,5,13,Perennial ryegrass,sub clover,NA,base,narrikup,NA,TRUE,TRUE,NA,fodder,20,6,NA,5,5,NA,On-time,S7,STREATHAM
STREATHAM_S7_P3412_R1,2023,5,4,canola,NA,NA,45y95,NA,NA,TRUE,NA,NA,sale,40,NA,NA,5,NA,NA,Early,,STREATHAM
STREATHAM_S7_P3412_R2,2023,5,4,canola,NA,NA,45y95,NA,NA,TRUE,NA,NA,sale,40,NA,NA,5,NA,NA,Early,,STREATHAM
STREATHAM_S7_P3412_R3,2023,5,4,canola,NA,NA,45y95,NA,NA,TRUE,NA,NA,sale,40,NA,NA,5,NA,NA,Early,,STREATHAM
STREATHAM_S7_P4123_R1,2023,5,3,wheat,NA,NA,bigred,NA,NA,TRUE,NA,NA,sale,160,NA,NA,15,NA,NA,Early,,STREATHAM
STREATHAM_S7_P4123_R2,2023,5,3,wheat,NA,NA,bigred,NA,NA,TRUE,NA,NA,sale,160,NA,NA,15,NA,NA,Early,,STREATHAM
STREATHAM_S7_P4123_R3,2023,5,3,wheat,NA,NA,bigred,NA,NA,TRUE,NA,NA,sale,160,NA,NA,15,NA,NA,Early,,STREATHAM
STREATHAM_S8_P1231_R1,2023,5,5,vetch,NA,NA,benatas,NA,NA,TRUE,NA,NA,soilManagement,60,NA,NA,15,NA,NA,On-time,,STREATHAM
STREATHAM_S8_P1231_R2,2023,5,5,vetch,NA,NA,benatas,NA,NA,TRUE,NA,NA,soilManagement,60,NA,NA,15,NA,NA,On-time,,STREATHAM
STREATHAM_S8_P1231_R3,2023,5,5,vetch,NA,NA,benatas,NA,NA,TRUE,NA,NA,soilManagement,60,NA,NA,15,NA,NA,On-time,,STREATHAM
STREATHAM_S8_P2312_R1,2023,5,4,canola,NA,NA,45y95,NA,NA,TRUE,NA,NA,sale,40,NA,NA,5,NA,NA,Early,,STREATHAM
STREATHAM_S8_P2312_R2,2023,5,4,canola,NA,NA,45y95,NA,NA,TRUE,NA,NA,sale,40,NA,NA,5,NA,NA,Early,,STREATHAM
STREATHAM_S8_P2312_R3,2023,5,4,canola,NA,NA,45y95,NA,NA,TRUE,NA,NA,sale,40,NA,NA,5,NA,NA,Early,,STREATHAM
STREATHAM_S8_P3123_R1,2023,5,3,wheat,NA,NA,bigred,NA,NA,TRUE,NA,NA,sale,160,NA,NA,15,NA,NA,Early,,STREATHAM
STREATHAM_S8_P3123_R2,2023,5,3,wheat,NA,NA,bigred,NA,NA,TRUE,NA,NA,sale,160,NA,NA,15,NA,NA,Early,,STREATHAM
STREATHAM_S8_P3123_R3,2023,5,3,wheat,NA,NA,bigred,NA,NA,TRUE,NA,NA,sale,160,NA,NA,15,NA,NA,Early,,STREATHAM
STREATHAM_S9.1_P1212_R1,2023,5,13,canola,field pea,NA,45y95,uncertified,NA,TRUE,TRUE,NA,sale,40,20,NA,10,10,NA,On-time,,STREATHAM
STREATHAM_S9.1_P1212_R2,2023,5,13,canola,field pea,NA,45y95,uncertified,NA,TRUE,TRUE,NA,sale,40,20,NA,10,10,NA,On-time,,STREATHAM
STREATHAM_S9.1_P1212_R3,2023,5,13,canola,field pea,NA,45y95,uncertified,NA,TRUE,TRUE,NA,sale,40,20,NA,10,10,NA,On-time,,STREATHAM
STREATHAM_S9.1_P2121_R1,2023,5,3,wheat,NA,NA,bigred,NA,NA,TRUE,NA,NA,sale,160,NA,NA,15,NA,NA,Early,,STREATHAM
STREATHAM_S9.1_P2121_R2,2023,5,3,wheat,NA,NA,bigred,NA,NA,TRUE,NA,NA,sale,160,NA,NA,15,NA,NA,Early,,STREATHAM
STREATHAM_S9.1_P2121_R3,2023,5,3,wheat,NA,NA,bigred,NA,NA,TRUE,NA,NA,sale,160,NA,NA,15,NA,NA,Early,,STREATHAM
STREATHAM_S9.2_P1212_R1,2023,5,13,canola,field pea,NA,45y95,uncertified,NA,TRUE,TRUE,NA,sale,40,20,NA,10,10,NA,On-time,,STREATHAM
STREATHAM_S9.2_P1212_R2,2023,5,13,canola,field pea,NA,45y95,uncertified,NA,TRUE,TRUE,NA,sale,40,20,NA,10,10,NA,On-time,,STREATHAM
STREATHAM_S9.2_P1212_R3,2023,5,13,canola,field pea,NA,45y95,uncertified,NA,TRUE,TRUE,NA,sale,40,20,NA,10,10,NA,On-time,,STREATHAM
STREATHAM_S9.2_P2121_R1,2023,5,3,wheat,NA,NA,bigred,NA,NA,TRUE,NA,NA,sale,160,NA,NA,15,NA,NA,Early,,STREATHAM
STREATHAM_S9.2_P2121_R2,2023,5,3,wheat,NA,NA,bigred,NA,NA,TRUE,NA,NA,sale,160,NA,NA,15,NA,NA,Early,,STREATHAM
STREATHAM_S9.2_P2121_R3,2023,5,3,wheat,NA,NA,bigred,NA,NA,TRUE,NA,NA,sale,160,NA,NA,15,NA,NA,Early,,STREATHAM
STREATHAM_S9.3_P1212_R1,2023,5,13,canola,field pea,NA,45y95,uncertified,NA,TRUE,TRUE,NA,sale,40,20,NA,10,10,NA,On-time,,STREATHAM
STREATHAM_S9.3_P1212_R2,2023,5,13,canola,field pea,NA,45y95,uncertified,NA,TRUE,TRUE,NA,sale,40,20,NA,10,10,NA,On-time,,STREATHAM
STREATHAM_S9.3_P1212_R3,2023,5,13,canola,field pea,NA,45y95,uncertified,NA,TRUE,TRUE,NA,sale,40,20,NA,10,10,NA,On-time,,STREATHAM
STREATHAM_S9.3_P2121_R1,2023,5,3,wheat,NA,NA,bigred,NA,NA,TRUE,NA,NA,sale,160,NA,NA,15,NA,NA,Early,,STREATHAM
STREATHAM_S9.3_P2121_R2,2023,5,3,wheat,NA,NA,bigred,NA,NA,TRUE,NA,NA,sale,160,NA,NA,15,NA,NA,Early,,STREATHAM
STREATHAM_S9.3_P2121_R3,2023,5,3,wheat,NA,NA,bigred,NA,NA,TRUE,NA,NA,sale,160,NA,NA,15,NA,NA,Early,,STREATHAM
