,plotID,errorLocation,errorType,errorMsg
0,STREATHAM_S1.1_BUFFER_R1,checkPlotState,<class 'ValueError'>,There is no entry in the plot state data forSTREATHAM_S1.1_BUFFER_R1. Please ensure a starting state is initiated for ALL plots prior to data entry
1,STREATHAM_S1.1_BUFFER_R1,checkPlotState,<class 'ValueError'>,There is no entry in the plot state data forSTREATHAM_S1.1_BUFFER_R1. Please ensure a starting state is initiated for ALL plots prior to data entry
2,STREATHAM_S1.1_BUFFER_R2,checkPlotState,<class 'ValueError'>,There is no entry in the plot state data forSTREATHAM_S1.1_BUFFER_R2. Please ensure a starting state is initiated for ALL plots prior to data entry
3,STREATHAM_S1.1_BUFFER_R2,checkPlotState,<class 'ValueError'>,There is no entry in the plot state data forSTREATHAM_S1.1_BUFFER_R2. Please ensure a starting state is initiated for ALL plots prior to data entry
4,STREATHAM_S1.1_BUFFER_R3,checkPlotState,<class 'ValueError'>,There is no entry in the plot state data forSTREATHAM_S1.1_BUFFER_R3. Please ensure a starting state is initiated for ALL plots prior to data entry
5,STREATHAM_S1.1_BUFFER_R3,checkPlotState,<class 'ValueError'>,There is no entry in the plot state data forSTREATHAM_S1.1_BUFFER_R3. Please ensure a starting state is initiated for ALL plots prior to data entry
6,STREATHAM_S1.2_BUFFER_R1,checkPlotState,<class 'ValueError'>,There is no entry in the plot state data forSTREATHAM_S1.2_BUFFER_R1. Please ensure a starting state is initiated for ALL plots prior to data entry
7,STREATHAM_S1.2_BUFFER_R1,checkPlotState,<class 'ValueError'>,There is no entry in the plot state data forSTREATHAM_S1.2_BUFFER_R1. Please ensure a starting state is initiated for ALL plots prior to data entry
8,STREATHAM_S1.2_BUFFER_R2,checkPlotState,<class 'ValueError'>,There is no entry in the plot state data forSTREATHAM_S1.2_BUFFER_R2. Please ensure a starting state is initiated for ALL plots prior to data entry
9,STREATHAM_S1.2_BUFFER_R2,checkPlotState,<class 'ValueError'>,There is no entry in the plot state data forSTREATHAM_S1.2_BUFFER_R2. Please ensure a starting state is initiated for ALL plots prior to data entry
10,STREATHAM_S1.2_BUFFER_R3,checkPlotState,<class 'ValueError'>,There is no entry in the plot state data forSTREATHAM_S1.2_BUFFER_R3. Please ensure a starting state is initiated for ALL plots prior to data entry
11,STREATHAM_S1.2_BUFFER_R3,checkPlotState,<class 'ValueError'>,There is no entry in the plot state data forSTREATHAM_S1.2_BUFFER_R3. Please ensure a starting state is initiated for ALL plots prior to data entry
12,STREATHAM_S1.4_BUFFER_R1,checkPlotState,<class 'ValueError'>,There is no entry in the plot state data forSTREATHAM_S1.4_BUFFER_R1. Please ensure a starting state is initiated for ALL plots prior to data entry
13,STREATHAM_S1.4_BUFFER_R1,checkPlotState,<class 'ValueError'>,There is no entry in the plot state data forSTREATHAM_S1.4_BUFFER_R1. Please ensure a starting state is initiated for ALL plots prior to data entry
14,STREATHAM_S1.4_BUFFER_R2,checkPlotState,<class 'ValueError'>,There is no entry in the plot state data forSTREATHAM_S1.4_BUFFER_R2. Please ensure a starting state is initiated for ALL plots prior to data entry
15,STREATHAM_S1.4_BUFFER_R2,checkPlotState,<class 'ValueError'>,There is no entry in the plot state data forSTREATHAM_S1.4_BUFFER_R2. Please ensure a starting state is initiated for ALL plots prior to data entry
16,STREATHAM_S1.4_BUFFER_R3,checkPlotState,<class 'ValueError'>,There is no entry in the plot state data forSTREATHAM_S1.4_BUFFER_R3. Please ensure a starting state is initiated for ALL plots prior to data entry
17,STREATHAM_S1.4_BUFFER_R3,checkPlotState,<class 'ValueError'>,There is no entry in the plot state data forSTREATHAM_S1.4_BUFFER_R3. Please ensure a starting state is initiated for ALL plots prior to data entry
18,STREATHAM_S2.1_BUFFER_R1,checkPlotState,<class 'ValueError'>,There is no entry in the plot state data forSTREATHAM_S2.1_BUFFER_R1. Please ensure a starting state is initiated for ALL plots prior to data entry
19,STREATHAM_S2.1_BUFFER_R1,checkPlotState,<class 'ValueError'>,There is no entry in the plot state data forSTREATHAM_S2.1_BUFFER_R1. Please ensure a starting state is initiated for ALL plots prior to data entry
20,STREATHAM_S2.1_BUFFER_R1,checkPlotState,<class 'ValueError'>,There is no entry in the plot state data forSTREATHAM_S2.1_BUFFER_R1. Please ensure a starting state is initiated for ALL plots prior to data entry
21,STREATHAM_S2.1_BUFFER_R1,checkPlotState,<class 'ValueError'>,There is no entry in the plot state data forSTREATHAM_S2.1_BUFFER_R1. Please ensure a starting state is initiated for ALL plots prior to data entry
22,STREATHAM_S2.1_BUFFER_R2,checkPlotState,<class 'ValueError'>,There is no entry in the plot state data forSTREATHAM_S2.1_BUFFER_R2. Please ensure a starting state is initiated for ALL plots prior to data entry
23,STREATHAM_S2.1_BUFFER_R2,checkPlotState,<class 'ValueError'>,There is no entry in the plot state data forSTREATHAM_S2.1_BUFFER_R2. Please ensure a starting state is initiated for ALL plots prior to data entry
24,STREATHAM_S2.1_BUFFER_R2,checkPlotState,<class 'ValueError'>,There is no entry in the plot state data forSTREATHAM_S2.1_BUFFER_R2. Please ensure a starting state is initiated for ALL plots prior to data entry
25,STREATHAM_S2.1_BUFFER_R2,checkPlotState,<class 'ValueError'>,There is no entry in the plot state data forSTREATHAM_S2.1_BUFFER_R2. Please ensure a starting state is initiated for ALL plots prior to data entry
26,STREATHAM_S2.1_BUFFER_R3,checkPlotState,<class 'ValueError'>,There is no entry in the plot state data forSTREATHAM_S2.1_BUFFER_R3. Please ensure a starting state is initiated for ALL plots prior to data entry
27,STREATHAM_S2.1_BUFFER_R3,checkPlotState,<class 'ValueError'>,There is no entry in the plot state data forSTREATHAM_S2.1_BUFFER_R3. Please ensure a starting state is initiated for ALL plots prior to data entry
28,STREATHAM_S2.1_BUFFER_R3,checkPlotState,<class 'ValueError'>,There is no entry in the plot state data forSTREATHAM_S2.1_BUFFER_R3. Please ensure a starting state is initiated for ALL plots prior to data entry
29,STREATHAM_S2.1_BUFFER_R3,checkPlotState,<class 'ValueError'>,There is no entry in the plot state data forSTREATHAM_S2.1_BUFFER_R3. Please ensure a starting state is initiated for ALL plots prior to data entry
30,STREATHAM_S2.2_BUFFER_R1,checkPlotState,<class 'ValueError'>,There is no entry in the plot state data forSTREATHAM_S2.2_BUFFER_R1. Please ensure a starting state is initiated for ALL plots prior to data entry
31,STREATHAM_S2.2_BUFFER_R1,checkPlotState,<class 'ValueError'>,There is no entry in the plot state data forSTREATHAM_S2.2_BUFFER_R1. Please ensure a starting state is initiated for ALL plots prior to data entry
32,STREATHAM_S2.2_BUFFER_R1,checkPlotState,<class 'ValueError'>,There is no entry in the plot state data forSTREATHAM_S2.2_BUFFER_R1. Please ensure a starting state is initiated for ALL plots prior to data entry
33,STREATHAM_S2.2_BUFFER_R1,checkPlotState,<class 'ValueError'>,There is no entry in the plot state data forSTREATHAM_S2.2_BUFFER_R1. Please ensure a starting state is initiated for ALL plots prior to data entry
34,STREATHAM_S2.2_BUFFER_R2,checkPlotState,<class 'ValueError'>,There is no entry in the plot state data forSTREATHAM_S2.2_BUFFER_R2. Please ensure a starting state is initiated for ALL plots prior to data entry
35,STREATHAM_S2.2_BUFFER_R2,checkPlotState,<class 'ValueError'>,There is no entry in the plot state data forSTREATHAM_S2.2_BUFFER_R2. Please ensure a starting state is initiated for ALL plots prior to data entry
36,STREATHAM_S2.2_BUFFER_R2,checkPlotState,<class 'ValueError'>,There is no entry in the plot state data forSTREATHAM_S2.2_BUFFER_R2. Please ensure a starting state is initiated for ALL plots prior to data entry
37,STREATHAM_S2.2_BUFFER_R2,checkPlotState,<class 'ValueError'>,There is no entry in the plot state data forSTREATHAM_S2.2_BUFFER_R2. Please ensure a starting state is initiated for ALL plots prior to data entry
38,STREATHAM_S2.2_BUFFER_R3,checkPlotState,<class 'ValueError'>,There is no entry in the plot state data forSTREATHAM_S2.2_BUFFER_R3. Please ensure a starting state is initiated for ALL plots prior to data entry
39,STREATHAM_S2.2_BUFFER_R3,checkPlotState,<class 'ValueError'>,There is no entry in the plot state data forSTREATHAM_S2.2_BUFFER_R3. Please ensure a starting state is initiated for ALL plots prior to data entry
40,STREATHAM_S2.2_BUFFER_R3,checkPlotState,<class 'ValueError'>,There is no entry in the plot state data forSTREATHAM_S2.2_BUFFER_R3. Please ensure a starting state is initiated for ALL plots prior to data entry
41,STREATHAM_S2.2_BUFFER_R3,checkPlotState,<class 'ValueError'>,There is no entry in the plot state data forSTREATHAM_S2.2_BUFFER_R3. Please ensure a starting state is initiated for ALL plots prior to data entry
42,STREATHAM_S2.4_BUFFER_R1,checkPlotState,<class 'ValueError'>,There is no entry in the plot state data forSTREATHAM_S2.4_BUFFER_R1. Please ensure a starting state is initiated for ALL plots prior to data entry
43,STREATHAM_S2.4_BUFFER_R1,checkPlotState,<class 'ValueError'>,There is no entry in the plot state data forSTREATHAM_S2.4_BUFFER_R1. Please ensure a starting state is initiated for ALL plots prior to data entry
44,STREATHAM_S2.4_BUFFER_R1,checkPlotState,<class 'ValueError'>,There is no entry in the plot state data forSTREATHAM_S2.4_BUFFER_R1. Please ensure a starting state is initiated for ALL plots prior to data entry
45,STREATHAM_S2.4_BUFFER_R1,checkPlotState,<class 'ValueError'>,There is no entry in the plot state data forSTREATHAM_S2.4_BUFFER_R1. Please ensure a starting state is initiated for ALL plots prior to data entry
46,STREATHAM_S2.4_BUFFER_R2,checkPlotState,<class 'ValueError'>,There is no entry in the plot state data forSTREATHAM_S2.4_BUFFER_R2. Please ensure a starting state is initiated for ALL plots prior to data entry
47,STREATHAM_S2.4_BUFFER_R2,checkPlotState,<class 'ValueError'>,There is no entry in the plot state data forSTREATHAM_S2.4_BUFFER_R2. Please ensure a starting state is initiated for ALL plots prior to data entry
48,STREATHAM_S2.4_BUFFER_R2,checkPlotState,<class 'ValueError'>,There is no entry in the plot state data forSTREATHAM_S2.4_BUFFER_R2. Please ensure a starting state is initiated for ALL plots prior to data entry
49,STREATHAM_S2.4_BUFFER_R2,checkPlotState,<class 'ValueError'>,There is no entry in the plot state data forSTREATHAM_S2.4_BUFFER_R2. Please ensure a starting state is initiated for ALL plots prior to data entry
50,STREATHAM_S2.4_BUFFER_R3,checkPlotState,<class 'ValueError'>,There is no entry in the plot state data forSTREATHAM_S2.4_BUFFER_R3. Please ensure a starting state is initiated for ALL plots prior to data entry
51,STREATHAM_S2.4_BUFFER_R3,checkPlotState,<class 'ValueError'>,There is no entry in the plot state data forSTREATHAM_S2.4_BUFFER_R3. Please ensure a starting state is initiated for ALL plots prior to data entry
52,STREATHAM_S2.4_BUFFER_R3,checkPlotState,<class 'ValueError'>,There is no entry in the plot state data forSTREATHAM_S2.4_BUFFER_R3. Please ensure a starting state is initiated for ALL plots prior to data entry
53,STREATHAM_S2.4_BUFFER_R3,checkPlotState,<class 'ValueError'>,There is no entry in the plot state data forSTREATHAM_S2.4_BUFFER_R3. Please ensure a starting state is initiated for ALL plots prior to data entry
54,STREATHAM_S1.3_BUFFER_R1,checkPlotState,<class 'ValueError'>,There is no entry in the plot state data forSTREATHAM_S1.3_BUFFER_R1. Please ensure a starting state is initiated for ALL plots prior to data entry
55,STREATHAM_S1.3_BUFFER_R1,checkPlotState,<class 'ValueError'>,There is no entry in the plot state data forSTREATHAM_S1.3_BUFFER_R1. Please ensure a starting state is initiated for ALL plots prior to data entry
56,STREATHAM_S1.3_BUFFER_R2,checkPlotState,<class 'ValueError'>,There is no entry in the plot state data forSTREATHAM_S1.3_BUFFER_R2. Please ensure a starting state is initiated for ALL plots prior to data entry
57,STREATHAM_S1.3_BUFFER_R2,checkPlotState,<class 'ValueError'>,There is no entry in the plot state data forSTREATHAM_S1.3_BUFFER_R2. Please ensure a starting state is initiated for ALL plots prior to data entry
58,STREATHAM_S1.3_BUFFER_R3,checkPlotState,<class 'ValueError'>,There is no entry in the plot state data forSTREATHAM_S1.3_BUFFER_R3. Please ensure a starting state is initiated for ALL plots prior to data entry
59,STREATHAM_S1.3_BUFFER_R3,checkPlotState,<class 'ValueError'>,There is no entry in the plot state data forSTREATHAM_S1.3_BUFFER_R3. Please ensure a starting state is initiated for ALL plots prior to data entry
60,STREATHAM_S2.3_BUFFER_R1,checkPlotState,<class 'ValueError'>,There is no entry in the plot state data forSTREATHAM_S2.3_BUFFER_R1. Please ensure a starting state is initiated for ALL plots prior to data entry
61,STREATHAM_S2.3_BUFFER_R1,checkPlotState,<class 'ValueError'>,There is no entry in the plot state data forSTREATHAM_S2.3_BUFFER_R1. Please ensure a starting state is initiated for ALL plots prior to data entry
62,STREATHAM_S2.3_BUFFER_R1,checkPlotState,<class 'ValueError'>,There is no entry in the plot state data forSTREATHAM_S2.3_BUFFER_R1. Please ensure a starting state is initiated for ALL plots prior to data entry
63,STREATHAM_S2.3_BUFFER_R1,checkPlotState,<class 'ValueError'>,There is no entry in the plot state data forSTREATHAM_S2.3_BUFFER_R1. Please ensure a starting state is initiated for ALL plots prior to data entry
64,STREATHAM_S2.3_BUFFER_R2,checkPlotState,<class 'ValueError'>,There is no entry in the plot state data forSTREATHAM_S2.3_BUFFER_R2. Please ensure a starting state is initiated for ALL plots prior to data entry
65,STREATHAM_S2.3_BUFFER_R2,checkPlotState,<class 'ValueError'>,There is no entry in the plot state data forSTREATHAM_S2.3_BUFFER_R2. Please ensure a starting state is initiated for ALL plots prior to data entry
66,STREATHAM_S2.3_BUFFER_R2,checkPlotState,<class 'ValueError'>,There is no entry in the plot state data forSTREATHAM_S2.3_BUFFER_R2. Please ensure a starting state is initiated for ALL plots prior to data entry
67,STREATHAM_S2.3_BUFFER_R2,checkPlotState,<class 'ValueError'>,There is no entry in the plot state data forSTREATHAM_S2.3_BUFFER_R2. Please ensure a starting state is initiated for ALL plots prior to data entry
68,STREATHAM_S2.3_BUFFER_R3,checkPlotState,<class 'ValueError'>,There is no entry in the plot state data forSTREATHAM_S2.3_BUFFER_R3. Please ensure a starting state is initiated for ALL plots prior to data entry
69,STREATHAM_S2.3_BUFFER_R3,checkPlotState,<class 'ValueError'>,There is no entry in the plot state data forSTREATHAM_S2.3_BUFFER_R3. Please ensure a starting state is initiated for ALL plots prior to data entry
70,STREATHAM_S2.3_BUFFER_R3,checkPlotState,<class 'ValueError'>,There is no entry in the plot state data forSTREATHAM_S2.3_BUFFER_R3. Please ensure a starting state is initiated for ALL plots prior to data entry
71,STREATHAM_S2.3_BUFFER_R3,checkPlotState,<class 'ValueError'>,There is no entry in the plot state data forSTREATHAM_S2.3_BUFFER_R3. Please ensure a starting state is initiated for ALL plots prior to data entry
72,STREATHAM_S5_BUFFER_R1,checkPlotState,<class 'ValueError'>,There is no entry in the plot state data forSTREATHAM_S5_BUFFER_R1. Please ensure a starting state is initiated for ALL plots prior to data entry
73,STREATHAM_S5_BUFFER_R1,checkPlotState,<class 'ValueError'>,There is no entry in the plot state data forSTREATHAM_S5_BUFFER_R1. Please ensure a starting state is initiated for ALL plots prior to data entry
74,STREATHAM_S5_BUFFER_R2,checkPlotState,<class 'ValueError'>,There is no entry in the plot state data forSTREATHAM_S5_BUFFER_R2. Please ensure a starting state is initiated for ALL plots prior to data entry
75,STREATHAM_S5_BUFFER_R2,checkPlotState,<class 'ValueError'>,There is no entry in the plot state data forSTREATHAM_S5_BUFFER_R2. Please ensure a starting state is initiated for ALL plots prior to data entry
76,STREATHAM_S5_BUFFER_R3,checkPlotState,<class 'ValueError'>,There is no entry in the plot state data forSTREATHAM_S5_BUFFER_R3. Please ensure a starting state is initiated for ALL plots prior to data entry
77,STREATHAM_S5_BUFFER_R3,checkPlotState,<class 'ValueError'>,There is no entry in the plot state data forSTREATHAM_S5_BUFFER_R3. Please ensure a starting state is initiated for ALL plots prior to data entry
78,STREATHAM_S1.1_BUFFER_R1,checkPlotState,<class 'ValueError'>,There is no entry in the plot state data forSTREATHAM_S1.1_BUFFER_R1. Please ensure a starting state is initiated for ALL plots prior to data entry
79,STREATHAM_S1.1_BUFFER_R1,checkPlotState,<class 'ValueError'>,There is no entry in the plot state data forSTREATHAM_S1.1_BUFFER_R1. Please ensure a starting state is initiated for ALL plots prior to data entry
80,STREATHAM_S1.1_BUFFER_R2,checkPlotState,<class 'ValueError'>,There is no entry in the plot state data forSTREATHAM_S1.1_BUFFER_R2. Please ensure a starting state is initiated for ALL plots prior to data entry
81,STREATHAM_S1.1_BUFFER_R2,checkPlotState,<class 'ValueError'>,There is no entry in the plot state data forSTREATHAM_S1.1_BUFFER_R2. Please ensure a starting state is initiated for ALL plots prior to data entry
82,STREATHAM_S1.1_BUFFER_R3,checkPlotState,<class 'ValueError'>,There is no entry in the plot state data forSTREATHAM_S1.1_BUFFER_R3. Please ensure a starting state is initiated for ALL plots prior to data entry
83,STREATHAM_S1.1_BUFFER_R3,checkPlotState,<class 'ValueError'>,There is no entry in the plot state data forSTREATHAM_S1.1_BUFFER_R3. Please ensure a starting state is initiated for ALL plots prior to data entry
84,STREATHAM_S1.2_BUFFER_R1,checkPlotState,<class 'ValueError'>,There is no entry in the plot state data forSTREATHAM_S1.2_BUFFER_R1. Please ensure a starting state is initiated for ALL plots prior to data entry
85,STREATHAM_S1.2_BUFFER_R1,checkPlotState,<class 'ValueError'>,There is no entry in the plot state data forSTREATHAM_S1.2_BUFFER_R1. Please ensure a starting state is initiated for ALL plots prior to data entry
86,STREATHAM_S1.2_BUFFER_R2,checkPlotState,<class 'ValueError'>,There is no entry in the plot state data forSTREATHAM_S1.2_BUFFER_R2. Please ensure a starting state is initiated for ALL plots prior to data entry
87,STREATHAM_S1.2_BUFFER_R2,checkPlotState,<class 'ValueError'>,There is no entry in the plot state data forSTREATHAM_S1.2_BUFFER_R2. Please ensure a starting state is initiated for ALL plots prior to data entry
88,STREATHAM_S1.2_BUFFER_R3,checkPlotState,<class 'ValueError'>,There is no entry in the plot state data forSTREATHAM_S1.2_BUFFER_R3. Please ensure a starting state is initiated for ALL plots prior to data entry
89,STREATHAM_S1.2_BUFFER_R3,checkPlotState,<class 'ValueError'>,There is no entry in the plot state data forSTREATHAM_S1.2_BUFFER_R3. Please ensure a starting state is initiated for ALL plots prior to data entry
90,STREATHAM_S1.4_BUFFER_R1,checkPlotState,<class 'ValueError'>,There is no entry in the plot state data forSTREATHAM_S1.4_BUFFER_R1. Please ensure a starting state is initiated for ALL plots prior to data entry
91,STREATHAM_S1.4_BUFFER_R1,checkPlotState,<class 'ValueError'>,There is no entry in the plot state data forSTREATHAM_S1.4_BUFFER_R1. Please ensure a starting state is initiated for ALL plots prior to data entry
92,STREATHAM_S1.4_BUFFER_R2,checkPlotState,<class 'ValueError'>,There is no entry in the plot state data forSTREATHAM_S1.4_BUFFER_R2. Please ensure a starting state is initiated for ALL plots prior to data entry
93,STREATHAM_S1.4_BUFFER_R2,checkPlotState,<class 'ValueError'>,There is no entry in the plot state data forSTREATHAM_S1.4_BUFFER_R2. Please ensure a starting state is initiated for ALL plots prior to data entry
94,STREATHAM_S1.4_BUFFER_R3,checkPlotState,<class 'ValueError'>,There is no entry in the plot state data forSTREATHAM_S1.4_BUFFER_R3. Please ensure a starting state is initiated for ALL plots prior to data entry
95,STREATHAM_S1.4_BUFFER_R3,checkPlotState,<class 'ValueError'>,There is no entry in the plot state data forSTREATHAM_S1.4_BUFFER_R3. Please ensure a starting state is initiated for ALL plots prior to data entry
96,STREATHAM_S2.1_BUFFER_R1,checkPlotState,<class 'ValueError'>,There is no entry in the plot state data forSTREATHAM_S2.1_BUFFER_R1. Please ensure a starting state is initiated for ALL plots prior to data entry
97,STREATHAM_S2.1_BUFFER_R1,checkPlotState,<class 'ValueError'>,There is no entry in the plot state data forSTREATHAM_S2.1_BUFFER_R1. Please ensure a starting state is initiated for ALL plots prior to data entry
98,STREATHAM_S2.1_BUFFER_R2,checkPlotState,<class 'ValueError'>,There is no entry in the plot state data forSTREATHAM_S2.1_BUFFER_R2. Please ensure a starting state is initiated for ALL plots prior to data entry
99,STREATHAM_S2.1_BUFFER_R2,checkPlotState,<class 'ValueError'>,There is no entry in the plot state data forSTREATHAM_S2.1_BUFFER_R2. Please ensure a starting state is initiated for ALL plots prior to data entry
100,STREATHAM_S2.1_BUFFER_R3,checkPlotState,<class 'ValueError'>,There is no entry in the plot state data forSTREATHAM_S2.1_BUFFER_R3. Please ensure a starting state is initiated for ALL plots prior to data entry
101,STREATHAM_S2.1_BUFFER_R3,checkPlotState,<class 'ValueError'>,There is no entry in the plot state data forSTREATHAM_S2.1_BUFFER_R3. Please ensure a starting state is initiated for ALL plots prior to data entry
102,STREATHAM_S2.2_BUFFER_R1,checkPlotState,<class 'ValueError'>,There is no entry in the plot state data forSTREATHAM_S2.2_BUFFER_R1. Please ensure a starting state is initiated for ALL plots prior to data entry
103,STREATHAM_S2.2_BUFFER_R1,checkPlotState,<class 'ValueError'>,There is no entry in the plot state data forSTREATHAM_S2.2_BUFFER_R1. Please ensure a starting state is initiated for ALL plots prior to data entry
104,STREATHAM_S2.2_BUFFER_R2,checkPlotState,<class 'ValueError'>,There is no entry in the plot state data forSTREATHAM_S2.2_BUFFER_R2. Please ensure a starting state is initiated for ALL plots prior to data entry
105,STREATHAM_S2.2_BUFFER_R2,checkPlotState,<class 'ValueError'>,There is no entry in the plot state data forSTREATHAM_S2.2_BUFFER_R2. Please ensure a starting state is initiated for ALL plots prior to data entry
106,STREATHAM_S2.2_BUFFER_R3,checkPlotState,<class 'ValueError'>,There is no entry in the plot state data forSTREATHAM_S2.2_BUFFER_R3. Please ensure a starting state is initiated for ALL plots prior to data entry
107,STREATHAM_S2.2_BUFFER_R3,checkPlotState,<class 'ValueError'>,There is no entry in the plot state data forSTREATHAM_S2.2_BUFFER_R3. Please ensure a starting state is initiated for ALL plots prior to data entry
108,STREATHAM_S2.4_BUFFER_R1,checkPlotState,<class 'ValueError'>,There is no entry in the plot state data forSTREATHAM_S2.4_BUFFER_R1. Please ensure a starting state is initiated for ALL plots prior to data entry
109,STREATHAM_S2.4_BUFFER_R1,checkPlotState,<class 'ValueError'>,There is no entry in the plot state data forSTREATHAM_S2.4_BUFFER_R1. Please ensure a starting state is initiated for ALL plots prior to data entry
110,STREATHAM_S2.4_BUFFER_R2,checkPlotState,<class 'ValueError'>,There is no entry in the plot state data forSTREATHAM_S2.4_BUFFER_R2. Please ensure a starting state is initiated for ALL plots prior to data entry
111,STREATHAM_S2.4_BUFFER_R2,checkPlotState,<class 'ValueError'>,There is no entry in the plot state data forSTREATHAM_S2.4_BUFFER_R2. Please ensure a starting state is initiated for ALL plots prior to data entry
112,STREATHAM_S2.4_BUFFER_R3,checkPlotState,<class 'ValueError'>,There is no entry in the plot state data forSTREATHAM_S2.4_BUFFER_R3. Please ensure a starting state is initiated for ALL plots prior to data entry
113,STREATHAM_S2.4_BUFFER_R3,checkPlotState,<class 'ValueError'>,There is no entry in the plot state data forSTREATHAM_S2.4_BUFFER_R3. Please ensure a starting state is initiated for ALL plots prior to data entry
114,STREATHAM_S1.3_BUFFER_R1,checkPlotState,<class 'ValueError'>,There is no entry in the plot state data forSTREATHAM_S1.3_BUFFER_R1. Please ensure a starting state is initiated for ALL plots prior to data entry
115,STREATHAM_S1.3_BUFFER_R1,checkPlotState,<class 'ValueError'>,There is no entry in the plot state data forSTREATHAM_S1.3_BUFFER_R1. Please ensure a starting state is initiated for ALL plots prior to data entry
116,STREATHAM_S1.3_BUFFER_R2,checkPlotState,<class 'ValueError'>,There is no entry in the plot state data forSTREATHAM_S1.3_BUFFER_R2. Please ensure a starting state is initiated for ALL plots prior to data entry
117,STREATHAM_S1.3_BUFFER_R2,checkPlotState,<class 'ValueError'>,There is no entry in the plot state data forSTREATHAM_S1.3_BUFFER_R2. Please ensure a starting state is initiated for ALL plots prior to data entry
118,STREATHAM_S1.3_BUFFER_R3,checkPlotState,<class 'ValueError'>,There is no entry in the plot state data forSTREATHAM_S1.3_BUFFER_R3. Please ensure a starting state is initiated for ALL plots prior to data entry
119,STREATHAM_S1.3_BUFFER_R3,checkPlotState,<class 'ValueError'>,There is no entry in the plot state data forSTREATHAM_S1.3_BUFFER_R3. Please ensure a starting state is initiated for ALL plots prior to data entry
120,STREATHAM_S2.3_BUFFER_R1,checkPlotState,<class 'ValueError'>,There is no entry in the plot state data forSTREATHAM_S2.3_BUFFER_R1. Please ensure a starting state is initiated for ALL plots prior to data entry
121,STREATHAM_S2.3_BUFFER_R1,checkPlotState,<class 'ValueError'>,There is no entry in the plot state data forSTREATHAM_S2.3_BUFFER_R1. Please ensure a starting state is initiated for ALL plots prior to data entry
122,STREATHAM_S2.3_BUFFER_R2,checkPlotState,<class 'ValueError'>,There is no entry in the plot state data forSTREATHAM_S2.3_BUFFER_R2. Please ensure a starting state is initiated for ALL plots prior to data entry
123,STREATHAM_S2.3_BUFFER_R2,checkPlotState,<class 'ValueError'>,There is no entry in the plot state data forSTREATHAM_S2.3_BUFFER_R2. Please ensure a starting state is initiated for ALL plots prior to data entry
124,STREATHAM_S2.3_BUFFER_R3,checkPlotState,<class 'ValueError'>,There is no entry in the plot state data forSTREATHAM_S2.3_BUFFER_R3. Please ensure a starting state is initiated for ALL plots prior to data entry
125,STREATHAM_S2.3_BUFFER_R3,checkPlotState,<class 'ValueError'>,There is no entry in the plot state data forSTREATHAM_S2.3_BUFFER_R3. Please ensure a starting state is initiated for ALL plots prior to data entry
126,STREATHAM_S2.1_BUFFER_R1,checkPlotState,<class 'ValueError'>,There is no entry in the plot state data forSTREATHAM_S2.1_BUFFER_R1. Please ensure a starting state is initiated for ALL plots prior to data entry
127,STREATHAM_S2.1_BUFFER_R1,checkPlotState,<class 'ValueError'>,There is no entry in the plot state data forSTREATHAM_S2.1_BUFFER_R1. Please ensure a starting state is initiated for ALL plots prior to data entry
128,STREATHAM_S2.1_BUFFER_R2,checkPlotState,<class 'ValueError'>,There is no entry in the plot state data forSTREATHAM_S2.1_BUFFER_R2. Please ensure a starting state is initiated for ALL plots prior to data entry
129,STREATHAM_S2.1_BUFFER_R2,checkPlotState,<class 'ValueError'>,There is no entry in the plot state data forSTREATHAM_S2.1_BUFFER_R2. Please ensure a starting state is initiated for ALL plots prior to data entry
130,STREATHAM_S2.1_BUFFER_R3,checkPlotState,<class 'ValueError'>,There is no entry in the plot state data forSTREATHAM_S2.1_BUFFER_R3. Please ensure a starting state is initiated for ALL plots prior to data entry
131,STREATHAM_S2.1_BUFFER_R3,checkPlotState,<class 'ValueError'>,There is no entry in the plot state data forSTREATHAM_S2.1_BUFFER_R3. Please ensure a starting state is initiated for ALL plots prior to data entry
132,STREATHAM_S2.2_BUFFER_R1,checkPlotState,<class 'ValueError'>,There is no entry in the plot state data forSTREATHAM_S2.2_BUFFER_R1. Please ensure a starting state is initiated for ALL plots prior to data entry
133,STREATHAM_S2.2_BUFFER_R1,checkPlotState,<class 'ValueError'>,There is no entry in the plot state data forSTREATHAM_S2.2_BUFFER_R1. Please ensure a starting state is initiated for ALL plots prior to data entry
134,STREATHAM_S2.2_BUFFER_R2,checkPlotState,<class 'ValueError'>,There is no entry in the plot state data forSTREATHAM_S2.2_BUFFER_R2. Please ensure a starting state is initiated for ALL plots prior to data entry
135,STREATHAM_S2.2_BUFFER_R2,checkPlotState,<class 'ValueError'>,There is no entry in the plot state data forSTREATHAM_S2.2_BUFFER_R2. Please ensure a starting state is initiated for ALL plots prior to data entry
136,STREATHAM_S2.2_BUFFER_R3,checkPlotState,<class 'ValueError'>,There is no entry in the plot state data forSTREATHAM_S2.2_BUFFER_R3. Please ensure a starting state is initiated for ALL plots prior to data entry
137,STREATHAM_S2.2_BUFFER_R3,checkPlotState,<class 'ValueError'>,There is no entry in the plot state data forSTREATHAM_S2.2_BUFFER_R3. Please ensure a starting state is initiated for ALL plots prior to data entry
138,STREATHAM_S2.4_BUFFER_R1,checkPlotState,<class 'ValueError'>,There is no entry in the plot state data forSTREATHAM_S2.4_BUFFER_R1. Please ensure a starting state is initiated for ALL plots prior to data entry
139,STREATHAM_S2.4_BUFFER_R1,checkPlotState,<class 'ValueError'>,There is no entry in the plot state data forSTREATHAM_S2.4_BUFFER_R1. Please ensure a starting state is initiated for ALL plots prior to data entry
140,STREATHAM_S2.4_BUFFER_R2,checkPlotState,<class 'ValueError'>,There is no entry in the plot state data forSTREATHAM_S2.4_BUFFER_R2. Please ensure a starting state is initiated for ALL plots prior to data entry
141,STREATHAM_S2.4_BUFFER_R2,checkPlotState,<class 'ValueError'>,There is no entry in the plot state data forSTREATHAM_S2.4_BUFFER_R2. Please ensure a starting state is initiated for ALL plots prior to data entry
142,STREATHAM_S2.4_BUFFER_R3,checkPlotState,<class 'ValueError'>,There is no entry in the plot state data forSTREATHAM_S2.4_BUFFER_R3. Please ensure a starting state is initiated for ALL plots prior to data entry
143,STREATHAM_S2.4_BUFFER_R3,checkPlotState,<class 'ValueError'>,There is no entry in the plot state data forSTREATHAM_S2.4_BUFFER_R3. Please ensure a starting state is initiated for ALL plots prior to data entry
144,STREATHAM_S2.3_BUFFER_R1,checkPlotState,<class 'ValueError'>,There is no entry in the plot state data forSTREATHAM_S2.3_BUFFER_R1. Please ensure a starting state is initiated for ALL plots prior to data entry
145,STREATHAM_S2.3_BUFFER_R1,checkPlotState,<class 'ValueError'>,There is no entry in the plot state data forSTREATHAM_S2.3_BUFFER_R1. Please ensure a starting state is initiated for ALL plots prior to data entry
146,STREATHAM_S2.3_BUFFER_R2,checkPlotState,<class 'ValueError'>,There is no entry in the plot state data forSTREATHAM_S2.3_BUFFER_R2. Please ensure a starting state is initiated for ALL plots prior to data entry
147,STREATHAM_S2.3_BUFFER_R2,checkPlotState,<class 'ValueError'>,There is no entry in the plot state data forSTREATHAM_S2.3_BUFFER_R2. Please ensure a starting state is initiated for ALL plots prior to data entry
148,STREATHAM_S2.3_BUFFER_R3,checkPlotState,<class 'ValueError'>,There is no entry in the plot state data forSTREATHAM_S2.3_BUFFER_R3. Please ensure a starting state is initiated for ALL plots prior to data entry
149,STREATHAM_S2.3_BUFFER_R3,checkPlotState,<class 'ValueError'>,There is no entry in the plot state data forSTREATHAM_S2.3_BUFFER_R3. Please ensure a starting state is initiated for ALL plots prior to data entry
150,STREATHAM_S8_BUFFER_R1,checkPlotState,<class 'ValueError'>,There is no entry in the plot state data forSTREATHAM_S8_BUFFER_R1. Please ensure a starting state is initiated for ALL plots prior to data entry
151,STREATHAM_S8_BUFFER_R1,checkPlotState,<class 'ValueError'>,There is no entry in the plot state data forSTREATHAM_S8_BUFFER_R1. Please ensure a starting state is initiated for ALL plots prior to data entry
152,STREATHAM_S8_BUFFER_R2,checkPlotState,<class 'ValueError'>,There is no entry in the plot state data forSTREATHAM_S8_BUFFER_R2. Please ensure a starting state is initiated for ALL plots prior to data entry
153,STREATHAM_S8_BUFFER_R2,checkPlotState,<class 'ValueError'>,There is no entry in the plot state data forSTREATHAM_S8_BUFFER_R2. Please ensure a starting state is initiated for ALL plots prior to data entry
154,STREATHAM_S8_BUFFER_R3,checkPlotState,<class 'ValueError'>,There is no entry in the plot state data forSTREATHAM_S8_BUFFER_R3. Please ensure a starting state is initiated for ALL plots prior to data entry
155,STREATHAM_S8_BUFFER_R3,checkPlotState,<class 'ValueError'>,There is no entry in the plot state data forSTREATHAM_S8_BUFFER_R3. Please ensure a starting state is initiated for ALL plots prior to data entry
156,STREATHAM_S4_BUFFER_R1,checkPlotState,<class 'ValueError'>,There is no entry in the plot state data forSTREATHAM_S4_BUFFER_R1. Please ensure a starting state is initiated for ALL plots prior to data entry
157,STREATHAM_S4_BUFFER_R1,checkPlotState,<class 'ValueError'>,There is no entry in the plot state data forSTREATHAM_S4_BUFFER_R1. Please ensure a starting state is initiated for ALL plots prior to data entry
158,STREATHAM_S4_BUFFER_R2,checkPlotState,<class 'ValueError'>,There is no entry in the plot state data forSTREATHAM_S4_BUFFER_R2. Please ensure a starting state is initiated for ALL plots prior to data entry
159,STREATHAM_S4_BUFFER_R2,checkPlotState,<class 'ValueError'>,There is no entry in the plot state data forSTREATHAM_S4_BUFFER_R2. Please ensure a starting state is initiated for ALL plots prior to data entry
160,STREATHAM_S4_BUFFER_R3,checkPlotState,<class 'ValueError'>,There is no entry in the plot state data forSTREATHAM_S4_BUFFER_R3. Please ensure a starting state is initiated for ALL plots prior to data entry
161,STREATHAM_S4_BUFFER_R3,checkPlotState,<class 'ValueError'>,There is no entry in the plot state data forSTREATHAM_S4_BUFFER_R3. Please ensure a starting state is initiated for ALL plots prior to data entry
162,STREATHAM_S10_BUFFER_R1,checkPlotState,<class 'ValueError'>,There is no entry in the plot state data forSTREATHAM_S10_BUFFER_R1. Please ensure a starting state is initiated for ALL plots prior to data entry
163,STREATHAM_S10_BUFFER_R1,checkPlotState,<class 'ValueError'>,There is no entry in the plot state data forSTREATHAM_S10_BUFFER_R1. Please ensure a starting state is initiated for ALL plots prior to data entry
164,STREATHAM_S10_BUFFER_R2,checkPlotState,<class 'ValueError'>,There is no entry in the plot state data forSTREATHAM_S10_BUFFER_R2. Please ensure a starting state is initiated for ALL plots prior to data entry
165,STREATHAM_S10_BUFFER_R2,checkPlotState,<class 'ValueError'>,There is no entry in the plot state data forSTREATHAM_S10_BUFFER_R2. Please ensure a starting state is initiated for ALL plots prior to data entry
166,STREATHAM_S10_BUFFER_R3,checkPlotState,<class 'ValueError'>,There is no entry in the plot state data forSTREATHAM_S10_BUFFER_R3. Please ensure a starting state is initiated for ALL plots prior to data entry
167,STREATHAM_S10_BUFFER_R3,checkPlotState,<class 'ValueError'>,There is no entry in the plot state data forSTREATHAM_S10_BUFFER_R3. Please ensure a starting state is initiated for ALL plots prior to data entry
168,STREATHAM_S9.1_BUFFER_R1,checkPlotState,<class 'ValueError'>,There is no entry in the plot state data forSTREATHAM_S9.1_BUFFER_R1. Please ensure a starting state is initiated for ALL plots prior to data entry
169,STREATHAM_S9.1_BUFFER_R1,checkPlotState,<class 'ValueError'>,There is no entry in the plot state data forSTREATHAM_S9.1_BUFFER_R1. Please ensure a starting state is initiated for ALL plots prior to data entry
170,STREATHAM_S9.1_BUFFER_R2,checkPlotState,<class 'ValueError'>,There is no entry in the plot state data forSTREATHAM_S9.1_BUFFER_R2. Please ensure a starting state is initiated for ALL plots prior to data entry
171,STREATHAM_S9.1_BUFFER_R2,checkPlotState,<class 'ValueError'>,There is no entry in the plot state data forSTREATHAM_S9.1_BUFFER_R2. Please ensure a starting state is initiated for ALL plots prior to data entry
172,STREATHAM_S9.1_BUFFER_R3,checkPlotState,<class 'ValueError'>,There is no entry in the plot state data forSTREATHAM_S9.1_BUFFER_R3. Please ensure a starting state is initiated for ALL plots prior to data entry
173,STREATHAM_S9.1_BUFFER_R3,checkPlotState,<class 'ValueError'>,There is no entry in the plot state data forSTREATHAM_S9.1_BUFFER_R3. Please ensure a starting state is initiated for ALL plots prior to data entry
174,STREATHAM_S9.2_BUFFER_R1,checkPlotState,<class 'ValueError'>,There is no entry in the plot state data forSTREATHAM_S9.2_BUFFER_R1. Please ensure a starting state is initiated for ALL plots prior to data entry
175,STREATHAM_S9.2_BUFFER_R1,checkPlotState,<class 'ValueError'>,There is no entry in the plot state data forSTREATHAM_S9.2_BUFFER_R1. Please ensure a starting state is initiated for ALL plots prior to data entry
176,STREATHAM_S9.2_BUFFER_R2,checkPlotState,<class 'ValueError'>,There is no entry in the plot state data forSTREATHAM_S9.2_BUFFER_R2. Please ensure a starting state is initiated for ALL plots prior to data entry
177,STREATHAM_S9.2_BUFFER_R2,checkPlotState,<class 'ValueError'>,There is no entry in the plot state data forSTREATHAM_S9.2_BUFFER_R2. Please ensure a starting state is initiated for ALL plots prior to data entry
178,STREATHAM_S9.2_BUFFER_R3,checkPlotState,<class 'ValueError'>,There is no entry in the plot state data forSTREATHAM_S9.2_BUFFER_R3. Please ensure a starting state is initiated for ALL plots prior to data entry
179,STREATHAM_S9.2_BUFFER_R3,checkPlotState,<class 'ValueError'>,There is no entry in the plot state data forSTREATHAM_S9.2_BUFFER_R3. Please ensure a starting state is initiated for ALL plots prior to data entry
180,STREATHAM_S9.3_BUFFER_R1,checkPlotState,<class 'ValueError'>,There is no entry in the plot state data forSTREATHAM_S9.3_BUFFER_R1. Please ensure a starting state is initiated for ALL plots prior to data entry
181,STREATHAM_S9.3_BUFFER_R1,checkPlotState,<class 'ValueError'>,There is no entry in the plot state data forSTREATHAM_S9.3_BUFFER_R1. Please ensure a starting state is initiated for ALL plots prior to data entry
182,STREATHAM_S9.3_BUFFER_R2,checkPlotState,<class 'ValueError'>,There is no entry in the plot state data forSTREATHAM_S9.3_BUFFER_R2. Please ensure a starting state is initiated for ALL plots prior to data entry
183,STREATHAM_S9.3_BUFFER_R2,checkPlotState,<class 'ValueError'>,There is no entry in the plot state data forSTREATHAM_S9.3_BUFFER_R2. Please ensure a starting state is initiated for ALL plots prior to data entry
184,STREATHAM_S9.3_BUFFER_R3,checkPlotState,<class 'ValueError'>,There is no entry in the plot state data forSTREATHAM_S9.3_BUFFER_R3. Please ensure a starting state is initiated for ALL plots prior to data entry
185,STREATHAM_S9.3_BUFFER_R3,checkPlotState,<class 'ValueError'>,There is no entry in the plot state data forSTREATHAM_S9.3_BUFFER_R3. Please ensure a starting state is initiated for ALL plots prior to data entry
186,STREATHAM_S6.1_BUFFER_R1,checkPlotState,<class 'ValueError'>,There is no entry in the plot state data forSTREATHAM_S6.1_BUFFER_R1. Please ensure a starting state is initiated for ALL plots prior to data entry
187,STREATHAM_S6.1_BUFFER_R1,checkPlotState,<class 'ValueError'>,There is no entry in the plot state data forSTREATHAM_S6.1_BUFFER_R1. Please ensure a starting state is initiated for ALL plots prior to data entry
188,STREATHAM_S6.1_BUFFER_R2,checkPlotState,<class 'ValueError'>,There is no entry in the plot state data forSTREATHAM_S6.1_BUFFER_R2. Please ensure a starting state is initiated for ALL plots prior to data entry
189,STREATHAM_S6.1_BUFFER_R2,checkPlotState,<class 'ValueError'>,There is no entry in the plot state data forSTREATHAM_S6.1_BUFFER_R2. Please ensure a starting state is initiated for ALL plots prior to data entry
190,STREATHAM_S6.1_BUFFER_R3,checkPlotState,<class 'ValueError'>,There is no entry in the plot state data forSTREATHAM_S6.1_BUFFER_R3. Please ensure a starting state is initiated for ALL plots prior to data entry
191,STREATHAM_S6.1_BUFFER_R3,checkPlotState,<class 'ValueError'>,There is no entry in the plot state data forSTREATHAM_S6.1_BUFFER_R3. Please ensure a starting state is initiated for ALL plots prior to data entry
192,STREATHAM_S6.2_BUFFER_R1,checkPlotState,<class 'ValueError'>,There is no entry in the plot state data forSTREATHAM_S6.2_BUFFER_R1. Please ensure a starting state is initiated for ALL plots prior to data entry
193,STREATHAM_S6.2_BUFFER_R1,checkPlotState,<class 'ValueError'>,There is no entry in the plot state data forSTREATHAM_S6.2_BUFFER_R1. Please ensure a starting state is initiated for ALL plots prior to data entry
194,STREATHAM_S6.2_BUFFER_R2,checkPlotState,<class 'ValueError'>,There is no entry in the plot state data forSTREATHAM_S6.2_BUFFER_R2. Please ensure a starting state is initiated for ALL plots prior to data entry
195,STREATHAM_S6.2_BUFFER_R2,checkPlotState,<class 'ValueError'>,There is no entry in the plot state data forSTREATHAM_S6.2_BUFFER_R2. Please ensure a starting state is initiated for ALL plots prior to data entry
196,STREATHAM_S6.2_BUFFER_R3,checkPlotState,<class 'ValueError'>,There is no entry in the plot state data forSTREATHAM_S6.2_BUFFER_R3. Please ensure a starting state is initiated for ALL plots prior to data entry
197,STREATHAM_S6.2_BUFFER_R3,checkPlotState,<class 'ValueError'>,There is no entry in the plot state data forSTREATHAM_S6.2_BUFFER_R3. Please ensure a starting state is initiated for ALL plots prior to data entry
198,STREATHAM_S7_BUFFER_R1,checkPlotState,<class 'ValueError'>,There is no entry in the plot state data forSTREATHAM_S7_BUFFER_R1. Please ensure a starting state is initiated for ALL plots prior to data entry
199,STREATHAM_S7_BUFFER_R1,checkPlotState,<class 'ValueError'>,There is no entry in the plot state data forSTREATHAM_S7_BUFFER_R1. Please ensure a starting state is initiated for ALL plots prior to data entry
200,STREATHAM_S7_BUFFER_R2,checkPlotState,<class 'ValueError'>,There is no entry in the plot state data forSTREATHAM_S7_BUFFER_R2. Please ensure a starting state is initiated for ALL plots prior to data entry
201,STREATHAM_S7_BUFFER_R2,checkPlotState,<class 'ValueError'>,There is no entry in the plot state data forSTREATHAM_S7_BUFFER_R2. Please ensure a starting state is initiated for ALL plots prior to data entry
202,STREATHAM_S7_BUFFER_R3,checkPlotState,<class 'ValueError'>,There is no entry in the plot state data forSTREATHAM_S7_BUFFER_R3. Please ensure a starting state is initiated for ALL plots prior to data entry
203,STREATHAM_S7_BUFFER_R3,checkPlotState,<class 'ValueError'>,There is no entry in the plot state data forSTREATHAM_S7_BUFFER_R3. Please ensure a starting state is initiated for ALL plots prior to data entry
204,STREATHAM_S12_BUFFER_R1,checkPlotState,<class 'ValueError'>,There is no entry in the plot state data forSTREATHAM_S12_BUFFER_R1. Please ensure a starting state is initiated for ALL plots prior to data entry
205,STREATHAM_S12_BUFFER_R1,checkPlotState,<class 'ValueError'>,There is no entry in the plot state data forSTREATHAM_S12_BUFFER_R1. Please ensure a starting state is initiated for ALL plots prior to data entry
206,STREATHAM_S12_BUFFER_R1,checkPlotState,<class 'ValueError'>,There is no entry in the plot state data forSTREATHAM_S12_BUFFER_R1. Please ensure a starting state is initiated for ALL plots prior to data entry
207,STREATHAM_S12_BUFFER_R1,checkPlotState,<class 'ValueError'>,There is no entry in the plot state data forSTREATHAM_S12_BUFFER_R1. Please ensure a starting state is initiated for ALL plots prior to data entry
208,STREATHAM_S12_BUFFER_R1,checkPlotState,<class 'ValueError'>,There is no entry in the plot state data forSTREATHAM_S12_BUFFER_R1. Please ensure a starting state is initiated for ALL plots prior to data entry
209,STREATHAM_S12_BUFFER_R1,checkPlotState,<class 'ValueError'>,There is no entry in the plot state data forSTREATHAM_S12_BUFFER_R1. Please ensure a starting state is initiated for ALL plots prior to data entry
210,STREATHAM_S12_BUFFER_R2,checkPlotState,<class 'ValueError'>,There is no entry in the plot state data forSTREATHAM_S12_BUFFER_R2. Please ensure a starting state is initiated for ALL plots prior to data entry
211,STREATHAM_S12_BUFFER_R2,checkPlotState,<class 'ValueError'>,There is no entry in the plot state data forSTREATHAM_S12_BUFFER_R2. Please ensure a starting state is initiated for ALL plots prior to data entry
212,STREATHAM_S12_BUFFER_R2,checkPlotState,<class 'ValueError'>,There is no entry in the plot state data forSTREATHAM_S12_BUFFER_R2. Please ensure a starting state is initiated for ALL plots prior to data entry
213,STREATHAM_S12_BUFFER_R2,checkPlotState,<class 'ValueError'>,There is no entry in the plot state data forSTREATHAM_S12_BUFFER_R2. Please ensure a starting state is initiated for ALL plots prior to data entry
214,STREATHAM_S12_BUFFER_R2,checkPlotState,<class 'ValueError'>,There is no entry in the plot state data forSTREATHAM_S12_BUFFER_R2. Please ensure a starting state is initiated for ALL plots prior to data entry
215,STREATHAM_S12_BUFFER_R2,checkPlotState,<class 'ValueError'>,There is no entry in the plot state data forSTREATHAM_S12_BUFFER_R2. Please ensure a starting state is initiated for ALL plots prior to data entry
216,STREATHAM_S12_BUFFER_R3,checkPlotState,<class 'ValueError'>,There is no entry in the plot state data forSTREATHAM_S12_BUFFER_R3. Please ensure a starting state is initiated for ALL plots prior to data entry
217,STREATHAM_S12_BUFFER_R3,checkPlotState,<class 'ValueError'>,There is no entry in the plot state data forSTREATHAM_S12_BUFFER_R3. Please ensure a starting state is initiated for ALL plots prior to data entry
218,STREATHAM_S12_BUFFER_R3,checkPlotState,<class 'ValueError'>,There is no entry in the plot state data forSTREATHAM_S12_BUFFER_R3. Please ensure a starting state is initiated for ALL plots prior to data entry
219,STREATHAM_S12_BUFFER_R3,checkPlotState,<class 'ValueError'>,There is no entry in the plot state data forSTREATHAM_S12_BUFFER_R3. Please ensure a starting state is initiated for ALL plots prior to data entry
220,STREATHAM_S12_BUFFER_R3,checkPlotState,<class 'ValueError'>,There is no entry in the plot state data forSTREATHAM_S12_BUFFER_R3. Please ensure a starting state is initiated for ALL plots prior to data entry
221,STREATHAM_S12_BUFFER_R3,checkPlotState,<class 'ValueError'>,There is no entry in the plot state data forSTREATHAM_S12_BUFFER_R3. Please ensure a starting state is initiated for ALL plots prior to data entry
