plotID,errorLocation,errorType,errorMsg
STREATHAM_S6.1_P3123_R1,"('name',)",value_error,"Value error, Herbicide product Stomp Xtra must be defined in the 'herbicideProductData' table in '.../sgr_data/data'"
STREATHAM_S6.1_P3123_R2,"('name',)",value_error,"Value error, Herbicide product Stomp Xtra must be defined in the 'herbicideProductData' table in '.../sgr_data/data'"
STREATHAM_S6.1_P3123_R3,"('name',)",value_error,"Value error, Herbicide product Stomp Xtra must be defined in the 'herbicideProductData' table in '.../sgr_data/data'"
STREATHAM_S6.2_P3123_R1,"('name',)",value_error,"Value error, Herbicide product Stomp Xtra must be defined in the 'herbicideProductData' table in '.../sgr_data/data'"
STREATHAM_S6.2_P3123_R2,"('name',)",value_error,"Value error, Herbicide product Stomp Xtra must be defined in the 'herbicideProductData' table in '.../sgr_data/data'"
STREATHAM_S6.2_P3123_R3,"('name',)",value_error,"Value error, Herbicide product Stomp Xtra must be defined in the 'herbicideProductData' table in '.../sgr_data/data'"
STREATHAM_S6.1_P3123_R1,"('name',)",value_error,"Value error, Herbicide product Select Xtra (& Hasten) must be defined in the 'herbicideProductData' table in '.../sgr_data/data'"
STREATHAM_S6.1_P3123_R2,"('name',)",value_error,"Value error, Herbicide product Select Xtra (& Hasten) must be defined in the 'herbicideProductData' table in '.../sgr_data/data'"
STREATHAM_S6.1_P3123_R3,"('name',)",value_error,"Value error, Herbicide product Select Xtra (& Hasten) must be defined in the 'herbicideProductData' table in '.../sgr_data/data'"
STREATHAM_S6.2_P3123_R1,"('name',)",value_error,"Value error, Herbicide product Select Xtra (& Hasten) must be defined in the 'herbicideProductData' table in '.../sgr_data/data'"
STREATHAM_S6.2_P3123_R2,"('name',)",value_error,"Value error, Herbicide product Select Xtra (& Hasten) must be defined in the 'herbicideProductData' table in '.../sgr_data/data'"
STREATHAM_S6.2_P3123_R3,"('name',)",value_error,"Value error, Herbicide product Select Xtra (& Hasten) must be defined in the 'herbicideProductData' table in '.../sgr_data/data'"
STREATHAM_S6.1_P1231_R1,"('name',)",value_error,"Value error, Herbicide product Liaise must be defined in the 'herbicideProductData' table in '.../sgr_data/data'"
STREATHAM_S6.1_P1231_R2,"('name',)",value_error,"Value error, Herbicide product Liaise must be defined in the 'herbicideProductData' table in '.../sgr_data/data'"
STREATHAM_S6.1_P1231_R3,"('name',)",value_error,"Value error, Herbicide product Liaise must be defined in the 'herbicideProductData' table in '.../sgr_data/data'"
STREATHAM_S6.2_P1231_R1,"('name',)",value_error,"Value error, Herbicide product Liaise must be defined in the 'herbicideProductData' table in '.../sgr_data/data'"
STREATHAM_S6.2_P1231_R2,"('name',)",value_error,"Value error, Herbicide product Liaise must be defined in the 'herbicideProductData' table in '.../sgr_data/data'"
STREATHAM_S6.2_P1231_R3,"('name',)",value_error,"Value error, Herbicide product Liaise must be defined in the 'herbicideProductData' table in '.../sgr_data/data'"
STREATHAM_S5_BUFFER_R1,"('name',)",value_error,"Value error, Herbicide product Mateno Complete must be defined in the 'herbicideProductData' table in '.../sgr_data/data'"
STREATHAM_S5_P2312_R1,"('name',)",value_error,"Value error, Herbicide product Mateno Complete must be defined in the 'herbicideProductData' table in '.../sgr_data/data'"
STREATHAM_S5_BUFFER_R1,"('name',)",value_error,"Value error, Herbicide product Mateno Complete must be defined in the 'herbicideProductData' table in '.../sgr_data/data'"
STREATHAM_S5_BUFFER_R2,"('name',)",value_error,"Value error, Herbicide product Mateno Complete must be defined in the 'herbicideProductData' table in '.../sgr_data/data'"
STREATHAM_S5_P2312_R2,"('name',)",value_error,"Value error, Herbicide product Mateno Complete must be defined in the 'herbicideProductData' table in '.../sgr_data/data'"
STREATHAM_S5_BUFFER_R2,"('name',)",value_error,"Value error, Herbicide product Mateno Complete must be defined in the 'herbicideProductData' table in '.../sgr_data/data'"
STREATHAM_S5_BUFFER_R3,"('name',)",value_error,"Value error, Herbicide product Mateno Complete must be defined in the 'herbicideProductData' table in '.../sgr_data/data'"
STREATHAM_S5_P2312_R3,"('name',)",value_error,"Value error, Herbicide product Mateno Complete must be defined in the 'herbicideProductData' table in '.../sgr_data/data'"
STREATHAM_S5_BUFFER_R3,"('name',)",value_error,"Value error, Herbicide product Mateno Complete must be defined in the 'herbicideProductData' table in '.../sgr_data/data'"
STREATHAM_S2.1_P3412_R1,"('name',)",value_error,"Value error, Herbicide product Precept must be defined in the 'herbicideProductData' table in '.../sgr_data/data'"
STREATHAM_S2.1_P3412_R2,"('name',)",value_error,"Value error, Herbicide product Precept must be defined in the 'herbicideProductData' table in '.../sgr_data/data'"
STREATHAM_S2.1_P3412_R3,"('name',)",value_error,"Value error, Herbicide product Precept must be defined in the 'herbicideProductData' table in '.../sgr_data/data'"
STREATHAM_S1.1_P1212_R1,"('name',)",value_error,"Value error, Herbicide product Precept must be defined in the 'herbicideProductData' table in '.../sgr_data/data'"
STREATHAM_S1.1_P1212_R2,"('name',)",value_error,"Value error, Herbicide product Precept must be defined in the 'herbicideProductData' table in '.../sgr_data/data'"
STREATHAM_S1.1_P1212_R3,"('name',)",value_error,"Value error, Herbicide product Precept must be defined in the 'herbicideProductData' table in '.../sgr_data/data'"
STREATHAM_S2.4_P3412_R1,"('name',)",value_error,"Value error, Herbicide product Precept must be defined in the 'herbicideProductData' table in '.../sgr_data/data'"
STREATHAM_S2.4_P3412_R2,"('name',)",value_error,"Value error, Herbicide product Precept must be defined in the 'herbicideProductData' table in '.../sgr_data/data'"
STREATHAM_S2.4_P3412_R3,"('name',)",value_error,"Value error, Herbicide product Precept must be defined in the 'herbicideProductData' table in '.../sgr_data/data'"
STREATHAM_S2.1_P2341_R1,"('name',)",value_error,"Value error, Herbicide product Precept must be defined in the 'herbicideProductData' table in '.../sgr_data/data'"
STREATHAM_S2.1_P2341_R2,"('name',)",value_error,"Value error, Herbicide product Precept must be defined in the 'herbicideProductData' table in '.../sgr_data/data'"
STREATHAM_S2.1_P2341_R3,"('name',)",value_error,"Value error, Herbicide product Precept must be defined in the 'herbicideProductData' table in '.../sgr_data/data'"
STREATHAM_S1.4_P1212_R1,"('name',)",value_error,"Value error, Herbicide product Precept must be defined in the 'herbicideProductData' table in '.../sgr_data/data'"
STREATHAM_S1.4_P1212_R2,"('name',)",value_error,"Value error, Herbicide product Precept must be defined in the 'herbicideProductData' table in '.../sgr_data/data'"
STREATHAM_S1.4_P1212_R3,"('name',)",value_error,"Value error, Herbicide product Precept must be defined in the 'herbicideProductData' table in '.../sgr_data/data'"
STREATHAM_S2.2_P3412_R1,"('name',)",value_error,"Value error, Herbicide product Precept must be defined in the 'herbicideProductData' table in '.../sgr_data/data'"
STREATHAM_S2.2_P3412_R2,"('name',)",value_error,"Value error, Herbicide product Precept must be defined in the 'herbicideProductData' table in '.../sgr_data/data'"
STREATHAM_S2.2_P3412_R3,"('name',)",value_error,"Value error, Herbicide product Precept must be defined in the 'herbicideProductData' table in '.../sgr_data/data'"
STREATHAM_S2.4_P2341_R1,"('name',)",value_error,"Value error, Herbicide product Precept must be defined in the 'herbicideProductData' table in '.../sgr_data/data'"
STREATHAM_S2.4_P2341_R2,"('name',)",value_error,"Value error, Herbicide product Precept must be defined in the 'herbicideProductData' table in '.../sgr_data/data'"
STREATHAM_S2.4_P2341_R3,"('name',)",value_error,"Value error, Herbicide product Precept must be defined in the 'herbicideProductData' table in '.../sgr_data/data'"
STREATHAM_S1.2_P1212_R1,"('name',)",value_error,"Value error, Herbicide product Precept must be defined in the 'herbicideProductData' table in '.../sgr_data/data'"
STREATHAM_S1.2_P1212_R2,"('name',)",value_error,"Value error, Herbicide product Precept must be defined in the 'herbicideProductData' table in '.../sgr_data/data'"
STREATHAM_S1.2_P1212_R3,"('name',)",value_error,"Value error, Herbicide product Precept must be defined in the 'herbicideProductData' table in '.../sgr_data/data'"
STREATHAM_S2.2_P2341_R1,"('name',)",value_error,"Value error, Herbicide product Precept must be defined in the 'herbicideProductData' table in '.../sgr_data/data'"
STREATHAM_S2.2_P2341_R2,"('name',)",value_error,"Value error, Herbicide product Precept must be defined in the 'herbicideProductData' table in '.../sgr_data/data'"
STREATHAM_S2.2_P2341_R3,"('name',)",value_error,"Value error, Herbicide product Precept must be defined in the 'herbicideProductData' table in '.../sgr_data/data'"
STREATHAM_S1.3_P1212_R1,"('name',)",value_error,"Value error, Herbicide product Precept must be defined in the 'herbicideProductData' table in '.../sgr_data/data'"
STREATHAM_S1.3_P1212_R2,"('name',)",value_error,"Value error, Herbicide product Precept must be defined in the 'herbicideProductData' table in '.../sgr_data/data'"
STREATHAM_S1.3_P1212_R3,"('name',)",value_error,"Value error, Herbicide product Precept must be defined in the 'herbicideProductData' table in '.../sgr_data/data'"
STREATHAM_S2.3_P3412_R1,"('name',)",value_error,"Value error, Herbicide product Precept must be defined in the 'herbicideProductData' table in '.../sgr_data/data'"
STREATHAM_S2.3_P3412_R2,"('name',)",value_error,"Value error, Herbicide product Precept must be defined in the 'herbicideProductData' table in '.../sgr_data/data'"
STREATHAM_S2.3_P3412_R3,"('name',)",value_error,"Value error, Herbicide product Precept must be defined in the 'herbicideProductData' table in '.../sgr_data/data'"
STREATHAM_S2.3_P2341_R1,"('name',)",value_error,"Value error, Herbicide product Precept must be defined in the 'herbicideProductData' table in '.../sgr_data/data'"
STREATHAM_S2.3_P2341_R2,"('name',)",value_error,"Value error, Herbicide product Precept must be defined in the 'herbicideProductData' table in '.../sgr_data/data'"
STREATHAM_S2.3_P2341_R3,"('name',)",value_error,"Value error, Herbicide product Precept must be defined in the 'herbicideProductData' table in '.../sgr_data/data'"
STREATHAM_S1.3_P1212_R1,"('name',)",value_error,"Value error, Herbicide product Lontrel advance 600 must be defined in the 'herbicideProductData' table in '.../sgr_data/data'"
STREATHAM_S1.3_P1212_R2,"('name',)",value_error,"Value error, Herbicide product Lontrel advance 600 must be defined in the 'herbicideProductData' table in '.../sgr_data/data'"
STREATHAM_S1.3_P1212_R3,"('name',)",value_error,"Value error, Herbicide product Lontrel advance 600 must be defined in the 'herbicideProductData' table in '.../sgr_data/data'"
STREATHAM_S2.3_P3412_R1,"('name',)",value_error,"Value error, Herbicide product Lontrel advance 600 must be defined in the 'herbicideProductData' table in '.../sgr_data/data'"
STREATHAM_S2.3_P3412_R2,"('name',)",value_error,"Value error, Herbicide product Lontrel advance 600 must be defined in the 'herbicideProductData' table in '.../sgr_data/data'"
STREATHAM_S2.3_P3412_R3,"('name',)",value_error,"Value error, Herbicide product Lontrel advance 600 must be defined in the 'herbicideProductData' table in '.../sgr_data/data'"
STREATHAM_S2.3_P2341_R1,"('name',)",value_error,"Value error, Herbicide product Lontrel advance 600 must be defined in the 'herbicideProductData' table in '.../sgr_data/data'"
STREATHAM_S2.3_P2341_R2,"('name',)",value_error,"Value error, Herbicide product Lontrel advance 600 must be defined in the 'herbicideProductData' table in '.../sgr_data/data'"
STREATHAM_S2.3_P2341_R3,"('name',)",value_error,"Value error, Herbicide product Lontrel advance 600 must be defined in the 'herbicideProductData' table in '.../sgr_data/data'"
STREATHAM_S2.1_P3412_R1,"('name',)",value_error,"Value error, Herbicide product Axial Xtra must be defined in the 'herbicideProductData' table in '.../sgr_data/data'"
STREATHAM_S2.1_P3412_R2,"('name',)",value_error,"Value error, Herbicide product Axial Xtra must be defined in the 'herbicideProductData' table in '.../sgr_data/data'"
STREATHAM_S2.1_P3412_R3,"('name',)",value_error,"Value error, Herbicide product Axial Xtra must be defined in the 'herbicideProductData' table in '.../sgr_data/data'"
STREATHAM_S2.2_P3412_R1,"('name',)",value_error,"Value error, Herbicide product Axial Xtra must be defined in the 'herbicideProductData' table in '.../sgr_data/data'"
STREATHAM_S2.2_P3412_R2,"('name',)",value_error,"Value error, Herbicide product Axial Xtra must be defined in the 'herbicideProductData' table in '.../sgr_data/data'"
STREATHAM_S2.2_P3412_R3,"('name',)",value_error,"Value error, Herbicide product Axial Xtra must be defined in the 'herbicideProductData' table in '.../sgr_data/data'"
STREATHAM_S2.3_P3412_R1,"('name',)",value_error,"Value error, Herbicide product Axial Xtra must be defined in the 'herbicideProductData' table in '.../sgr_data/data'"
STREATHAM_S2.3_P3412_R2,"('name',)",value_error,"Value error, Herbicide product Axial Xtra must be defined in the 'herbicideProductData' table in '.../sgr_data/data'"
STREATHAM_S2.3_P3412_R3,"('name',)",value_error,"Value error, Herbicide product Axial Xtra must be defined in the 'herbicideProductData' table in '.../sgr_data/data'"
STREATHAM_S2.4_P3412_R1,"('name',)",value_error,"Value error, Herbicide product Axial Xtra must be defined in the 'herbicideProductData' table in '.../sgr_data/data'"
STREATHAM_S2.4_P3412_R2,"('name',)",value_error,"Value error, Herbicide product Axial Xtra must be defined in the 'herbicideProductData' table in '.../sgr_data/data'"
STREATHAM_S2.4_P3412_R3,"('name',)",value_error,"Value error, Herbicide product Axial Xtra must be defined in the 'herbicideProductData' table in '.../sgr_data/data'"
STREATHAM_S5_BUFFER_R1,"('name',)",value_error,"Value error, Herbicide product Axial Xtra must be defined in the 'herbicideProductData' table in '.../sgr_data/data'"
STREATHAM_S5_P2312_R1,"('name',)",value_error,"Value error, Herbicide product Axial Xtra must be defined in the 'herbicideProductData' table in '.../sgr_data/data'"
STREATHAM_S5_BUFFER_R1,"('name',)",value_error,"Value error, Herbicide product Axial Xtra must be defined in the 'herbicideProductData' table in '.../sgr_data/data'"
STREATHAM_S5_BUFFER_R2,"('name',)",value_error,"Value error, Herbicide product Axial Xtra must be defined in the 'herbicideProductData' table in '.../sgr_data/data'"
STREATHAM_S5_P2312_R2,"('name',)",value_error,"Value error, Herbicide product Axial Xtra must be defined in the 'herbicideProductData' table in '.../sgr_data/data'"
STREATHAM_S5_BUFFER_R2,"('name',)",value_error,"Value error, Herbicide product Axial Xtra must be defined in the 'herbicideProductData' table in '.../sgr_data/data'"
STREATHAM_S5_BUFFER_R3,"('name',)",value_error,"Value error, Herbicide product Axial Xtra must be defined in the 'herbicideProductData' table in '.../sgr_data/data'"
STREATHAM_S5_P2312_R3,"('name',)",value_error,"Value error, Herbicide product Axial Xtra must be defined in the 'herbicideProductData' table in '.../sgr_data/data'"
STREATHAM_S5_BUFFER_R3,"('name',)",value_error,"Value error, Herbicide product Axial Xtra must be defined in the 'herbicideProductData' table in '.../sgr_data/data'"
STREATHAM_S6.1_BUFFER_R1,"('name',)",value_error,"Value error, Herbicide product 2,4D amine 625 must be defined in the 'herbicideProductData' table in '.../sgr_data/data'"
STREATHAM_S6.1_P2312_R1,"('name',)",value_error,"Value error, Herbicide product 2,4D amine 625 must be defined in the 'herbicideProductData' table in '.../sgr_data/data'"
STREATHAM_S6.1_BUFFER_R1,"('name',)",value_error,"Value error, Herbicide product 2,4D amine 625 must be defined in the 'herbicideProductData' table in '.../sgr_data/data'"
STREATHAM_S2.1_BUFFER_R1,"('name',)",value_error,"Value error, Herbicide product 2,4D amine 625 must be defined in the 'herbicideProductData' table in '.../sgr_data/data'"
STREATHAM_S2.1_P3412_R1,"('name',)",value_error,"Value error, Herbicide product 2,4D amine 625 must be defined in the 'herbicideProductData' table in '.../sgr_data/data'"
STREATHAM_S2.1_BUFFER_R1,"('name',)",value_error,"Value error, Herbicide product 2,4D amine 625 must be defined in the 'herbicideProductData' table in '.../sgr_data/data'"
STREATHAM_S1.1_BUFFER_R1,"('name',)",value_error,"Value error, Herbicide product 2,4D amine 625 must be defined in the 'herbicideProductData' table in '.../sgr_data/data'"
STREATHAM_S1.1_P1212_R1,"('name',)",value_error,"Value error, Herbicide product 2,4D amine 625 must be defined in the 'herbicideProductData' table in '.../sgr_data/data'"
STREATHAM_S1.1_BUFFER_R1,"('name',)",value_error,"Value error, Herbicide product 2,4D amine 625 must be defined in the 'herbicideProductData' table in '.../sgr_data/data'"
STREATHAM_S3_BUFFER_R1,"('name',)",value_error,"Value error, Herbicide product 2,4D amine 625 must be defined in the 'herbicideProductData' table in '.../sgr_data/data'"
STREATHAM_S3_P1234_R1,"('name',)",value_error,"Value error, Herbicide product 2,4D amine 625 must be defined in the 'herbicideProductData' table in '.../sgr_data/data'"
STREATHAM_S3_BUFFER_R1,"('name',)",value_error,"Value error, Herbicide product 2,4D amine 625 must be defined in the 'herbicideProductData' table in '.../sgr_data/data'"
STREATHAM_S2.4_BUFFER_R1,"('name',)",value_error,"Value error, Herbicide product 2,4D amine 625 must be defined in the 'herbicideProductData' table in '.../sgr_data/data'"
STREATHAM_S2.4_P3412_R1,"('name',)",value_error,"Value error, Herbicide product 2,4D amine 625 must be defined in the 'herbicideProductData' table in '.../sgr_data/data'"
STREATHAM_S2.4_BUFFER_R1,"('name',)",value_error,"Value error, Herbicide product 2,4D amine 625 must be defined in the 'herbicideProductData' table in '.../sgr_data/data'"
STREATHAM_S9.1_BUFFER_R1,"('name',)",value_error,"Value error, Herbicide product 2,4D amine 625 must be defined in the 'herbicideProductData' table in '.../sgr_data/data'"
STREATHAM_S9.1_P1212_R1,"('name',)",value_error,"Value error, Herbicide product 2,4D amine 625 must be defined in the 'herbicideProductData' table in '.../sgr_data/data'"
STREATHAM_S9.1_BUFFER_R1,"('name',)",value_error,"Value error, Herbicide product 2,4D amine 625 must be defined in the 'herbicideProductData' table in '.../sgr_data/data'"
STREATHAM_S2.1_BUFFER_R1,"('name',)",value_error,"Value error, Herbicide product 2,4D amine 625 must be defined in the 'herbicideProductData' table in '.../sgr_data/data'"
STREATHAM_S2.1_P2341_R1,"('name',)",value_error,"Value error, Herbicide product 2,4D amine 625 must be defined in the 'herbicideProductData' table in '.../sgr_data/data'"
STREATHAM_S2.1_BUFFER_R1,"('name',)",value_error,"Value error, Herbicide product 2,4D amine 625 must be defined in the 'herbicideProductData' table in '.../sgr_data/data'"
STREATHAM_S9.3_BUFFER_R1,"('name',)",value_error,"Value error, Herbicide product 2,4D amine 625 must be defined in the 'herbicideProductData' table in '.../sgr_data/data'"
STREATHAM_S9.3_P1212_R1,"('name',)",value_error,"Value error, Herbicide product 2,4D amine 625 must be defined in the 'herbicideProductData' table in '.../sgr_data/data'"
STREATHAM_S9.3_BUFFER_R1,"('name',)",value_error,"Value error, Herbicide product 2,4D amine 625 must be defined in the 'herbicideProductData' table in '.../sgr_data/data'"
STREATHAM_S7_BUFFER_R1,"('name',)",value_error,"Value error, Herbicide product 2,4D amine 625 must be defined in the 'herbicideProductData' table in '.../sgr_data/data'"
STREATHAM_S7_P3412_R1,"('name',)",value_error,"Value error, Herbicide product 2,4D amine 625 must be defined in the 'herbicideProductData' table in '.../sgr_data/data'"
STREATHAM_S7_BUFFER_R1,"('name',)",value_error,"Value error, Herbicide product 2,4D amine 625 must be defined in the 'herbicideProductData' table in '.../sgr_data/data'"
STREATHAM_S6.2_BUFFER_R1,"('name',)",value_error,"Value error, Herbicide product 2,4D amine 625 must be defined in the 'herbicideProductData' table in '.../sgr_data/data'"
STREATHAM_S6.2_P2312_R1,"('name',)",value_error,"Value error, Herbicide product 2,4D amine 625 must be defined in the 'herbicideProductData' table in '.../sgr_data/data'"
STREATHAM_S6.2_BUFFER_R1,"('name',)",value_error,"Value error, Herbicide product 2,4D amine 625 must be defined in the 'herbicideProductData' table in '.../sgr_data/data'"
STREATHAM_S1.3_BUFFER_R1,"('name',)",value_error,"Value error, Herbicide product 2,4D amine 625 must be defined in the 'herbicideProductData' table in '.../sgr_data/data'"
STREATHAM_S1.3_P1212_R1,"('name',)",value_error,"Value error, Herbicide product 2,4D amine 625 must be defined in the 'herbicideProductData' table in '.../sgr_data/data'"
STREATHAM_S1.3_BUFFER_R1,"('name',)",value_error,"Value error, Herbicide product 2,4D amine 625 must be defined in the 'herbicideProductData' table in '.../sgr_data/data'"
STREATHAM_S2.3_BUFFER_R1,"('name',)",value_error,"Value error, Herbicide product 2,4D amine 625 must be defined in the 'herbicideProductData' table in '.../sgr_data/data'"
STREATHAM_S2.3_P3412_R1,"('name',)",value_error,"Value error, Herbicide product 2,4D amine 625 must be defined in the 'herbicideProductData' table in '.../sgr_data/data'"
STREATHAM_S2.3_BUFFER_R1,"('name',)",value_error,"Value error, Herbicide product 2,4D amine 625 must be defined in the 'herbicideProductData' table in '.../sgr_data/data'"
STREATHAM_S8_BUFFER_R1,"('name',)",value_error,"Value error, Herbicide product 2,4D amine 625 must be defined in the 'herbicideProductData' table in '.../sgr_data/data'"
STREATHAM_S8_P2312_R1,"('name',)",value_error,"Value error, Herbicide product 2,4D amine 625 must be defined in the 'herbicideProductData' table in '.../sgr_data/data'"
STREATHAM_S8_BUFFER_R1,"('name',)",value_error,"Value error, Herbicide product 2,4D amine 625 must be defined in the 'herbicideProductData' table in '.../sgr_data/data'"
STREATHAM_S1.4_BUFFER_R1,"('name',)",value_error,"Value error, Herbicide product 2,4D amine 625 must be defined in the 'herbicideProductData' table in '.../sgr_data/data'"
STREATHAM_S1.4_P1212_R1,"('name',)",value_error,"Value error, Herbicide product 2,4D amine 625 must be defined in the 'herbicideProductData' table in '.../sgr_data/data'"
STREATHAM_S1.4_BUFFER_R1,"('name',)",value_error,"Value error, Herbicide product 2,4D amine 625 must be defined in the 'herbicideProductData' table in '.../sgr_data/data'"
STREATHAM_S2.2_BUFFER_R1,"('name',)",value_error,"Value error, Herbicide product 2,4D amine 625 must be defined in the 'herbicideProductData' table in '.../sgr_data/data'"
STREATHAM_S2.2_P3412_R1,"('name',)",value_error,"Value error, Herbicide product 2,4D amine 625 must be defined in the 'herbicideProductData' table in '.../sgr_data/data'"
STREATHAM_S2.2_BUFFER_R1,"('name',)",value_error,"Value error, Herbicide product 2,4D amine 625 must be defined in the 'herbicideProductData' table in '.../sgr_data/data'"
STREATHAM_S2.3_BUFFER_R1,"('name',)",value_error,"Value error, Herbicide product 2,4D amine 625 must be defined in the 'herbicideProductData' table in '.../sgr_data/data'"
STREATHAM_S2.3_P2341_R1,"('name',)",value_error,"Value error, Herbicide product 2,4D amine 625 must be defined in the 'herbicideProductData' table in '.../sgr_data/data'"
STREATHAM_S2.3_BUFFER_R1,"('name',)",value_error,"Value error, Herbicide product 2,4D amine 625 must be defined in the 'herbicideProductData' table in '.../sgr_data/data'"
STREATHAM_S5_BUFFER_R1,"('name',)",value_error,"Value error, Herbicide product 2,4D amine 625 must be defined in the 'herbicideProductData' table in '.../sgr_data/data'"
STREATHAM_S5_P1231_R1,"('name',)",value_error,"Value error, Herbicide product 2,4D amine 625 must be defined in the 'herbicideProductData' table in '.../sgr_data/data'"
STREATHAM_S5_BUFFER_R1,"('name',)",value_error,"Value error, Herbicide product 2,4D amine 625 must be defined in the 'herbicideProductData' table in '.../sgr_data/data'"
STREATHAM_S2.4_BUFFER_R1,"('name',)",value_error,"Value error, Herbicide product 2,4D amine 625 must be defined in the 'herbicideProductData' table in '.../sgr_data/data'"
STREATHAM_S2.4_P2341_R1,"('name',)",value_error,"Value error, Herbicide product 2,4D amine 625 must be defined in the 'herbicideProductData' table in '.../sgr_data/data'"
STREATHAM_S2.4_BUFFER_R1,"('name',)",value_error,"Value error, Herbicide product 2,4D amine 625 must be defined in the 'herbicideProductData' table in '.../sgr_data/data'"
STREATHAM_S1.2_BUFFER_R1,"('name',)",value_error,"Value error, Herbicide product 2,4D amine 625 must be defined in the 'herbicideProductData' table in '.../sgr_data/data'"
STREATHAM_S1.2_P1212_R1,"('name',)",value_error,"Value error, Herbicide product 2,4D amine 625 must be defined in the 'herbicideProductData' table in '.../sgr_data/data'"
STREATHAM_S1.2_BUFFER_R1,"('name',)",value_error,"Value error, Herbicide product 2,4D amine 625 must be defined in the 'herbicideProductData' table in '.../sgr_data/data'"
STREATHAM_S3_BUFFER_R1,"('name',)",value_error,"Value error, Herbicide product 2,4D amine 625 must be defined in the 'herbicideProductData' table in '.../sgr_data/data'"
STREATHAM_S3_P3412_R1,"('name',)",value_error,"Value error, Herbicide product 2,4D amine 625 must be defined in the 'herbicideProductData' table in '.../sgr_data/data'"
STREATHAM_S3_BUFFER_R1,"('name',)",value_error,"Value error, Herbicide product 2,4D amine 625 must be defined in the 'herbicideProductData' table in '.../sgr_data/data'"
STREATHAM_S9.2_BUFFER_R1,"('name',)",value_error,"Value error, Herbicide product 2,4D amine 625 must be defined in the 'herbicideProductData' table in '.../sgr_data/data'"
STREATHAM_S9.2_P1212_R1,"('name',)",value_error,"Value error, Herbicide product 2,4D amine 625 must be defined in the 'herbicideProductData' table in '.../sgr_data/data'"
STREATHAM_S9.2_BUFFER_R1,"('name',)",value_error,"Value error, Herbicide product 2,4D amine 625 must be defined in the 'herbicideProductData' table in '.../sgr_data/data'"
STREATHAM_S2.2_BUFFER_R1,"('name',)",value_error,"Value error, Herbicide product 2,4D amine 625 must be defined in the 'herbicideProductData' table in '.../sgr_data/data'"
STREATHAM_S2.2_P2341_R1,"('name',)",value_error,"Value error, Herbicide product 2,4D amine 625 must be defined in the 'herbicideProductData' table in '.../sgr_data/data'"
STREATHAM_S2.2_BUFFER_R1,"('name',)",value_error,"Value error, Herbicide product 2,4D amine 625 must be defined in the 'herbicideProductData' table in '.../sgr_data/data'"
STREATHAM_S4_BUFFER_R1,"('name',)",value_error,"Value error, Herbicide product 2,4D amine 625 must be defined in the 'herbicideProductData' table in '.../sgr_data/data'"
STREATHAM_S4_P2312_R1,"('name',)",value_error,"Value error, Herbicide product 2,4D amine 625 must be defined in the 'herbicideProductData' table in '.../sgr_data/data'"
STREATHAM_S4_BUFFER_R1,"('name',)",value_error,"Value error, Herbicide product 2,4D amine 625 must be defined in the 'herbicideProductData' table in '.../sgr_data/data'"
STREATHAM_S7_BUFFER_R2,"('name',)",value_error,"Value error, Herbicide product 2,4D amine 625 must be defined in the 'herbicideProductData' table in '.../sgr_data/data'"
STREATHAM_S7_P3412_R2,"('name',)",value_error,"Value error, Herbicide product 2,4D amine 625 must be defined in the 'herbicideProductData' table in '.../sgr_data/data'"
STREATHAM_S7_BUFFER_R2,"('name',)",value_error,"Value error, Herbicide product 2,4D amine 625 must be defined in the 'herbicideProductData' table in '.../sgr_data/data'"
STREATHAM_S4_BUFFER_R2,"('name',)",value_error,"Value error, Herbicide product 2,4D amine 625 must be defined in the 'herbicideProductData' table in '.../sgr_data/data'"
STREATHAM_S4_P2312_R2,"('name',)",value_error,"Value error, Herbicide product 2,4D amine 625 must be defined in the 'herbicideProductData' table in '.../sgr_data/data'"
STREATHAM_S4_BUFFER_R2,"('name',)",value_error,"Value error, Herbicide product 2,4D amine 625 must be defined in the 'herbicideProductData' table in '.../sgr_data/data'"
STREATHAM_S6.1_BUFFER_R2,"('name',)",value_error,"Value error, Herbicide product 2,4D amine 625 must be defined in the 'herbicideProductData' table in '.../sgr_data/data'"
STREATHAM_S6.1_P2312_R2,"('name',)",value_error,"Value error, Herbicide product 2,4D amine 625 must be defined in the 'herbicideProductData' table in '.../sgr_data/data'"
STREATHAM_S6.1_BUFFER_R2,"('name',)",value_error,"Value error, Herbicide product 2,4D amine 625 must be defined in the 'herbicideProductData' table in '.../sgr_data/data'"
STREATHAM_S1.2_BUFFER_R2,"('name',)",value_error,"Value error, Herbicide product 2,4D amine 625 must be defined in the 'herbicideProductData' table in '.../sgr_data/data'"
STREATHAM_S1.2_P1212_R2,"('name',)",value_error,"Value error, Herbicide product 2,4D amine 625 must be defined in the 'herbicideProductData' table in '.../sgr_data/data'"
STREATHAM_S1.2_BUFFER_R2,"('name',)",value_error,"Value error, Herbicide product 2,4D amine 625 must be defined in the 'herbicideProductData' table in '.../sgr_data/data'"
STREATHAM_S2.2_BUFFER_R2,"('name',)",value_error,"Value error, Herbicide product 2,4D amine 625 must be defined in the 'herbicideProductData' table in '.../sgr_data/data'"
STREATHAM_S2.2_P3412_R2,"('name',)",value_error,"Value error, Herbicide product 2,4D amine 625 must be defined in the 'herbicideProductData' table in '.../sgr_data/data'"
STREATHAM_S2.2_BUFFER_R2,"('name',)",value_error,"Value error, Herbicide product 2,4D amine 625 must be defined in the 'herbicideProductData' table in '.../sgr_data/data'"
STREATHAM_S9.2_BUFFER_R2,"('name',)",value_error,"Value error, Herbicide product 2,4D amine 625 must be defined in the 'herbicideProductData' table in '.../sgr_data/data'"
STREATHAM_S9.2_P1212_R2,"('name',)",value_error,"Value error, Herbicide product 2,4D amine 625 must be defined in the 'herbicideProductData' table in '.../sgr_data/data'"
STREATHAM_S9.2_BUFFER_R2,"('name',)",value_error,"Value error, Herbicide product 2,4D amine 625 must be defined in the 'herbicideProductData' table in '.../sgr_data/data'"
STREATHAM_S3_BUFFER_R2,"('name',)",value_error,"Value error, Herbicide product 2,4D amine 625 must be defined in the 'herbicideProductData' table in '.../sgr_data/data'"
STREATHAM_S3_P3412_R2,"('name',)",value_error,"Value error, Herbicide product 2,4D amine 625 must be defined in the 'herbicideProductData' table in '.../sgr_data/data'"
STREATHAM_S3_BUFFER_R2,"('name',)",value_error,"Value error, Herbicide product 2,4D amine 625 must be defined in the 'herbicideProductData' table in '.../sgr_data/data'"
STREATHAM_S9.3_BUFFER_R2,"('name',)",value_error,"Value error, Herbicide product 2,4D amine 625 must be defined in the 'herbicideProductData' table in '.../sgr_data/data'"
STREATHAM_S9.3_P1212_R2,"('name',)",value_error,"Value error, Herbicide product 2,4D amine 625 must be defined in the 'herbicideProductData' table in '.../sgr_data/data'"
STREATHAM_S9.3_BUFFER_R2,"('name',)",value_error,"Value error, Herbicide product 2,4D amine 625 must be defined in the 'herbicideProductData' table in '.../sgr_data/data'"
STREATHAM_S6.2_BUFFER_R2,"('name',)",value_error,"Value error, Herbicide product 2,4D amine 625 must be defined in the 'herbicideProductData' table in '.../sgr_data/data'"
STREATHAM_S6.2_P2312_R2,"('name',)",value_error,"Value error, Herbicide product 2,4D amine 625 must be defined in the 'herbicideProductData' table in '.../sgr_data/data'"
STREATHAM_S6.2_BUFFER_R2,"('name',)",value_error,"Value error, Herbicide product 2,4D amine 625 must be defined in the 'herbicideProductData' table in '.../sgr_data/data'"
STREATHAM_S3_BUFFER_R2,"('name',)",value_error,"Value error, Herbicide product 2,4D amine 625 must be defined in the 'herbicideProductData' table in '.../sgr_data/data'"
STREATHAM_S3_P1234_R2,"('name',)",value_error,"Value error, Herbicide product 2,4D amine 625 must be defined in the 'herbicideProductData' table in '.../sgr_data/data'"
STREATHAM_S3_BUFFER_R2,"('name',)",value_error,"Value error, Herbicide product 2,4D amine 625 must be defined in the 'herbicideProductData' table in '.../sgr_data/data'"
STREATHAM_S2.1_BUFFER_R2,"('name',)",value_error,"Value error, Herbicide product 2,4D amine 625 must be defined in the 'herbicideProductData' table in '.../sgr_data/data'"
STREATHAM_S2.1_P2341_R2,"('name',)",value_error,"Value error, Herbicide product 2,4D amine 625 must be defined in the 'herbicideProductData' table in '.../sgr_data/data'"
STREATHAM_S2.1_BUFFER_R2,"('name',)",value_error,"Value error, Herbicide product 2,4D amine 625 must be defined in the 'herbicideProductData' table in '.../sgr_data/data'"
STREATHAM_S2.4_BUFFER_R2,"('name',)",value_error,"Value error, Herbicide product 2,4D amine 625 must be defined in the 'herbicideProductData' table in '.../sgr_data/data'"
STREATHAM_S2.4_P3412_R2,"('name',)",value_error,"Value error, Herbicide product 2,4D amine 625 must be defined in the 'herbicideProductData' table in '.../sgr_data/data'"
STREATHAM_S2.4_BUFFER_R2,"('name',)",value_error,"Value error, Herbicide product 2,4D amine 625 must be defined in the 'herbicideProductData' table in '.../sgr_data/data'"
STREATHAM_S1.3_BUFFER_R2,"('name',)",value_error,"Value error, Herbicide product 2,4D amine 625 must be defined in the 'herbicideProductData' table in '.../sgr_data/data'"
STREATHAM_S1.3_P1212_R2,"('name',)",value_error,"Value error, Herbicide product 2,4D amine 625 must be defined in the 'herbicideProductData' table in '.../sgr_data/data'"
STREATHAM_S1.3_BUFFER_R2,"('name',)",value_error,"Value error, Herbicide product 2,4D amine 625 must be defined in the 'herbicideProductData' table in '.../sgr_data/data'"
STREATHAM_S2.3_BUFFER_R2,"('name',)",value_error,"Value error, Herbicide product 2,4D amine 625 must be defined in the 'herbicideProductData' table in '.../sgr_data/data'"
STREATHAM_S2.3_P2341_R2,"('name',)",value_error,"Value error, Herbicide product 2,4D amine 625 must be defined in the 'herbicideProductData' table in '.../sgr_data/data'"
STREATHAM_S2.3_BUFFER_R2,"('name',)",value_error,"Value error, Herbicide product 2,4D amine 625 must be defined in the 'herbicideProductData' table in '.../sgr_data/data'"
STREATHAM_S1.4_BUFFER_R2,"('name',)",value_error,"Value error, Herbicide product 2,4D amine 625 must be defined in the 'herbicideProductData' table in '.../sgr_data/data'"
STREATHAM_S1.4_P1212_R2,"('name',)",value_error,"Value error, Herbicide product 2,4D amine 625 must be defined in the 'herbicideProductData' table in '.../sgr_data/data'"
STREATHAM_S1.4_BUFFER_R2,"('name',)",value_error,"Value error, Herbicide product 2,4D amine 625 must be defined in the 'herbicideProductData' table in '.../sgr_data/data'"
STREATHAM_S2.4_BUFFER_R2,"('name',)",value_error,"Value error, Herbicide product 2,4D amine 625 must be defined in the 'herbicideProductData' table in '.../sgr_data/data'"
STREATHAM_S2.4_P2341_R2,"('name',)",value_error,"Value error, Herbicide product 2,4D amine 625 must be defined in the 'herbicideProductData' table in '.../sgr_data/data'"
STREATHAM_S2.4_BUFFER_R2,"('name',)",value_error,"Value error, Herbicide product 2,4D amine 625 must be defined in the 'herbicideProductData' table in '.../sgr_data/data'"
STREATHAM_S5_BUFFER_R2,"('name',)",value_error,"Value error, Herbicide product 2,4D amine 625 must be defined in the 'herbicideProductData' table in '.../sgr_data/data'"
STREATHAM_S5_P1231_R2,"('name',)",value_error,"Value error, Herbicide product 2,4D amine 625 must be defined in the 'herbicideProductData' table in '.../sgr_data/data'"
STREATHAM_S5_BUFFER_R2,"('name',)",value_error,"Value error, Herbicide product 2,4D amine 625 must be defined in the 'herbicideProductData' table in '.../sgr_data/data'"
STREATHAM_S2.2_BUFFER_R2,"('name',)",value_error,"Value error, Herbicide product 2,4D amine 625 must be defined in the 'herbicideProductData' table in '.../sgr_data/data'"
STREATHAM_S2.2_P2341_R2,"('name',)",value_error,"Value error, Herbicide product 2,4D amine 625 must be defined in the 'herbicideProductData' table in '.../sgr_data/data'"
STREATHAM_S2.2_BUFFER_R2,"('name',)",value_error,"Value error, Herbicide product 2,4D amine 625 must be defined in the 'herbicideProductData' table in '.../sgr_data/data'"
STREATHAM_S2.3_BUFFER_R2,"('name',)",value_error,"Value error, Herbicide product 2,4D amine 625 must be defined in the 'herbicideProductData' table in '.../sgr_data/data'"
STREATHAM_S2.3_P3412_R2,"('name',)",value_error,"Value error, Herbicide product 2,4D amine 625 must be defined in the 'herbicideProductData' table in '.../sgr_data/data'"
STREATHAM_S2.3_BUFFER_R2,"('name',)",value_error,"Value error, Herbicide product 2,4D amine 625 must be defined in the 'herbicideProductData' table in '.../sgr_data/data'"
STREATHAM_S8_BUFFER_R2,"('name',)",value_error,"Value error, Herbicide product 2,4D amine 625 must be defined in the 'herbicideProductData' table in '.../sgr_data/data'"
STREATHAM_S8_P2312_R2,"('name',)",value_error,"Value error, Herbicide product 2,4D amine 625 must be defined in the 'herbicideProductData' table in '.../sgr_data/data'"
STREATHAM_S8_BUFFER_R2,"('name',)",value_error,"Value error, Herbicide product 2,4D amine 625 must be defined in the 'herbicideProductData' table in '.../sgr_data/data'"
STREATHAM_S1.1_BUFFER_R2,"('name',)",value_error,"Value error, Herbicide product 2,4D amine 625 must be defined in the 'herbicideProductData' table in '.../sgr_data/data'"
STREATHAM_S1.1_P1212_R2,"('name',)",value_error,"Value error, Herbicide product 2,4D amine 625 must be defined in the 'herbicideProductData' table in '.../sgr_data/data'"
STREATHAM_S1.1_BUFFER_R2,"('name',)",value_error,"Value error, Herbicide product 2,4D amine 625 must be defined in the 'herbicideProductData' table in '.../sgr_data/data'"
STREATHAM_S2.1_BUFFER_R2,"('name',)",value_error,"Value error, Herbicide product 2,4D amine 625 must be defined in the 'herbicideProductData' table in '.../sgr_data/data'"
STREATHAM_S2.1_P3412_R2,"('name',)",value_error,"Value error, Herbicide product 2,4D amine 625 must be defined in the 'herbicideProductData' table in '.../sgr_data/data'"
STREATHAM_S2.1_BUFFER_R2,"('name',)",value_error,"Value error, Herbicide product 2,4D amine 625 must be defined in the 'herbicideProductData' table in '.../sgr_data/data'"
STREATHAM_S9.1_BUFFER_R2,"('name',)",value_error,"Value error, Herbicide product 2,4D amine 625 must be defined in the 'herbicideProductData' table in '.../sgr_data/data'"
STREATHAM_S9.1_P1212_R2,"('name',)",value_error,"Value error, Herbicide product 2,4D amine 625 must be defined in the 'herbicideProductData' table in '.../sgr_data/data'"
STREATHAM_S9.1_BUFFER_R2,"('name',)",value_error,"Value error, Herbicide product 2,4D amine 625 must be defined in the 'herbicideProductData' table in '.../sgr_data/data'"
STREATHAM_S2.4_BUFFER_R3,"('name',)",value_error,"Value error, Herbicide product 2,4D amine 625 must be defined in the 'herbicideProductData' table in '.../sgr_data/data'"
STREATHAM_S2.4_P2341_R3,"('name',)",value_error,"Value error, Herbicide product 2,4D amine 625 must be defined in the 'herbicideProductData' table in '.../sgr_data/data'"
STREATHAM_S2.4_BUFFER_R3,"('name',)",value_error,"Value error, Herbicide product 2,4D amine 625 must be defined in the 'herbicideProductData' table in '.../sgr_data/data'"
STREATHAM_S9.3_BUFFER_R3,"('name',)",value_error,"Value error, Herbicide product 2,4D amine 625 must be defined in the 'herbicideProductData' table in '.../sgr_data/data'"
STREATHAM_S9.3_P1212_R3,"('name',)",value_error,"Value error, Herbicide product 2,4D amine 625 must be defined in the 'herbicideProductData' table in '.../sgr_data/data'"
STREATHAM_S9.3_BUFFER_R3,"('name',)",value_error,"Value error, Herbicide product 2,4D amine 625 must be defined in the 'herbicideProductData' table in '.../sgr_data/data'"
STREATHAM_S2.1_BUFFER_R3,"('name',)",value_error,"Value error, Herbicide product 2,4D amine 625 must be defined in the 'herbicideProductData' table in '.../sgr_data/data'"
STREATHAM_S2.1_P2341_R3,"('name',)",value_error,"Value error, Herbicide product 2,4D amine 625 must be defined in the 'herbicideProductData' table in '.../sgr_data/data'"
STREATHAM_S2.1_BUFFER_R3,"('name',)",value_error,"Value error, Herbicide product 2,4D amine 625 must be defined in the 'herbicideProductData' table in '.../sgr_data/data'"
STREATHAM_S3_BUFFER_R3,"('name',)",value_error,"Value error, Herbicide product 2,4D amine 625 must be defined in the 'herbicideProductData' table in '.../sgr_data/data'"
STREATHAM_S3_P3412_R3,"('name',)",value_error,"Value error, Herbicide product 2,4D amine 625 must be defined in the 'herbicideProductData' table in '.../sgr_data/data'"
STREATHAM_S3_BUFFER_R3,"('name',)",value_error,"Value error, Herbicide product 2,4D amine 625 must be defined in the 'herbicideProductData' table in '.../sgr_data/data'"
STREATHAM_S2.3_BUFFER_R3,"('name',)",value_error,"Value error, Herbicide product 2,4D amine 625 must be defined in the 'herbicideProductData' table in '.../sgr_data/data'"
STREATHAM_S2.3_P2341_R3,"('name',)",value_error,"Value error, Herbicide product 2,4D amine 625 must be defined in the 'herbicideProductData' table in '.../sgr_data/data'"
STREATHAM_S2.3_BUFFER_R3,"('name',)",value_error,"Value error, Herbicide product 2,4D amine 625 must be defined in the 'herbicideProductData' table in '.../sgr_data/data'"
STREATHAM_S2.2_BUFFER_R3,"('name',)",value_error,"Value error, Herbicide product 2,4D amine 625 must be defined in the 'herbicideProductData' table in '.../sgr_data/data'"
STREATHAM_S2.2_P2341_R3,"('name',)",value_error,"Value error, Herbicide product 2,4D amine 625 must be defined in the 'herbicideProductData' table in '.../sgr_data/data'"
STREATHAM_S2.2_BUFFER_R3,"('name',)",value_error,"Value error, Herbicide product 2,4D amine 625 must be defined in the 'herbicideProductData' table in '.../sgr_data/data'"
STREATHAM_S2.2_BUFFER_R3,"('name',)",value_error,"Value error, Herbicide product 2,4D amine 625 must be defined in the 'herbicideProductData' table in '.../sgr_data/data'"
STREATHAM_S2.2_P3412_R3,"('name',)",value_error,"Value error, Herbicide product 2,4D amine 625 must be defined in the 'herbicideProductData' table in '.../sgr_data/data'"
STREATHAM_S2.2_BUFFER_R3,"('name',)",value_error,"Value error, Herbicide product 2,4D amine 625 must be defined in the 'herbicideProductData' table in '.../sgr_data/data'"
STREATHAM_S1.2_BUFFER_R3,"('name',)",value_error,"Value error, Herbicide product 2,4D amine 625 must be defined in the 'herbicideProductData' table in '.../sgr_data/data'"
STREATHAM_S1.2_P1212_R3,"('name',)",value_error,"Value error, Herbicide product 2,4D amine 625 must be defined in the 'herbicideProductData' table in '.../sgr_data/data'"
STREATHAM_S1.2_BUFFER_R3,"('name',)",value_error,"Value error, Herbicide product 2,4D amine 625 must be defined in the 'herbicideProductData' table in '.../sgr_data/data'"
STREATHAM_S2.3_BUFFER_R3,"('name',)",value_error,"Value error, Herbicide product 2,4D amine 625 must be defined in the 'herbicideProductData' table in '.../sgr_data/data'"
STREATHAM_S2.3_P3412_R3,"('name',)",value_error,"Value error, Herbicide product 2,4D amine 625 must be defined in the 'herbicideProductData' table in '.../sgr_data/data'"
STREATHAM_S2.3_BUFFER_R3,"('name',)",value_error,"Value error, Herbicide product 2,4D amine 625 must be defined in the 'herbicideProductData' table in '.../sgr_data/data'"
STREATHAM_S1.1_BUFFER_R3,"('name',)",value_error,"Value error, Herbicide product 2,4D amine 625 must be defined in the 'herbicideProductData' table in '.../sgr_data/data'"
STREATHAM_S1.1_P1212_R3,"('name',)",value_error,"Value error, Herbicide product 2,4D amine 625 must be defined in the 'herbicideProductData' table in '.../sgr_data/data'"
STREATHAM_S1.1_BUFFER_R3,"('name',)",value_error,"Value error, Herbicide product 2,4D amine 625 must be defined in the 'herbicideProductData' table in '.../sgr_data/data'"
STREATHAM_S6.1_BUFFER_R3,"('name',)",value_error,"Value error, Herbicide product 2,4D amine 625 must be defined in the 'herbicideProductData' table in '.../sgr_data/data'"
STREATHAM_S6.1_P2312_R3,"('name',)",value_error,"Value error, Herbicide product 2,4D amine 625 must be defined in the 'herbicideProductData' table in '.../sgr_data/data'"
STREATHAM_S6.1_BUFFER_R3,"('name',)",value_error,"Value error, Herbicide product 2,4D amine 625 must be defined in the 'herbicideProductData' table in '.../sgr_data/data'"
STREATHAM_S7_BUFFER_R3,"('name',)",value_error,"Value error, Herbicide product 2,4D amine 625 must be defined in the 'herbicideProductData' table in '.../sgr_data/data'"
STREATHAM_S7_P3412_R3,"('name',)",value_error,"Value error, Herbicide product 2,4D amine 625 must be defined in the 'herbicideProductData' table in '.../sgr_data/data'"
STREATHAM_S7_BUFFER_R3,"('name',)",value_error,"Value error, Herbicide product 2,4D amine 625 must be defined in the 'herbicideProductData' table in '.../sgr_data/data'"
STREATHAM_S6.2_BUFFER_R3,"('name',)",value_error,"Value error, Herbicide product 2,4D amine 625 must be defined in the 'herbicideProductData' table in '.../sgr_data/data'"
STREATHAM_S6.2_P2312_R3,"('name',)",value_error,"Value error, Herbicide product 2,4D amine 625 must be defined in the 'herbicideProductData' table in '.../sgr_data/data'"
STREATHAM_S6.2_BUFFER_R3,"('name',)",value_error,"Value error, Herbicide product 2,4D amine 625 must be defined in the 'herbicideProductData' table in '.../sgr_data/data'"
STREATHAM_S1.3_BUFFER_R3,"('name',)",value_error,"Value error, Herbicide product 2,4D amine 625 must be defined in the 'herbicideProductData' table in '.../sgr_data/data'"
STREATHAM_S1.3_P1212_R3,"('name',)",value_error,"Value error, Herbicide product 2,4D amine 625 must be defined in the 'herbicideProductData' table in '.../sgr_data/data'"
STREATHAM_S1.3_BUFFER_R3,"('name',)",value_error,"Value error, Herbicide product 2,4D amine 625 must be defined in the 'herbicideProductData' table in '.../sgr_data/data'"
STREATHAM_S3_BUFFER_R3,"('name',)",value_error,"Value error, Herbicide product 2,4D amine 625 must be defined in the 'herbicideProductData' table in '.../sgr_data/data'"
STREATHAM_S3_P1234_R3,"('name',)",value_error,"Value error, Herbicide product 2,4D amine 625 must be defined in the 'herbicideProductData' table in '.../sgr_data/data'"
STREATHAM_S3_BUFFER_R3,"('name',)",value_error,"Value error, Herbicide product 2,4D amine 625 must be defined in the 'herbicideProductData' table in '.../sgr_data/data'"
STREATHAM_S2.4_BUFFER_R3,"('name',)",value_error,"Value error, Herbicide product 2,4D amine 625 must be defined in the 'herbicideProductData' table in '.../sgr_data/data'"
STREATHAM_S2.4_P3412_R3,"('name',)",value_error,"Value error, Herbicide product 2,4D amine 625 must be defined in the 'herbicideProductData' table in '.../sgr_data/data'"
STREATHAM_S2.4_BUFFER_R3,"('name',)",value_error,"Value error, Herbicide product 2,4D amine 625 must be defined in the 'herbicideProductData' table in '.../sgr_data/data'"
STREATHAM_S5_BUFFER_R3,"('name',)",value_error,"Value error, Herbicide product 2,4D amine 625 must be defined in the 'herbicideProductData' table in '.../sgr_data/data'"
STREATHAM_S5_P1231_R3,"('name',)",value_error,"Value error, Herbicide product 2,4D amine 625 must be defined in the 'herbicideProductData' table in '.../sgr_data/data'"
STREATHAM_S5_BUFFER_R3,"('name',)",value_error,"Value error, Herbicide product 2,4D amine 625 must be defined in the 'herbicideProductData' table in '.../sgr_data/data'"
STREATHAM_S9.2_BUFFER_R3,"('name',)",value_error,"Value error, Herbicide product 2,4D amine 625 must be defined in the 'herbicideProductData' table in '.../sgr_data/data'"
STREATHAM_S9.2_P1212_R3,"('name',)",value_error,"Value error, Herbicide product 2,4D amine 625 must be defined in the 'herbicideProductData' table in '.../sgr_data/data'"
STREATHAM_S9.2_BUFFER_R3,"('name',)",value_error,"Value error, Herbicide product 2,4D amine 625 must be defined in the 'herbicideProductData' table in '.../sgr_data/data'"
STREATHAM_S9.1_BUFFER_R3,"('name',)",value_error,"Value error, Herbicide product 2,4D amine 625 must be defined in the 'herbicideProductData' table in '.../sgr_data/data'"
STREATHAM_S9.1_P1212_R3,"('name',)",value_error,"Value error, Herbicide product 2,4D amine 625 must be defined in the 'herbicideProductData' table in '.../sgr_data/data'"
STREATHAM_S9.1_BUFFER_R3,"('name',)",value_error,"Value error, Herbicide product 2,4D amine 625 must be defined in the 'herbicideProductData' table in '.../sgr_data/data'"
STREATHAM_S1.4_BUFFER_R3,"('name',)",value_error,"Value error, Herbicide product 2,4D amine 625 must be defined in the 'herbicideProductData' table in '.../sgr_data/data'"
STREATHAM_S1.4_P1212_R3,"('name',)",value_error,"Value error, Herbicide product 2,4D amine 625 must be defined in the 'herbicideProductData' table in '.../sgr_data/data'"
STREATHAM_S1.4_BUFFER_R3,"('name',)",value_error,"Value error, Herbicide product 2,4D amine 625 must be defined in the 'herbicideProductData' table in '.../sgr_data/data'"
STREATHAM_S8_BUFFER_R3,"('name',)",value_error,"Value error, Herbicide product 2,4D amine 625 must be defined in the 'herbicideProductData' table in '.../sgr_data/data'"
STREATHAM_S8_P2312_R3,"('name',)",value_error,"Value error, Herbicide product 2,4D amine 625 must be defined in the 'herbicideProductData' table in '.../sgr_data/data'"
STREATHAM_S8_BUFFER_R3,"('name',)",value_error,"Value error, Herbicide product 2,4D amine 625 must be defined in the 'herbicideProductData' table in '.../sgr_data/data'"
STREATHAM_S4_BUFFER_R3,"('name',)",value_error,"Value error, Herbicide product 2,4D amine 625 must be defined in the 'herbicideProductData' table in '.../sgr_data/data'"
STREATHAM_S4_P2312_R3,"('name',)",value_error,"Value error, Herbicide product 2,4D amine 625 must be defined in the 'herbicideProductData' table in '.../sgr_data/data'"
STREATHAM_S4_BUFFER_R3,"('name',)",value_error,"Value error, Herbicide product 2,4D amine 625 must be defined in the 'herbicideProductData' table in '.../sgr_data/data'"
STREATHAM_S2.1_BUFFER_R3,"('name',)",value_error,"Value error, Herbicide product 2,4D amine 625 must be defined in the 'herbicideProductData' table in '.../sgr_data/data'"
STREATHAM_S2.1_P3412_R3,"('name',)",value_error,"Value error, Herbicide product 2,4D amine 625 must be defined in the 'herbicideProductData' table in '.../sgr_data/data'"
STREATHAM_S2.1_BUFFER_R3,"('name',)",value_error,"Value error, Herbicide product 2,4D amine 625 must be defined in the 'herbicideProductData' table in '.../sgr_data/data'"
