plot,site,system_category
STREATHAM_S1.2_P1212_R3,STREATHAM,Baseline (TOS1 & Mid N)
STREATHAM_S6.2_P1231_R1,STREATHAM,Pasture 1/3 (PastMix2)
STREATHAM_S4_P1231_R3,STREATHAM,Hay
STREATHAM_S13_P0000_R8,STREATHAM,Responsive: Persistent pasture
STREATHAM_S13_P0000_R7,STREATHAM,Responsive: Persistent pasture
STREATHAM_S5_P3123_R2,STREATHAM,More cereals
STREATHAM_S2.3_P2341_R3,STREATHAM,Pulse-canola (TOS2 & Mid N)
STREATHAM_S2.3_P4123_R1,STREATHAM,Pulse-canola (TOS2 & Mid N)
STREATHAM_S2.3_P3412_R3,STREATHAM,Pulse-canola (TOS2 & Mid N)
STREATHAM_S2.1_P4123_R1,STREATHAM,Pulse-canola (TOS1 & Low N)
STREATHAM_S6.1_P1231_R3,STREATHAM,Pasture 1/3 (PastMix1)
STREATHAM_S12_P0000_R9,STREATHAM,Responsive: Enhance soil health
STREATHAM_S2.2_P2341_R3,STREATHAM,Pulse-canola (TOS1 & Mid N)
STREATHAM_S7_P2341_R3,STREATHAM,Pasture 2/4
STREATHAM_S6.1_P2312_R3,STREATHAM,Pasture 1/3 (PastMix1)
STREATHAM_S5_P2312_R1,STREATHAM,More cereals
STREATHAM_S11_P0000_R8,STREATHAM,Responsive: Adviser (risk-neutral)
STREATHAM_S5_P3123_R3,STREATHAM,More cereals
STREATHAM_S2.3_P4123_R2,STREATHAM,Pulse-canola (TOS2 & Mid N)
STREATHAM_S3_P2341_R3,STREATHAM,More pulses
STREATHAM_S4_P2312_R1,STREATHAM,Hay
STREATHAM_S5_P2312_R2,STREATHAM,More cereals
STREATHAM_S6.2_P2312_R2,STREATHAM,Pasture 1/3 (PastMix2)
STREATHAM_S8_P3123_R1,STREATHAM,Winter cover cropping
STREATHAM_S3_P3412_R1,STREATHAM,More pulses
STREATHAM_S4_P2312_R2,STREATHAM,Hay
STREATHAM_S3_P1234_R3,STREATHAM,More pulses
STREATHAM_S6.1_P2312_R2,STREATHAM,Pasture 1/3 (PastMix1)
STREATHAM_S7_P1234_R1,STREATHAM,Pasture 2/4
STREATHAM_S6.1_P3123_R1,STREATHAM,Pasture 1/3 (PastMix1)
STREATHAM_S12_P0000_R6,STREATHAM,Responsive: Enhance soil health
STREATHAM_S10_P2121_R3,STREATHAM,Companion cropping frequent
STREATHAM_S5_P2312_R3,STREATHAM,More cereals
STREATHAM_S2.1_P1234_R1,STREATHAM,Pulse-canola (TOS1 & Low N)
STREATHAM_S8_P2312_R2,STREATHAM,Winter cover cropping
STREATHAM_S2.2_P1234_R1,STREATHAM,Pulse-canola (TOS1 & Mid N)
STREATHAM_S9.3_P1212_R1,STREATHAM,Intercropping (Full N intercrop)
STREATHAM_S6.1_P1231_R2,STREATHAM,Pasture 1/3 (PastMix1)
STREATHAM_S4_P1231_R1,STREATHAM,Hay
STREATHAM_S8_P1231_R1,STREATHAM,Winter cover cropping
STREATHAM_S2.2_P1234_R3,STREATHAM,Pulse-canola (TOS1 & Mid N)
STREATHAM_S1.2_P2121_R1,STREATHAM,Baseline (TOS1 & Mid N)
STREATHAM_S13_P0000_R2,STREATHAM,Responsive: Persistent pasture
STREATHAM_S13_P0000_R6,STREATHAM,Responsive: Persistent pasture
STREATHAM_S6.1_P2312_R1,STREATHAM,Pasture 1/3 (PastMix1)
STREATHAM_S12_P0000_R1,STREATHAM,Responsive: Enhance soil health
STREATHAM_S9.1_P2121_R2,STREATHAM,Intercropping (Nil N intercrop)
STREATHAM_S2.4_P4123_R3,STREATHAM,Pulse-canola (TOS1 & High N)
STREATHAM_S4_P3123_R2,STREATHAM,Hay
STREATHAM_S1.1_P2121_R2,STREATHAM,Baseline (TOS1 & Low N)
STREATHAM_S1.3_P2121_R3,STREATHAM,Baseline (TOS2 & Mid N)
STREATHAM_S2.1_P3412_R3,STREATHAM,Pulse-canola (TOS1 & Low N)
STREATHAM_S11_P0000_R1,STREATHAM,Responsive: Adviser (risk-neutral)
STREATHAM_S4_P1231_R2,STREATHAM,Hay
STREATHAM_S6.1_P3123_R2,STREATHAM,Pasture 1/3 (PastMix1)
STREATHAM_S10_P1212_R2,STREATHAM,Companion cropping frequent
STREATHAM_S2.2_P4123_R2,STREATHAM,Pulse-canola (TOS1 & Mid N)
STREATHAM_S7_P1234_R3,STREATHAM,Pasture 2/4
STREATHAM_S9.3_P2121_R3,STREATHAM,Intercropping (Full N intercrop)
STREATHAM_S9.2_P2121_R2,STREATHAM,Intercropping (Half N intercrop)
STREATHAM_S8_P3123_R2,STREATHAM,Winter cover cropping
STREATHAM_S1.1_P1212_R2,STREATHAM,Baseline (TOS1 & Low N)
STREATHAM_S2.4_P3412_R1,STREATHAM,Pulse-canola (TOS1 & High N)
STREATHAM_S1.3_P2121_R2,STREATHAM,Baseline (TOS2 & Mid N)
STREATHAM_S2.3_P1234_R1,STREATHAM,Pulse-canola (TOS2 & Mid N)
STREATHAM_S2.1_P2341_R2,STREATHAM,Pulse-canola (TOS1 & Low N)
STREATHAM_S10_P1212_R3,STREATHAM,Companion cropping frequent
STREATHAM_S1.3_P1212_R2,STREATHAM,Baseline (TOS2 & Mid N)
STREATHAM_S6.1_P3123_R3,STREATHAM,Pasture 1/3 (PastMix1)
STREATHAM_S2.1_P4123_R2,STREATHAM,Pulse-canola (TOS1 & Low N)
STREATHAM_S13_P0000_R9,STREATHAM,Responsive: Persistent pasture
STREATHAM_S1.1_P1212_R3,STREATHAM,Baseline (TOS1 & Low N)
STREATHAM_S11_P0000_R7,STREATHAM,Responsive: Adviser (risk-neutral)
STREATHAM_S9.3_P1212_R2,STREATHAM,Intercropping (Full N intercrop)
STREATHAM_S3_P2341_R1,STREATHAM,More pulses
STREATHAM_S2.2_P3412_R3,STREATHAM,Pulse-canola (TOS1 & Mid N)
STREATHAM_S8_P2312_R1,STREATHAM,Winter cover cropping
STREATHAM_S11_P0000_R9,STREATHAM,Responsive: Adviser (risk-neutral)
STREATHAM_S1.2_P2121_R2,STREATHAM,Baseline (TOS1 & Mid N)
STREATHAM_S13_P0000_R3,STREATHAM,Responsive: Persistent pasture
STREATHAM_S9.3_P2121_R1,STREATHAM,Intercropping (Full N intercrop)
STREATHAM_S3_P4123_R3,STREATHAM,More pulses
STREATHAM_S11_P0000_R5,STREATHAM,Responsive: Adviser (risk-neutral)
STREATHAM_S3_P1234_R2,STREATHAM,More pulses
STREATHAM_S6.2_P1231_R2,STREATHAM,Pasture 1/3 (PastMix2)
STREATHAM_S12_P0000_R4,STREATHAM,Responsive: Enhance soil health
STREATHAM_S9.1_P2121_R3,STREATHAM,Intercropping (Nil N intercrop)
STREATHAM_S13_P0000_R1,STREATHAM,Responsive: Persistent pasture
STREATHAM_S9.2_P1212_R1,STREATHAM,Intercropping (Half N intercrop)
STREATHAM_S2.4_P3412_R2,STREATHAM,Pulse-canola (TOS1 & High N)
STREATHAM_S6.2_P3123_R3,STREATHAM,Pasture 1/3 (PastMix2)
STREATHAM_S12_P0000_R7,STREATHAM,Responsive: Enhance soil health
STREATHAM_S2.1_P2341_R3,STREATHAM,Pulse-canola (TOS1 & Low N)
STREATHAM_S9.2_P2121_R3,STREATHAM,Intercropping (Half N intercrop)
STREATHAM_S2.4_P1234_R1,STREATHAM,Pulse-canola (TOS1 & High N)
STREATHAM_S2.4_P2341_R3,STREATHAM,Pulse-canola (TOS1 & High N)
STREATHAM_S1.1_P1212_R1,STREATHAM,Baseline (TOS1 & Low N)
STREATHAM_S11_P0000_R3,STREATHAM,Responsive: Adviser (risk-neutral)
STREATHAM_S2.4_P4123_R2,STREATHAM,Pulse-canola (TOS1 & High N)
STREATHAM_S1.3_P1212_R1,STREATHAM,Baseline (TOS2 & Mid N)
STREATHAM_S6.2_P3123_R1,STREATHAM,Pasture 1/3 (PastMix2)
STREATHAM_S2.4_P2341_R2,STREATHAM,Pulse-canola (TOS1 & High N)
STREATHAM_S6.1_P1231_R1,STREATHAM,Pasture 1/3 (PastMix1)
STREATHAM_S7_P4123_R3,STREATHAM,Pasture 2/4
STREATHAM_S9.1_P1212_R2,STREATHAM,Intercropping (Nil N intercrop)
STREATHAM_S12_P0000_R3,STREATHAM,Responsive: Enhance soil health
STREATHAM_S2.2_P3412_R2,STREATHAM,Pulse-canola (TOS1 & Mid N)
STREATHAM_S9.2_P1212_R2,STREATHAM,Intercropping (Half N intercrop)
STREATHAM_S8_P1231_R3,STREATHAM,Winter cover cropping
STREATHAM_S13_P0000_R4,STREATHAM,Responsive: Persistent pasture
STREATHAM_S3_P4123_R1,STREATHAM,More pulses
STREATHAM_S1.1_P2121_R1,STREATHAM,Baseline (TOS1 & Low N)
STREATHAM_S5_P3123_R1,STREATHAM,More cereals
STREATHAM_S9.1_P1212_R1,STREATHAM,Intercropping (Nil N intercrop)
STREATHAM_S2.4_P2341_R1,STREATHAM,Pulse-canola (TOS1 & High N)
STREATHAM_S2.3_P1234_R2,STREATHAM,Pulse-canola (TOS2 & Mid N)
STREATHAM_S3_P1234_R1,STREATHAM,More pulses
STREATHAM_S1.4_P1212_R2,STREATHAM,Baseline (TOS1 & High N)
STREATHAM_S9.2_P1212_R3,STREATHAM,Intercropping (Half N intercrop)
STREATHAM_S7_P1234_R2,STREATHAM,Pasture 2/4
STREATHAM_S2.4_P3412_R3,STREATHAM,Pulse-canola (TOS1 & High N)
STREATHAM_S10_P2121_R1,STREATHAM,Companion cropping frequent
STREATHAM_S11_P0000_R4,STREATHAM,Responsive: Adviser (risk-neutral)
STREATHAM_S2.1_P2341_R1,STREATHAM,Pulse-canola (TOS1 & Low N)
STREATHAM_S5_P1231_R1,STREATHAM,More cereals
STREATHAM_S5_P1231_R2,STREATHAM,More cereals
STREATHAM_S2.1_P1234_R2,STREATHAM,Pulse-canola (TOS1 & Low N)
STREATHAM_S7_P3412_R2,STREATHAM,Pasture 2/4
STREATHAM_S12_P0000_R5,STREATHAM,Responsive: Enhance soil health
STREATHAM_S5_P1231_R3,STREATHAM,More cereals
STREATHAM_S2.3_P2341_R1,STREATHAM,Pulse-canola (TOS2 & Mid N)
STREATHAM_S2.4_P1234_R3,STREATHAM,Pulse-canola (TOS1 & High N)
STREATHAM_S10_P1212_R1,STREATHAM,Companion cropping frequent
STREATHAM_S3_P4123_R2,STREATHAM,More pulses
STREATHAM_S1.1_P2121_R3,STREATHAM,Baseline (TOS1 & Low N)
STREATHAM_S4_P3123_R1,STREATHAM,Hay
STREATHAM_S2.2_P1234_R2,STREATHAM,Pulse-canola (TOS1 & Mid N)
STREATHAM_S1.3_P2121_R1,STREATHAM,Baseline (TOS2 & Mid N)
STREATHAM_S4_P3123_R3,STREATHAM,Hay
STREATHAM_S2.2_P3412_R1,STREATHAM,Pulse-canola (TOS1 & Mid N)
STREATHAM_S1.2_P1212_R2,STREATHAM,Baseline (TOS1 & Mid N)
STREATHAM_S1.3_P1212_R3,STREATHAM,Baseline (TOS2 & Mid N)
STREATHAM_S6.2_P2312_R3,STREATHAM,Pasture 1/3 (PastMix2)
STREATHAM_S6.2_P3123_R2,STREATHAM,Pasture 1/3 (PastMix2)
STREATHAM_S9.1_P1212_R3,STREATHAM,Intercropping (Nil N intercrop)
STREATHAM_S2.1_P4123_R3,STREATHAM,Pulse-canola (TOS1 & Low N)
STREATHAM_S4_P2312_R3,STREATHAM,Hay
STREATHAM_S10_P2121_R2,STREATHAM,Companion cropping frequent
STREATHAM_S7_P3412_R1,STREATHAM,Pasture 2/4
STREATHAM_S12_P0000_R8,STREATHAM,Responsive: Enhance soil health
STREATHAM_S3_P3412_R3,STREATHAM,More pulses
STREATHAM_S7_P2341_R2,STREATHAM,Pasture 2/4
STREATHAM_S7_P2341_R1,STREATHAM,Pasture 2/4
STREATHAM_S1.4_P1212_R1,STREATHAM,Baseline (TOS1 & High N)
STREATHAM_S2.3_P3412_R1,STREATHAM,Pulse-canola (TOS2 & Mid N)
STREATHAM_S2.3_P1234_R3,STREATHAM,Pulse-canola (TOS2 & Mid N)
STREATHAM_S9.1_P2121_R1,STREATHAM,Intercropping (Nil N intercrop)
STREATHAM_S2.1_P3412_R1,STREATHAM,Pulse-canola (TOS1 & Low N)
STREATHAM_S7_P3412_R3,STREATHAM,Pasture 2/4
STREATHAM_S3_P2341_R2,STREATHAM,More pulses
STREATHAM_S2.2_P2341_R1,STREATHAM,Pulse-canola (TOS1 & Mid N)
STREATHAM_S8_P1231_R2,STREATHAM,Winter cover cropping
STREATHAM_S1.4_P2121_R3,STREATHAM,Baseline (TOS1 & High N)
STREATHAM_S11_P0000_R6,STREATHAM,Responsive: Adviser (risk-neutral)
STREATHAM_S7_P4123_R1,STREATHAM,Pasture 2/4
STREATHAM_S2.2_P4123_R1,STREATHAM,Pulse-canola (TOS1 & Mid N)
STREATHAM_S11_P0000_R2,STREATHAM,Responsive: Adviser (risk-neutral)
STREATHAM_S2.3_P3412_R2,STREATHAM,Pulse-canola (TOS2 & Mid N)
STREATHAM_S3_P3412_R2,STREATHAM,More pulses
STREATHAM_S6.2_P1231_R3,STREATHAM,Pasture 1/3 (PastMix2)
STREATHAM_S2.3_P2341_R2,STREATHAM,Pulse-canola (TOS2 & Mid N)
STREATHAM_S9.2_P2121_R1,STREATHAM,Intercropping (Half N intercrop)
STREATHAM_S1.4_P2121_R1,STREATHAM,Baseline (TOS1 & High N)
STREATHAM_S1.4_P1212_R3,STREATHAM,Baseline (TOS1 & High N)
STREATHAM_S12_P0000_R2,STREATHAM,Responsive: Enhance soil health
STREATHAM_S1.2_P2121_R3,STREATHAM,Baseline (TOS1 & Mid N)
STREATHAM_S2.4_P1234_R2,STREATHAM,Pulse-canola (TOS1 & High N)
STREATHAM_S2.1_P1234_R3,STREATHAM,Pulse-canola (TOS1 & Low N)
STREATHAM_S9.3_P2121_R2,STREATHAM,Intercropping (Full N intercrop)
STREATHAM_S1.4_P2121_R2,STREATHAM,Baseline (TOS1 & High N)
STREATHAM_S7_P4123_R2,STREATHAM,Pasture 2/4
STREATHAM_S6.2_P2312_R1,STREATHAM,Pasture 1/3 (PastMix2)
STREATHAM_S2.1_P3412_R2,STREATHAM,Pulse-canola (TOS1 & Low N)
STREATHAM_S2.2_P4123_R3,STREATHAM,Pulse-canola (TOS1 & Mid N)
STREATHAM_S9.3_P1212_R3,STREATHAM,Intercropping (Full N intercrop)
STREATHAM_S8_P2312_R3,STREATHAM,Winter cover cropping
STREATHAM_S2.4_P4123_R1,STREATHAM,Pulse-canola (TOS1 & High N)
STREATHAM_S2.2_P2341_R2,STREATHAM,Pulse-canola (TOS1 & Mid N)
STREATHAM_S1.2_P1212_R1,STREATHAM,Baseline (TOS1 & Mid N)
STREATHAM_S13_P0000_R5,STREATHAM,Responsive: Persistent pasture
STREATHAM_S8_P3123_R3,STREATHAM,Winter cover cropping
STREATHAM_S2.3_P4123_R3,STREATHAM,Pulse-canola (TOS2 & Mid N)
MANANG_S1.2_P2312_R2,MANANG,Baseline (Dec 5 N)
MANANG_S1.2_P3123_R2,MANANG,Baseline (Dec 5 N)
MANANG_S11_P1212_R3,MANANG,Companion cropping frequent
MANANG_S10.2_P3123_R1,MANANG,Companion cropping (Dec 5 N ntercrop)
MANANG_S8.1_P3123_R1,MANANG,Winter cover cropping (Early TOT)
MANANG_S7_P1231_R3,MANANG,Fallow
MANANG_S1.1_P3123_R1,MANANG,Baseline (SDP N)
MANANG_S8.2_P3123_R3,MANANG,Winter cover cropping (Late TOT)
MANANG_S10.2_P2312_R3,MANANG,Companion cropping (Dec 5 N ntercrop)
MANANG_S1.2_P1231_R2,MANANG,Baseline (Dec 5 N)
MANANG_S9_P3123_R2,MANANG,Hay
MANANG_S12_P0000_R1,MANANG,Responsive: Adviser (risk-neutral)
MANANG_S1.3_P3123_R2,MANANG,Baseline (Dec 9 N)
MANANG_S10.1_P1231_R2,MANANG,Companion cropping (Nil N intercrop)
MANANG_S11_P1212_R2,MANANG,Companion cropping frequent
MANANG_S1.1_P3123_R3,MANANG,Baseline (SDP N)
MANANG_S11_P2121_R3,MANANG,Companion cropping frequent
MANANG_S1.1_P2312_R1,MANANG,Baseline (SDP N)
MANANG_S1.1_P1231_R1,MANANG,Baseline (SDP N)
MANANG_S3_P1231_R2,MANANG,Pulse on pulse
MANANG_S12_P0000_R6,MANANG,Responsive: Adviser (risk-neutral)
MANANG_S7_P1231_R2,MANANG,Fallow
MANANG_S10.1_P3123_R3,MANANG,Companion cropping (Nil N intercrop)
MANANG_S8.1_P1231_R3,MANANG,Winter cover cropping (Early TOT)
MANANG_S5_P3412_R1,MANANG,More cereals
MANANG_S10.1_P1231_R1,MANANG,Companion cropping (Nil N intercrop)
MANANG_S7_P3123_R2,MANANG,Fallow
MANANG_S13_P0000_R9,MANANG,Responsive: N bank
MANANG_S1.1_P1231_R2,MANANG,Baseline (SDP N)
MANANG_S7_P2312_R3,MANANG,Fallow
MANANG_S5_P1234_R1,MANANG,More cereals
MANANG_S3_P1231_R3,MANANG,Pulse on pulse
MANANG_S4_P4123_R2,MANANG,Pulse-canola
MANANG_S5_P1234_R3,MANANG,More cereals
MANANG_S8.2_P2312_R2,MANANG,Winter cover cropping (Late TOT)
MANANG_S9_P2312_R1,MANANG,Hay
MANANG_S6_P1111_R5,MANANG,Continous wheat
MANANG_S12_P0000_R3,MANANG,Responsive: Adviser (risk-neutral)
MANANG_S5_P4123_R3,MANANG,More cereals
MANANG_S10.2_P1231_R3,MANANG,Companion cropping (Dec 5 N ntercrop)
MANANG_S1.3_P3123_R1,MANANG,Baseline (Dec 9 N)
MANANG_S1.3_P1231_R1,MANANG,Baseline (Dec 9 N)
MANANG_S10.1_P1231_R3,MANANG,Companion cropping (Nil N intercrop)
MANANG_S4_P1234_R1,MANANG,Pulse-canola
MANANG_S8.1_P3123_R2,MANANG,Winter cover cropping (Early TOT)
MANANG_S10.2_P3123_R3,MANANG,Companion cropping (Dec 5 N ntercrop)
MANANG_S9_P1231_R2,MANANG,Hay
MANANG_S7_P2312_R1,MANANG,Fallow
MANANG_S5_P1234_R2,MANANG,More cereals
MANANG_S5_P4123_R1,MANANG,More cereals
MANANG_S8.1_P2312_R3,MANANG,Winter cover cropping (Early TOT)
MANANG_S13_P0000_R1,MANANG,Responsive: N bank
MANANG_S3_P3123_R1,MANANG,Pulse on pulse
MANANG_S6_P1111_R2,MANANG,Continous wheat
MANANG_S1.1_P1231_R3,MANANG,Baseline (SDP N)
MANANG_S10.2_P1231_R1,MANANG,Companion cropping (Dec 5 N ntercrop)
MANANG_S9_P1231_R3,MANANG,Hay
MANANG_S9_P3123_R1,MANANG,Hay
MANANG_S2_P1212_R2,MANANG,More pulses
MANANG_S8.2_P1231_R2,MANANG,Winter cover cropping (Late TOT)
MANANG_S1.3_P1231_R3,MANANG,Baseline (Dec 9 N)
MANANG_S10.2_P1231_R2,MANANG,Companion cropping (Dec 5 N ntercrop)
MANANG_S1.2_P1231_R3,MANANG,Baseline (Dec 5 N)
MANANG_S8.2_P2312_R1,MANANG,Winter cover cropping (Late TOT)
MANANG_S11_P2121_R1,MANANG,Companion cropping frequent
MANANG_S10.2_P3123_R2,MANANG,Companion cropping (Dec 5 N ntercrop)
MANANG_S1.1_P3123_R2,MANANG,Baseline (SDP N)
MANANG_S5_P2341_R3,MANANG,More cereals
MANANG_S8.2_P3123_R1,MANANG,Winter cover cropping (Late TOT)
MANANG_S10.1_P3123_R2,MANANG,Companion cropping (Nil N intercrop)
MANANG_S8.1_P1231_R2,MANANG,Winter cover cropping (Early TOT)
MANANG_S1.1_P2312_R2,MANANG,Baseline (SDP N)
MANANG_S3_P1231_R1,MANANG,Pulse on pulse
MANANG_S5_P3412_R2,MANANG,More cereals
MANANG_S3_P2312_R2,MANANG,Pulse on pulse
MANANG_S7_P3123_R3,MANANG,Fallow
MANANG_S1.2_P2312_R3,MANANG,Baseline (Dec 5 N)
MANANG_S4_P3412_R1,MANANG,Pulse-canola
MANANG_S4_P4123_R1,MANANG,Pulse-canola
MANANG_S4_P2341_R2,MANANG,Pulse-canola
MANANG_S8.1_P1231_R1,MANANG,Winter cover cropping (Early TOT)
MANANG_S4_P1234_R2,MANANG,Pulse-canola
MANANG_S13_P0000_R6,MANANG,Responsive: N bank
MANANG_S4_P4123_R3,MANANG,Pulse-canola
MANANG_S5_P3412_R3,MANANG,More cereals
MANANG_S1.3_P3123_R3,MANANG,Baseline (Dec 9 N)
MANANG_S6_P1111_R1,MANANG,Continous wheat
MANANG_S3_P3123_R2,MANANG,Pulse on pulse
MANANG_S3_P2312_R1,MANANG,Pulse on pulse
MANANG_S12_P0000_R7,MANANG,Responsive: Adviser (risk-neutral)
MANANG_S8.2_P1231_R1,MANANG,Winter cover cropping (Late TOT)
MANANG_S4_P1234_R3,MANANG,Pulse-canola
MANANG_S8.2_P2312_R3,MANANG,Winter cover cropping (Late TOT)
MANANG_S10.2_P2312_R1,MANANG,Companion cropping (Dec 5 N ntercrop)
MANANG_S6_P1111_R4,MANANG,Continous wheat
MANANG_S4_P2341_R1,MANANG,Pulse-canola
MANANG_S12_P0000_R9,MANANG,Responsive: Adviser (risk-neutral)
MANANG_S3_P3123_R3,MANANG,Pulse on pulse
MANANG_S1.2_P2312_R1,MANANG,Baseline (Dec 5 N)
MANANG_S1.3_P2312_R1,MANANG,Baseline (Dec 9 N)
MANANG_S8.1_P3123_R3,MANANG,Winter cover cropping (Early TOT)
MANANG_S1.3_P2312_R2,MANANG,Baseline (Dec 9 N)
MANANG_S8.1_P2312_R2,MANANG,Winter cover cropping (Early TOT)
MANANG_S12_P0000_R5,MANANG,Responsive: Adviser (risk-neutral)
MANANG_S5_P2341_R2,MANANG,More cereals
MANANG_S7_P2312_R2,MANANG,Fallow
MANANG_S4_P2341_R3,MANANG,Pulse-canola
MANANG_S9_P2312_R3,MANANG,Hay
MANANG_S1.3_P2312_R3,MANANG,Baseline (Dec 9 N)
MANANG_S10.2_P2312_R2,MANANG,Companion cropping (Dec 5 N ntercrop)
MANANG_S10.1_P2312_R3,MANANG,Companion cropping (Nil N intercrop)
MANANG_S11_P1212_R1,MANANG,Companion cropping frequent
MANANG_S9_P1231_R1,MANANG,Hay
MANANG_S13_P0000_R5,MANANG,Responsive: N bank
MANANG_S2_P1212_R3,MANANG,More pulses
MANANG_S1.2_P3123_R1,MANANG,Baseline (Dec 5 N)
MANANG_S12_P0000_R2,MANANG,Responsive: Adviser (risk-neutral)
MANANG_S6_P1111_R3,MANANG,Continous wheat
MANANG_S10.1_P3123_R1,MANANG,Companion cropping (Nil N intercrop)
MANANG_S12_P0000_R4,MANANG,Responsive: Adviser (risk-neutral)
MANANG_S7_P3123_R1,MANANG,Fallow
MANANG_S4_P3412_R2,MANANG,Pulse-canola
MANANG_S13_P0000_R7,MANANG,Responsive: N bank
MANANG_S13_P0000_R4,MANANG,Responsive: N bank
MANANG_S2_P2121_R3,MANANG,More pulses
MANANG_S1.1_P2312_R3,MANANG,Baseline (SDP N)
MANANG_S5_P2341_R1,MANANG,More cereals
MANANG_S4_P3412_R3,MANANG,Pulse-canola
MANANG_S9_P3123_R3,MANANG,Hay
MANANG_S8.1_P2312_R1,MANANG,Winter cover cropping (Early TOT)
MANANG_S2_P2121_R2,MANANG,More pulses
MANANG_S13_P0000_R3,MANANG,Responsive: N bank
MANANG_S3_P2312_R3,MANANG,Pulse on pulse
MANANG_S1.2_P1231_R1,MANANG,Baseline (Dec 5 N)
MANANG_S10.1_P2312_R1,MANANG,Companion cropping (Nil N intercrop)
MANANG_S2_P2121_R1,MANANG,More pulses
MANANG_S12_P0000_R8,MANANG,Responsive: Adviser (risk-neutral)
MANANG_S8.2_P1231_R3,MANANG,Winter cover cropping (Late TOT)
MANANG_S8.2_P3123_R2,MANANG,Winter cover cropping (Late TOT)
MANANG_S9_P2312_R2,MANANG,Hay
MANANG_S13_P0000_R2,MANANG,Responsive: N bank
MANANG_S7_P1231_R1,MANANG,Fallow
MANANG_S1.3_P1231_R2,MANANG,Baseline (Dec 9 N)
MANANG_S2_P1212_R1,MANANG,More pulses
MANANG_S11_P2121_R2,MANANG,Companion cropping frequent
MANANG_S5_P4123_R2,MANANG,More cereals
MANANG_S13_P0000_R8,MANANG,Responsive: N bank
MANANG_S1.2_P3123_R3,MANANG,Baseline (Dec 5 N)
MANANG_S10.1_P2312_R2,MANANG,Companion cropping (Nil N intercrop)
MANANG_S6_P1111_R6,MANANG,Continous wheat
WALLUP_S1_P2312_R2,WALLUP,Baseline
WALLUP_S2_P1234_R3,WALLUP,Pulse-canola
WALLUP_S5_P0000_R2,WALLUP,Responsive: Adviser (risk-neutral)
WALLUP_S3_P2341_R2,WALLUP,Winter cover cropping
WALLUP_S2_P2341_R2,WALLUP,Pulse-canola
WALLUP_S2_P2341_R3,WALLUP,Pulse-canola
WALLUP_S1_P1231_R1,WALLUP,Baseline
WALLUP_S2_P4123_R1,WALLUP,Pulse-canola
WALLUP_S1_P3123_R1,WALLUP,Baseline
WALLUP_S4_P1231_R1,WALLUP,Companion cropping
WALLUP_S3_P3412_R3,WALLUP,Winter cover cropping
WALLUP_S3_P2341_R1,WALLUP,Winter cover cropping
WALLUP_S2_P3412_R2,WALLUP,Pulse-canola
WALLUP_S3_P1234_R1,WALLUP,Winter cover cropping
WALLUP_S1_P3123_R2,WALLUP,Baseline
WALLUP_S4_P2312_R3,WALLUP,Companion cropping
WALLUP_S6_P0000_R3,WALLUP,Responsive: N bank
WALLUP_S3_P1234_R3,WALLUP,Winter cover cropping
WALLUP_S1_P3123_R3,WALLUP,Baseline
WALLUP_S4_P3123_R3,WALLUP,Companion cropping
WALLUP_S1_P2312_R3,WALLUP,Baseline
WALLUP_S2_P2341_R1,WALLUP,Pulse-canola
WALLUP_S2_P1234_R2,WALLUP,Pulse-canola
WALLUP_S4_P1231_R3,WALLUP,Companion cropping
WALLUP_S2_P4123_R3,WALLUP,Pulse-canola
WALLUP_S1_P1231_R3,WALLUP,Baseline
WALLUP_S3_P3412_R1,WALLUP,Winter cover cropping
WALLUP_S3_P3412_R2,WALLUP,Winter cover cropping
WALLUP_S2_P4123_R2,WALLUP,Pulse-canola
WALLUP_S2_P3412_R3,WALLUP,Pulse-canola
WALLUP_S5_P0000_R3,WALLUP,Responsive: Adviser (risk-neutral)
WALLUP_S4_P3123_R2,WALLUP,Companion cropping
WALLUP_S2_P1234_R1,WALLUP,Pulse-canola
WALLUP_S3_P1234_R2,WALLUP,Winter cover cropping
WALLUP_S3_P4123_R1,WALLUP,Winter cover cropping
WALLUP_S3_P4123_R2,WALLUP,Winter cover cropping
WALLUP_S3_P4123_R3,WALLUP,Winter cover cropping
WALLUP_S4_P3123_R1,WALLUP,Companion cropping
WALLUP_S4_P1231_R2,WALLUP,Companion cropping
WALLUP_S4_P2312_R1,WALLUP,Companion cropping
WALLUP_S5_P0000_R1,WALLUP,Responsive: Adviser (risk-neutral)
WALLUP_S4_P2312_R2,WALLUP,Companion cropping
WALLUP_S2_P3412_R1,WALLUP,Pulse-canola
WALLUP_S1_P2312_R1,WALLUP,Baseline
WALLUP_S6_P0000_R1,WALLUP,Responsive: N bank
WALLUP_S3_P2341_R3,WALLUP,Winter cover cropping
WALLUP_S1_P1231_R2,WALLUP,Baseline
WALLUP_S6_P0000_R2,WALLUP,Responsive: N bank
EDILLILIE_S2.2_P2341_R3,EDILLILIE,Alternative pulse (Dec 7 N)
EDILLILIE_S2.2_P3412_R1,EDILLILIE,Alternative pulse (Dec 7 N)
EDILLILIE_S1.3_P2121_R1,EDILLILIE,Baseline (Dec 7 N)
EDILLILIE_S1.3_P2121_R3,EDILLILIE,Baseline (Dec 7 N)
EDILLILIE_S2.2_P3412_R2,EDILLILIE,Alternative pulse (Dec 7 N)
EDILLILIE_S2.2_P1234_R3,EDILLILIE,Alternative pulse (Dec 7 N)
EDILLILIE_S1.1_P1212_R1,EDILLILIE,Baseline (Std N)
EDILLILIE_S2.2_P4123_R2,EDILLILIE,Alternative pulse (Dec 7 N)
EDILLILIE_S2.2_P2341_R2,EDILLILIE,Alternative pulse (Dec 7 N)
EDILLILIE_S2.1_P4123_R1,EDILLILIE,Alternative pulse (Dec 2 N)
EDILLILIE_S3_P1234_R2,EDILLILIE,Pulse-canola
EDILLILIE_S3_P3412_R2,EDILLILIE,Pulse-canola
EDILLILIE_S2.2_P4123_R1,EDILLILIE,Alternative pulse (Dec 7 N)
EDILLILIE_S2.1_P2341_R3,EDILLILIE,Alternative pulse (Dec 2 N)
EDILLILIE_S1.3_P1212_R1,EDILLILIE,Baseline (Dec 7 N)
EDILLILIE_S1.2_P2121_R3,EDILLILIE,Baseline (Dec 2 N)
EDILLILIE_S1.1_P2121_R1,EDILLILIE,Baseline (Std N)
EDILLILIE_S3_P4123_R2,EDILLILIE,Pulse-canola
EDILLILIE_S3_P1234_R3,EDILLILIE,Pulse-canola
EDILLILIE_S1.3_P1212_R3,EDILLILIE,Baseline (Dec 7 N)
EDILLILIE_S3_P4123_R3,EDILLILIE,Pulse-canola
EDILLILIE_S1.1_P2121_R3,EDILLILIE,Baseline (Std N)
EDILLILIE_S2.2_P1234_R1,EDILLILIE,Alternative pulse (Dec 7 N)
EDILLILIE_S3_P1234_R1,EDILLILIE,Pulse-canola
EDILLILIE_S1.2_P2121_R1,EDILLILIE,Baseline (Dec 2 N)
EDILLILIE_S2.2_P1234_R2,EDILLILIE,Alternative pulse (Dec 7 N)
EDILLILIE_S1.2_P1212_R3,EDILLILIE,Baseline (Dec 2 N)
EDILLILIE_S3_P2341_R1,EDILLILIE,Pulse-canola
EDILLILIE_S3_P3412_R3,EDILLILIE,Pulse-canola
EDILLILIE_S1.1_P1212_R2,EDILLILIE,Baseline (Std N)
EDILLILIE_S1.2_P1212_R1,EDILLILIE,Baseline (Dec 2 N)
EDILLILIE_S1.2_P2121_R2,EDILLILIE,Baseline (Dec 2 N)
EDILLILIE_S1.3_P1212_R2,EDILLILIE,Baseline (Dec 7 N)
EDILLILIE_S3_P2341_R2,EDILLILIE,Pulse-canola
EDILLILIE_S3_P4123_R1,EDILLILIE,Pulse-canola
EDILLILIE_S2.2_P2341_R1,EDILLILIE,Alternative pulse (Dec 7 N)
EDILLILIE_S2.2_P3412_R3,EDILLILIE,Alternative pulse (Dec 7 N)
EDILLILIE_S2.2_P4123_R3,EDILLILIE,Alternative pulse (Dec 7 N)
EDILLILIE_S2.1_P4123_R2,EDILLILIE,Alternative pulse (Dec 2 N)
EDILLILIE_S2.1_P3412_R3,EDILLILIE,Alternative pulse (Dec 2 N)
EDILLILIE_S2.1_P3412_R2,EDILLILIE,Alternative pulse (Dec 2 N)
EDILLILIE_S1.2_P1212_R2,EDILLILIE,Baseline (Dec 2 N)
EDILLILIE_S2.1_P2341_R2,EDILLILIE,Alternative pulse (Dec 2 N)
EDILLILIE_S1.3_P2121_R2,EDILLILIE,Baseline (Dec 7 N)
EDILLILIE_S2.1_P1234_R1,EDILLILIE,Alternative pulse (Dec 2 N)
EDILLILIE_S3_P3412_R1,EDILLILIE,Pulse-canola
EDILLILIE_S2.1_P2341_R1,EDILLILIE,Alternative pulse (Dec 2 N)
EDILLILIE_S1.1_P2121_R2,EDILLILIE,Baseline (Std N)
EDILLILIE_S2.1_P1234_R3,EDILLILIE,Alternative pulse (Dec 2 N)
EDILLILIE_S2.1_P4123_R3,EDILLILIE,Alternative pulse (Dec 2 N)
EDILLILIE_S3_P2341_R3,EDILLILIE,Pulse-canola
EDILLILIE_S2.1_P1234_R2,EDILLILIE,Alternative pulse (Dec 2 N)
EDILLILIE_S2.1_P3412_R1,EDILLILIE,Alternative pulse (Dec 2 N)
EDILLILIE_S1.1_P1212_R3,EDILLILIE,Baseline (Std N)
WARRAMBINE_S4_P2312_R1,WARRAMBINE,Pasture 1/3
WARRAMBINE_S5_P3123_R1,WARRAMBINE,Winter cover cropping
WARRAMBINE_S3_P3123_R2,WARRAMBINE,Alternative pulse
WARRAMBINE_S5_P2312_R3,WARRAMBINE,Winter cover cropping
WARRAMBINE_S1_P1212_R1,WARRAMBINE,Baseline
WARRAMBINE_S5_P2312_R1,WARRAMBINE,Winter cover cropping
WARRAMBINE_S6_P0000_R3,WARRAMBINE,Responsive: Enhance soil health
WARRAMBINE_S4_P1231_R2,WARRAMBINE,Pasture 1/3
WARRAMBINE_S6_P0000_R2,WARRAMBINE,Responsive: Enhance soil health
WARRAMBINE_S1_P2121_R1,WARRAMBINE,Baseline
WARRAMBINE_S2_P2312_R3,WARRAMBINE,Pulse-canola
WARRAMBINE_S2_P1231_R1,WARRAMBINE,Pulse-canola
WARRAMBINE_S2_P3123_R3,WARRAMBINE,Pulse-canola
WARRAMBINE_S2_P1231_R2,WARRAMBINE,Pulse-canola
WARRAMBINE_S3_P3123_R1,WARRAMBINE,Alternative pulse
WARRAMBINE_S3_P2312_R2,WARRAMBINE,Alternative pulse
WARRAMBINE_S6_P0000_R1,WARRAMBINE,Responsive: Enhance soil health
WARRAMBINE_S5_P2312_R2,WARRAMBINE,Winter cover cropping
WARRAMBINE_S3_P2312_R3,WARRAMBINE,Alternative pulse
WARRAMBINE_S4_P3123_R1,WARRAMBINE,Pasture 1/3
WARRAMBINE_S1_P2121_R2,WARRAMBINE,Baseline
WARRAMBINE_S3_P2312_R1,WARRAMBINE,Alternative pulse
WARRAMBINE_S4_P3123_R3,WARRAMBINE,Pasture 1/3
WARRAMBINE_S4_P2312_R2,WARRAMBINE,Pasture 1/3
WARRAMBINE_S4_P3123_R2,WARRAMBINE,Pasture 1/3
WARRAMBINE_S3_P1231_R2,WARRAMBINE,Alternative pulse
WARRAMBINE_S5_P1231_R2,WARRAMBINE,Winter cover cropping
WARRAMBINE_S3_P1231_R3,WARRAMBINE,Alternative pulse
WARRAMBINE_S4_P1231_R1,WARRAMBINE,Pasture 1/3
WARRAMBINE_S1_P1212_R3,WARRAMBINE,Baseline
WARRAMBINE_S2_P3123_R1,WARRAMBINE,Pulse-canola
WARRAMBINE_S5_P1231_R1,WARRAMBINE,Winter cover cropping
WARRAMBINE_S5_P3123_R3,WARRAMBINE,Winter cover cropping
WARRAMBINE_S3_P3123_R3,WARRAMBINE,Alternative pulse
WARRAMBINE_S3_P1231_R1,WARRAMBINE,Alternative pulse
WARRAMBINE_S4_P1231_R3,WARRAMBINE,Pasture 1/3
WARRAMBINE_S2_P1231_R3,WARRAMBINE,Pulse-canola
WARRAMBINE_S7_P0000_R1,WARRAMBINE,Responsive: Adviser (risk-neutral)
WARRAMBINE_S1_P2121_R3,WARRAMBINE,Baseline
WARRAMBINE_S2_P2312_R1,WARRAMBINE,Pulse-canola
WARRAMBINE_S4_P2312_R3,WARRAMBINE,Pasture 1/3
WARRAMBINE_S5_P1231_R3,WARRAMBINE,Winter cover cropping
WARRAMBINE_S2_P3123_R2,WARRAMBINE,Pulse-canola
WARRAMBINE_S7_P0000_R2,WARRAMBINE,Responsive: Adviser (risk-neutral)
WARRAMBINE_S7_P0000_R3,WARRAMBINE,Responsive: Adviser (risk-neutral)
WARRAMBINE_S5_P3123_R2,WARRAMBINE,Winter cover cropping
WARRAMBINE_S2_P2312_R2,WARRAMBINE,Pulse-canola
WARRAMBINE_S1_P1212_R2,WARRAMBINE,Baseline
APPILA_S1_P1231_R2,APPILA,Baseline
APPILA_S3_P1234_R3,APPILA,Pulse-canola
APPILA_S4_P2312_R2,APPILA,Hay
APPILA_S3_P4123_R2,APPILA,Pulse-canola
APPILA_S6_P0000_R3,APPILA,Responsive: Adviser (risk-tolerant)
APPILA_S4_P3123_R1,APPILA,Hay
APPILA_S3_P2341_R2,APPILA,Pulse-canola
APPILA_S6_P0000_R1,APPILA,Responsive: Adviser (risk-tolerant)
APPILA_S3_P4123_R1,APPILA,Pulse-canola
APPILA_S6_P0000_R2,APPILA,Responsive: Adviser (risk-tolerant)
APPILA_S4_P1231_R3,APPILA,Hay
APPILA_S1_P2312_R1,APPILA,Baseline
APPILA_S4_P3123_R2,APPILA,Hay
APPILA_S4_P1231_R1,APPILA,Hay
APPILA_S3_P3412_R1,APPILA,Pulse-canola
APPILA_S1_P1231_R3,APPILA,Baseline
APPILA_S1_P3123_R2,APPILA,Baseline
APPILA_S2_P1212_R1,APPILA,More pulses
APPILA_S4_P2312_R3,APPILA,Hay
APPILA_S3_P3412_R2,APPILA,Pulse-canola
APPILA_S2_P1212_R2,APPILA,More pulses
APPILA_S3_P1234_R2,APPILA,Pulse-canola
APPILA_S3_P2341_R3,APPILA,Pulse-canola
APPILA_S3_P2341_R1,APPILA,Pulse-canola
APPILA_S1_P3123_R3,APPILA,Baseline
APPILA_S2_P2121_R1,APPILA,More pulses
APPILA_S5_P0000_R3,APPILA,Responsive: Adviser (risk-averse)
APPILA_S2_P2121_R2,APPILA,More pulses
APPILA_S2_P2121_R3,APPILA,More pulses
APPILA_S4_P3123_R3,APPILA,Hay
APPILA_S4_P2312_R1,APPILA,Hay
APPILA_S5_P0000_R1,APPILA,Responsive: Adviser (risk-averse)
APPILA_S3_P3412_R3,APPILA,Pulse-canola
APPILA_S1_P2312_R2,APPILA,Baseline
APPILA_S3_P1234_R1,APPILA,Pulse-canola
APPILA_S4_P1231_R2,APPILA,Hay
APPILA_S1_P3123_R1,APPILA,Baseline
APPILA_S3_P4123_R3,APPILA,Pulse-canola
APPILA_S1_P2312_R3,APPILA,Baseline
APPILA_S1_P1231_R1,APPILA,Baseline
APPILA_S2_P1212_R3,APPILA,More pulses
APPILA_S5_P0000_R2,APPILA,Responsive: Adviser (risk-averse)
KINNABULLA_S2.1_P1212_R2,KINNABULLA,More pulses (Dec 5 N)
KINNABULLA_S3_P2312_R3,KINNABULLA,Pulse on pulse
KINNABULLA_S11_P2312_R3,KINNABULLA,Mixed winter cover crop
KINNABULLA_S5_P2121_R2,KINNABULLA,Legume-barley
KINNABULLA_S11_P1231_R3,KINNABULLA,Mixed winter cover crop
KINNABULLA_S4_P3412_R3,KINNABULLA,Pulse-canola
KINNABULLA_S13_P0000_R2,KINNABULLA,Responsive: N bank
KINNABULLA_S13_P0000_R4,KINNABULLA,Responsive: N bank
KINNABULLA_S5_P2121_R3,KINNABULLA,Legume-barley
KINNABULLA_S10_P2312_R1,KINNABULLA,Alternative winter cover cropping
KINNABULLA_S11_P1231_R2,KINNABULLA,Mixed winter cover crop
KINNABULLA_S3_P1231_R3,KINNABULLA,Pulse on pulse
KINNABULLA_S8_P3123_R2,KINNABULLA,Fallow
KINNABULLA_S1.3_P3123_R3,KINNABULLA,Baseline (Dec 9 N)
KINNABULLA_S14_P0000_R6,KINNABULLA,Responsive: Less chemical inputs
KINNABULLA_S1.1_P1231_R2,KINNABULLA,Baseline (SDP N)
KINNABULLA_S1.2_P3123_R3,KINNABULLA,Baseline (Dec 5 N)
KINNABULLA_S9.1_P3123_R2,KINNABULLA,Winter cover cropping (Early TOT)
KINNABULLA_S1.2_P1231_R2,KINNABULLA,Baseline (Dec 5 N)
KINNABULLA_S7_P1111_R1,KINNABULLA,Continous wheat
KINNABULLA_S9.2_P2312_R3,KINNABULLA,Winter cover cropping (Late TOT)
KINNABULLA_S4_P4123_R1,KINNABULLA,Pulse-canola
KINNABULLA_S10_P2312_R2,KINNABULLA,Alternative winter cover cropping
KINNABULLA_S13_P0000_R9,KINNABULLA,Responsive: N bank
KINNABULLA_S10_P1231_R1,KINNABULLA,Alternative winter cover cropping
KINNABULLA_S10_P2312_R3,KINNABULLA,Alternative winter cover cropping
KINNABULLA_S3_P1231_R1,KINNABULLA,Pulse on pulse
KINNABULLA_S2.2_P2121_R2,KINNABULLA,More pulses (Dec 9 N)
KINNABULLA_S10_P1231_R2,KINNABULLA,Alternative winter cover cropping
KINNABULLA_S8_P1231_R1,KINNABULLA,Fallow
KINNABULLA_S4_P3412_R1,KINNABULLA,Pulse-canola
KINNABULLA_S8_P2312_R2,KINNABULLA,Fallow
KINNABULLA_S13_P0000_R1,KINNABULLA,Responsive: N bank
KINNABULLA_S10_P3123_R2,KINNABULLA,Alternative winter cover cropping
KINNABULLA_S5_P1212_R3,KINNABULLA,Legume-barley
KINNABULLA_S2.2_P1212_R3,KINNABULLA,More pulses (Dec 9 N)
KINNABULLA_S1.3_P1231_R1,KINNABULLA,Baseline (Dec 9 N)
KINNABULLA_S4_P2341_R1,KINNABULLA,Pulse-canola
KINNABULLA_S1.3_P3123_R2,KINNABULLA,Baseline (Dec 9 N)
KINNABULLA_S4_P3412_R2,KINNABULLA,Pulse-canola
KINNABULLA_S2.1_P1212_R1,KINNABULLA,More pulses (Dec 5 N)
KINNABULLA_S7_P1111_R2,KINNABULLA,Continous wheat
KINNABULLA_S3_P1231_R2,KINNABULLA,Pulse on pulse
KINNABULLA_S7_P1111_R4,KINNABULLA,Continous wheat
KINNABULLA_S12_P0000_R1,KINNABULLA,Responsive: Adviser (risk-neutral)
KINNABULLA_S10_P3123_R3,KINNABULLA,Alternative winter cover cropping
KINNABULLA_S1.2_P2312_R2,KINNABULLA,Baseline (Dec 5 N)
KINNABULLA_S12_P0000_R2,KINNABULLA,Responsive: Adviser (risk-neutral)
KINNABULLA_S1.1_P1231_R1,KINNABULLA,Baseline (SDP N)
KINNABULLA_S1.1_P3123_R3,KINNABULLA,Baseline (SDP N)
KINNABULLA_S11_P3123_R2,KINNABULLA,Mixed winter cover crop
KINNABULLA_S4_P1234_R2,KINNABULLA,Pulse-canola
KINNABULLA_S4_P1234_R1,KINNABULLA,Pulse-canola
KINNABULLA_S6_P2341_R2,KINNABULLA,More cereals
KINNABULLA_S8_P3123_R3,KINNABULLA,Fallow
KINNABULLA_S3_P2312_R1,KINNABULLA,Pulse on pulse
KINNABULLA_S3_P3123_R2,KINNABULLA,Pulse on pulse
KINNABULLA_S6_P4123_R3,KINNABULLA,More cereals
KINNABULLA_S1.1_P2312_R1,KINNABULLA,Baseline (SDP N)
KINNABULLA_S4_P1234_R3,KINNABULLA,Pulse-canola
KINNABULLA_S2.2_P2121_R1,KINNABULLA,More pulses (Dec 9 N)
KINNABULLA_S12_P0000_R9,KINNABULLA,Responsive: Adviser (risk-neutral)
KINNABULLA_S13_P0000_R8,KINNABULLA,Responsive: N bank
KINNABULLA_S11_P3123_R3,KINNABULLA,Mixed winter cover crop
KINNABULLA_S1.3_P1231_R3,KINNABULLA,Baseline (Dec 9 N)
KINNABULLA_S9.1_P2312_R1,KINNABULLA,Winter cover cropping (Early TOT)
KINNABULLA_S6_P3412_R3,KINNABULLA,More cereals
KINNABULLA_S9.2_P3123_R2,KINNABULLA,Winter cover cropping (Late TOT)
KINNABULLA_S12_P0000_R6,KINNABULLA,Responsive: Adviser (risk-neutral)
KINNABULLA_S1.3_P3123_R1,KINNABULLA,Baseline (Dec 9 N)
KINNABULLA_S11_P2312_R1,KINNABULLA,Mixed winter cover crop
KINNABULLA_S8_P1231_R2,KINNABULLA,Fallow
KINNABULLA_S6_P4123_R1,KINNABULLA,More cereals
KINNABULLA_S14_P0000_R2,KINNABULLA,Responsive: Less chemical inputs
KINNABULLA_S9.1_P2312_R2,KINNABULLA,Winter cover cropping (Early TOT)
KINNABULLA_S2.1_P2121_R3,KINNABULLA,More pulses (Dec 5 N)
KINNABULLA_S9.1_P2312_R3,KINNABULLA,Winter cover cropping (Early TOT)
KINNABULLA_S14_P0000_R8,KINNABULLA,Responsive: Less chemical inputs
KINNABULLA_S12_P0000_R5,KINNABULLA,Responsive: Adviser (risk-neutral)
KINNABULLA_S2.1_P2121_R2,KINNABULLA,More pulses (Dec 5 N)
KINNABULLA_S3_P2312_R2,KINNABULLA,Pulse on pulse
KINNABULLA_S13_P0000_R3,KINNABULLA,Responsive: N bank
KINNABULLA_S9.2_P1231_R2,KINNABULLA,Winter cover cropping (Late TOT)
KINNABULLA_S1.3_P1231_R2,KINNABULLA,Baseline (Dec 9 N)
KINNABULLA_S4_P2341_R2,KINNABULLA,Pulse-canola
KINNABULLA_S14_P0000_R3,KINNABULLA,Responsive: Less chemical inputs
KINNABULLA_S14_P0000_R9,KINNABULLA,Responsive: Less chemical inputs
KINNABULLA_S1.3_P2312_R3,KINNABULLA,Baseline (Dec 9 N)
KINNABULLA_S11_P2312_R2,KINNABULLA,Mixed winter cover crop
KINNABULLA_S2.1_P2121_R1,KINNABULLA,More pulses (Dec 5 N)
KINNABULLA_S9.2_P3123_R3,KINNABULLA,Winter cover cropping (Late TOT)
KINNABULLA_S2.1_P1212_R3,KINNABULLA,More pulses (Dec 5 N)
KINNABULLA_S6_P1234_R3,KINNABULLA,More cereals
KINNABULLA_S10_P3123_R1,KINNABULLA,Alternative winter cover cropping
KINNABULLA_S4_P4123_R2,KINNABULLA,Pulse-canola
KINNABULLA_S8_P3123_R1,KINNABULLA,Fallow
KINNABULLA_S1.1_P2312_R3,KINNABULLA,Baseline (SDP N)
KINNABULLA_S1.1_P2312_R2,KINNABULLA,Baseline (SDP N)
KINNABULLA_S2.2_P1212_R1,KINNABULLA,More pulses (Dec 9 N)
KINNABULLA_S12_P0000_R8,KINNABULLA,Responsive: Adviser (risk-neutral)
KINNABULLA_S12_P0000_R3,KINNABULLA,Responsive: Adviser (risk-neutral)
KINNABULLA_S5_P1212_R2,KINNABULLA,Legume-barley
KINNABULLA_S6_P1234_R1,KINNABULLA,More cereals
KINNABULLA_S1.1_P3123_R1,KINNABULLA,Baseline (SDP N)
KINNABULLA_S6_P2341_R3,KINNABULLA,More cereals
KINNABULLA_S3_P3123_R1,KINNABULLA,Pulse on pulse
KINNABULLA_S1.2_P1231_R3,KINNABULLA,Baseline (Dec 5 N)
KINNABULLA_S10_P1231_R3,KINNABULLA,Alternative winter cover cropping
KINNABULLA_S13_P0000_R5,KINNABULLA,Responsive: N bank
KINNABULLA_S4_P2341_R3,KINNABULLA,Pulse-canola
KINNABULLA_S14_P0000_R7,KINNABULLA,Responsive: Less chemical inputs
KINNABULLA_S7_P1111_R3,KINNABULLA,Continous wheat
KINNABULLA_S6_P4123_R2,KINNABULLA,More cereals
KINNABULLA_S1.2_P2312_R1,KINNABULLA,Baseline (Dec 5 N)
KINNABULLA_S3_P3123_R3,KINNABULLA,Pulse on pulse
KINNABULLA_S8_P1231_R3,KINNABULLA,Fallow
KINNABULLA_S1.3_P2312_R1,KINNABULLA,Baseline (Dec 9 N)
KINNABULLA_S13_P0000_R7,KINNABULLA,Responsive: N bank
KINNABULLA_S14_P0000_R1,KINNABULLA,Responsive: Less chemical inputs
KINNABULLA_S6_P3412_R1,KINNABULLA,More cereals
KINNABULLA_S9.1_P1231_R3,KINNABULLA,Winter cover cropping (Early TOT)
KINNABULLA_S6_P1234_R2,KINNABULLA,More cereals
KINNABULLA_S8_P2312_R1,KINNABULLA,Fallow
KINNABULLA_S14_P0000_R5,KINNABULLA,Responsive: Less chemical inputs
KINNABULLA_S14_P0000_R4,KINNABULLA,Responsive: Less chemical inputs
KINNABULLA_S5_P1212_R1,KINNABULLA,Legume-barley
KINNABULLA_S2.2_P1212_R2,KINNABULLA,More pulses (Dec 9 N)
KINNABULLA_S8_P2312_R3,KINNABULLA,Fallow
KINNABULLA_S9.2_P3123_R1,KINNABULLA,Winter cover cropping (Late TOT)
KINNABULLA_S13_P0000_R6,KINNABULLA,Responsive: N bank
KINNABULLA_S1.2_P3123_R1,KINNABULLA,Baseline (Dec 5 N)
KINNABULLA_S1.2_P3123_R2,KINNABULLA,Baseline (Dec 5 N)
KINNABULLA_S9.1_P3123_R1,KINNABULLA,Winter cover cropping (Early TOT)
KINNABULLA_S9.2_P2312_R2,KINNABULLA,Winter cover cropping (Late TOT)
KINNABULLA_S12_P0000_R4,KINNABULLA,Responsive: Adviser (risk-neutral)
KINNABULLA_S9.1_P3123_R3,KINNABULLA,Winter cover cropping (Early TOT)
KINNABULLA_S1.1_P3123_R2,KINNABULLA,Baseline (SDP N)
KINNABULLA_S2.2_P2121_R3,KINNABULLA,More pulses (Dec 9 N)
KINNABULLA_S5_P2121_R1,KINNABULLA,Legume-barley
KINNABULLA_S11_P1231_R1,KINNABULLA,Mixed winter cover crop
KINNABULLA_S9.2_P1231_R3,KINNABULLA,Winter cover cropping (Late TOT)
KINNABULLA_S1.3_P2312_R2,KINNABULLA,Baseline (Dec 9 N)
KINNABULLA_S7_P1111_R6,KINNABULLA,Continous wheat
KINNABULLA_S7_P1111_R5,KINNABULLA,Continous wheat
KINNABULLA_S9.1_P1231_R2,KINNABULLA,Winter cover cropping (Early TOT)
KINNABULLA_S1.1_P1231_R3,KINNABULLA,Baseline (SDP N)
KINNABULLA_S1.2_P1231_R1,KINNABULLA,Baseline (Dec 5 N)
KINNABULLA_S9.1_P1231_R1,KINNABULLA,Winter cover cropping (Early TOT)
KINNABULLA_S9.2_P1231_R1,KINNABULLA,Winter cover cropping (Late TOT)
KINNABULLA_S9.2_P2312_R1,KINNABULLA,Winter cover cropping (Late TOT)
KINNABULLA_S6_P2341_R1,KINNABULLA,More cereals
KINNABULLA_S12_P0000_R7,KINNABULLA,Responsive: Adviser (risk-neutral)
KINNABULLA_S4_P4123_R3,KINNABULLA,Pulse-canola
KINNABULLA_S6_P3412_R2,KINNABULLA,More cereals
KINNABULLA_S1.2_P2312_R3,KINNABULLA,Baseline (Dec 5 N)
KINNABULLA_S11_P3123_R1,KINNABULLA,Mixed winter cover crop
ROSEWORTHY_S8_P0212_R3,ROSEWORTHY,High value broadleaf
ROSEWORTHY_S1.1_P1231_R3,ROSEWORTHY,Baseline (SDP N)
ROSEWORTHY_S4_P3123_R1,ROSEWORTHY,Intercropping
ROSEWORTHY_S1.1_P3123_R1,ROSEWORTHY,Baseline (SDP N)
ROSEWORTHY_S4_P3123_R2,ROSEWORTHY,Intercropping
ROSEWORTHY_S2_P2121_R2,ROSEWORTHY,More pulses
ROSEWORTHY_S6_P0000_R1,ROSEWORTHY,Responsive: Enhance soil health
ROSEWORTHY_S1.2_P1231_R1,ROSEWORTHY,Baseline (BMP N)
ROSEWORTHY_S8_P0212_R1,ROSEWORTHY,High value broadleaf
ROSEWORTHY_S1.2_P3123_R1,ROSEWORTHY,Baseline (BMP N)
ROSEWORTHY_S1.2_P2312_R3,ROSEWORTHY,Baseline (BMP N)
ROSEWORTHY_S2_P2121_R3,ROSEWORTHY,More pulses
ROSEWORTHY_S2_P1212_R1,ROSEWORTHY,More pulses
ROSEWORTHY_S6_P0000_R2,ROSEWORTHY,Responsive: Enhance soil health
ROSEWORTHY_S5_P0000_R3,ROSEWORTHY,Responsive: Adviser (risk-neutral)
ROSEWORTHY_S1.1_P3123_R3,ROSEWORTHY,Baseline (SDP N)
ROSEWORTHY_S3_P2121_R3,ROSEWORTHY,Winter cover cropping
ROSEWORTHY_S1.1_P1231_R1,ROSEWORTHY,Baseline (SDP N)
ROSEWORTHY_S6_P0000_R3,ROSEWORTHY,Responsive: Enhance soil health
ROSEWORTHY_S1.1_P2312_R1,ROSEWORTHY,Baseline (SDP N)
ROSEWORTHY_S8_P0121_R3,ROSEWORTHY,High value broadleaf
ROSEWORTHY_S7_P0000_R2,ROSEWORTHY,Responsive: Organic fertiliser
ROSEWORTHY_S1.1_P2312_R2,ROSEWORTHY,Baseline (SDP N)
ROSEWORTHY_S8_P0121_R2,ROSEWORTHY,High value broadleaf
ROSEWORTHY_S4_P2312_R3,ROSEWORTHY,Intercropping
ROSEWORTHY_S4_P2312_R2,ROSEWORTHY,Intercropping
ROSEWORTHY_S1.1_P2312_R3,ROSEWORTHY,Baseline (SDP N)
ROSEWORTHY_S3_P1212_R2,ROSEWORTHY,Winter cover cropping
ROSEWORTHY_S1.1_P1231_R2,ROSEWORTHY,Baseline (SDP N)
ROSEWORTHY_S3_P1212_R1,ROSEWORTHY,Winter cover cropping
ROSEWORTHY_S4_P1231_R3,ROSEWORTHY,Intercropping
ROSEWORTHY_S1.2_P3123_R3,ROSEWORTHY,Baseline (BMP N)
ROSEWORTHY_S4_P1231_R2,ROSEWORTHY,Intercropping
ROSEWORTHY_S7_P0000_R1,ROSEWORTHY,Responsive: Organic fertiliser
ROSEWORTHY_S5_P0000_R2,ROSEWORTHY,Responsive: Adviser (risk-neutral)
ROSEWORTHY_S4_P1231_R1,ROSEWORTHY,Intercropping
ROSEWORTHY_S4_P3123_R3,ROSEWORTHY,Intercropping
ROSEWORTHY_S1.2_P3123_R2,ROSEWORTHY,Baseline (BMP N)
ROSEWORTHY_S1.2_P1231_R3,ROSEWORTHY,Baseline (BMP N)
ROSEWORTHY_S1.2_P2312_R2,ROSEWORTHY,Baseline (BMP N)
ROSEWORTHY_S2_P1212_R3,ROSEWORTHY,More pulses
ROSEWORTHY_S2_P2121_R1,ROSEWORTHY,More pulses
ROSEWORTHY_S1.2_P1231_R2,ROSEWORTHY,Baseline (BMP N)
ROSEWORTHY_S3_P1212_R3,ROSEWORTHY,Winter cover cropping
ROSEWORTHY_S2_P1212_R2,ROSEWORTHY,More pulses
ROSEWORTHY_S3_P2121_R2,ROSEWORTHY,Winter cover cropping
ROSEWORTHY_S8_P0121_R1,ROSEWORTHY,High value broadleaf
ROSEWORTHY_S1.2_P2312_R1,ROSEWORTHY,Baseline (BMP N)
ROSEWORTHY_S8_P0212_R2,ROSEWORTHY,High value broadleaf
ROSEWORTHY_S3_P2121_R1,ROSEWORTHY,Winter cover cropping
ROSEWORTHY_S4_P2312_R1,ROSEWORTHY,Intercropping
ROSEWORTHY_S5_P0000_R1,ROSEWORTHY,Responsive: Adviser (risk-neutral)
ROSEWORTHY_S7_P0000_R3,ROSEWORTHY,Responsive: Organic fertiliser
ROSEWORTHY_S1.1_P3123_R2,ROSEWORTHY,Baseline (SDP N)
HART_S8_P4123_R3,HART,More cereals
HART_S9_P3412_R2,HART,Winter cover cropping
HART_S4.1_P3412_R2,HART,Canola (Low N)
HART_S4.3_P4123_R3,HART,Canola (High N)
HART_S10.3_P2312_R3,HART,Intercropping (Full N intercrop)
HART_S1.1_P1231_R3,HART,Baseline (SDP N)
HART_S7_P4123_R3,HART,Pulse on pulse
HART_S4.1_P1234_R2,HART,Canola (Low N)
HART_S8_P1234_R3,HART,More cereals
HART_S1.1_P3123_R2,HART,Baseline (SDP N)
HART_S10.3_P3123_R3,HART,Intercropping (Full N intercrop)
HART_S4.1_P1234_R1,HART,Canola (Low N)
HART_S6_P2341_R3,HART,Pulse-canola
HART_S1.2_P1231_R1,HART,Baseline (Mid N)
HART_S9_P2341_R1,HART,Winter cover cropping
HART_S10.2_P2312_R1,HART,Intercropping (Half N intercrop)
HART_S1.2_P2312_R2,HART,Baseline (Mid N)
HART_S8_P4123_R1,HART,More cereals
HART_S10.1_P1231_R1,HART,Intercropping (Nil N intercrop)
HART_S10.3_P3123_R1,HART,Intercropping (Full N intercrop)
HART_S4.1_P1234_R3,HART,Canola (Low N)
HART_S1.1_P2312_R1,HART,Baseline (SDP N)
HART_S10.1_P3123_R3,HART,Intercropping (Nil N intercrop)
HART_S4.3_P2341_R2,HART,Canola (High N)
HART_S4.2_P1234_R1,HART,Canola (Mid N)
HART_S9_P1234_R1,HART,Winter cover cropping
HART_S6_P3412_R2,HART,Pulse-canola
HART_S10.1_P1231_R2,HART,Intercropping (Nil N intercrop)
HART_S4.2_P4123_R2,HART,Canola (Mid N)
HART_S6_P1234_R1,HART,Pulse-canola
HART_S10.3_P2312_R2,HART,Intercropping (Full N intercrop)
HART_S9_P2341_R2,HART,Winter cover cropping
HART_S4.3_P3412_R1,HART,Canola (High N)
HART_S8_P4123_R2,HART,More cereals
HART_S5_P0000_R2,HART,Responsive: Adviser (risk-tolerant)
HART_S9_P1234_R2,HART,Winter cover cropping
HART_S1.3_P3123_R2,HART,Baseline (SDP High N)
HART_S7_P3412_R2,HART,Pulse on pulse
HART_S4.1_P2341_R2,HART,Canola (Low N)
HART_S4.2_P2341_R3,HART,Canola (Mid N)
HART_S3_P3412_R3,HART,More pulses
HART_S7_P2341_R3,HART,Pulse on pulse
HART_S3_P4123_R1,HART,More pulses
HART_S10.2_P3123_R3,HART,Intercropping (Half N intercrop)
HART_S10.1_P2312_R2,HART,Intercropping (Nil N intercrop)
HART_S4.1_P2341_R1,HART,Canola (Low N)
HART_S10.1_P2312_R3,HART,Intercropping (Nil N intercrop)
HART_S4.3_P1234_R2,HART,Canola (High N)
HART_S3_P2341_R2,HART,More pulses
HART_S2.2_P0000_R1,HART,Responsive: Adviser (risk-neutral) (Mid N)
HART_S4.2_P1234_R2,HART,Canola (Mid N)
HART_S4.3_P3412_R2,HART,Canola (High N)
HART_S6_P3412_R3,HART,Pulse-canola
HART_S8_P2341_R2,HART,More cereals
HART_S1.1_P1231_R2,HART,Baseline (SDP N)
HART_S7_P1234_R2,HART,Pulse on pulse
HART_S3_P4123_R2,HART,More pulses
HART_S10.2_P1231_R1,HART,Intercropping (Half N intercrop)
HART_S3_P3412_R1,HART,More pulses
HART_S3_P2341_R3,HART,More pulses
HART_S1.3_P2312_R3,HART,Baseline (SDP High N)
HART_S10.2_P1231_R3,HART,Intercropping (Half N intercrop)
HART_S9_P3412_R1,HART,Winter cover cropping
HART_S4.3_P3412_R3,HART,Canola (High N)
HART_S9_P3412_R3,HART,Winter cover cropping
HART_S6_P1234_R3,HART,Pulse-canola
HART_S2.1_P0000_R3,HART,Responsive: Adviser (risk-neutral) (Low N)
HART_S10.3_P1231_R3,HART,Intercropping (Full N intercrop)
HART_S6_P3412_R1,HART,Pulse-canola
HART_S2.3_P0000_R1,HART,Responsive: Adviser (risk-neutral) (High N)
HART_S2.3_P0000_R3,HART,Responsive: Adviser (risk-neutral) (High N)
HART_S2.2_P0000_R3,HART,Responsive: Adviser (risk-neutral) (Mid N)
HART_S1.2_P1231_R2,HART,Baseline (Mid N)
HART_S4.2_P3412_R3,HART,Canola (Mid N)
HART_S3_P1234_R2,HART,More pulses
HART_S1.2_P3123_R2,HART,Baseline (Mid N)
HART_S3_P2341_R1,HART,More pulses
HART_S7_P3412_R1,HART,Pulse on pulse
HART_S5_P0000_R7,HART,Responsive: Adviser (risk-tolerant)
HART_S10.2_P2312_R2,HART,Intercropping (Half N intercrop)
HART_S4.1_P4123_R3,HART,Canola (Low N)
HART_S9_P4123_R2,HART,Winter cover cropping
HART_S10.1_P1231_R3,HART,Intercropping (Nil N intercrop)
HART_S4.3_P2341_R3,HART,Canola (High N)
HART_S1.2_P2312_R1,HART,Baseline (Mid N)
HART_S7_P4123_R2,HART,Pulse on pulse
HART_S1.3_P3123_R1,HART,Baseline (SDP High N)
HART_S4.2_P2341_R2,HART,Canola (Mid N)
HART_S7_P2341_R2,HART,Pulse on pulse
HART_S1.1_P2312_R2,HART,Baseline (SDP N)
HART_S1.1_P1231_R1,HART,Baseline (SDP N)
HART_S9_P1234_R3,HART,Winter cover cropping
HART_S8_P2341_R3,HART,More cereals
HART_S10.2_P1231_R2,HART,Intercropping (Half N intercrop)
HART_S5_P0000_R9,HART,Responsive: Adviser (risk-tolerant)
HART_S1.1_P3123_R1,HART,Baseline (SDP N)
HART_S3_P1234_R3,HART,More pulses
HART_S6_P2341_R1,HART,Pulse-canola
HART_S7_P4123_R1,HART,Pulse on pulse
HART_S3_P1234_R1,HART,More pulses
HART_S2.1_P0000_R2,HART,Responsive: Adviser (risk-neutral) (Low N)
HART_S10.1_P2312_R1,HART,Intercropping (Nil N intercrop)
HART_S4.1_P3412_R3,HART,Canola (Low N)
HART_S4.1_P4123_R2,HART,Canola (Low N)
HART_S10.2_P2312_R3,HART,Intercropping (Half N intercrop)
HART_S1.3_P2312_R1,HART,Baseline (SDP High N)
HART_S5_P0000_R6,HART,Responsive: Adviser (risk-tolerant)
HART_S4.3_P4123_R2,HART,Canola (High N)
HART_S1.2_P3123_R3,HART,Baseline (Mid N)
HART_S9_P4123_R1,HART,Winter cover cropping
HART_S1.1_P3123_R3,HART,Baseline (SDP N)
HART_S1.3_P3123_R3,HART,Baseline (SDP High N)
HART_S4.3_P2341_R1,HART,Canola (High N)
HART_S1.2_P2312_R3,HART,Baseline (Mid N)
HART_S9_P4123_R3,HART,Winter cover cropping
HART_S3_P4123_R3,HART,More pulses
HART_S4.2_P1234_R3,HART,Canola (Mid N)
HART_S2.2_P0000_R2,HART,Responsive: Adviser (risk-neutral) (Mid N)
HART_S4.1_P2341_R3,HART,Canola (Low N)
HART_S6_P4123_R2,HART,Pulse-canola
HART_S10.3_P1231_R1,HART,Intercropping (Full N intercrop)
HART_S4.2_P4123_R1,HART,Canola (Mid N)
HART_S10.1_P3123_R1,HART,Intercropping (Nil N intercrop)
HART_S4.2_P2341_R1,HART,Canola (Mid N)
HART_S5_P0000_R4,HART,Responsive: Adviser (risk-tolerant)
HART_S5_P0000_R5,HART,Responsive: Adviser (risk-tolerant)
HART_S6_P4123_R1,HART,Pulse-canola
HART_S8_P1234_R1,HART,More cereals
HART_S6_P2341_R2,HART,Pulse-canola
HART_S1.2_P1231_R3,HART,Baseline (Mid N)
HART_S2.1_P0000_R1,HART,Responsive: Adviser (risk-neutral) (Low N)
HART_S8_P3412_R3,HART,More cereals
HART_S1.3_P2312_R2,HART,Baseline (SDP High N)
HART_S9_P2341_R3,HART,Winter cover cropping
HART_S10.2_P3123_R2,HART,Intercropping (Half N intercrop)
HART_S4.3_P4123_R1,HART,Canola (High N)
HART_S10.2_P3123_R1,HART,Intercropping (Half N intercrop)
HART_S8_P3412_R1,HART,More cereals
HART_S1.3_P1231_R2,HART,Baseline (SDP High N)
HART_S1.2_P3123_R1,HART,Baseline (Mid N)
HART_S6_P1234_R2,HART,Pulse-canola
HART_S1.3_P1231_R1,HART,Baseline (SDP High N)
HART_S5_P0000_R1,HART,Responsive: Adviser (risk-tolerant)
HART_S1.1_P2312_R3,HART,Baseline (SDP N)
HART_S6_P4123_R3,HART,Pulse-canola
HART_S10.1_P3123_R2,HART,Intercropping (Nil N intercrop)
HART_S4.1_P3412_R1,HART,Canola (Low N)
HART_S4.1_P4123_R1,HART,Canola (Low N)
HART_S7_P2341_R1,HART,Pulse on pulse
HART_S4.3_P1234_R3,HART,Canola (High N)
HART_S10.3_P1231_R2,HART,Intercropping (Full N intercrop)
HART_S4.2_P4123_R3,HART,Canola (Mid N)
HART_S2.3_P0000_R2,HART,Responsive: Adviser (risk-neutral) (High N)
HART_S8_P3412_R2,HART,More cereals
HART_S5_P0000_R3,HART,Responsive: Adviser (risk-tolerant)
HART_S8_P2341_R1,HART,More cereals
HART_S4.2_P3412_R2,HART,Canola (Mid N)
HART_S7_P1234_R3,HART,Pulse on pulse
HART_S8_P1234_R2,HART,More cereals
HART_S1.3_P1231_R3,HART,Baseline (SDP High N)
HART_S10.3_P3123_R2,HART,Intercropping (Full N intercrop)
HART_S3_P3412_R2,HART,More pulses
HART_S5_P0000_R8,HART,Responsive: Adviser (risk-tolerant)
HART_S10.3_P2312_R1,HART,Intercropping (Full N intercrop)
HART_S7_P3412_R3,HART,Pulse on pulse
HART_S7_P1234_R1,HART,Pulse on pulse
HART_S4.3_P1234_R1,HART,Canola (High N)
HART_S4.2_P3412_R1,HART,Canola (Mid N)
