PLOT_ID,Site,System ID,Phase ID,Replicate ID,System detailed description,System category
APPILA_S1_P1231_R1,APPILA,S1,P1231,R1,"Detailed system category (e.g. ""Streatham baseline W-B-W"")",Baseline
APPILA_S1_P1231_R2,APPILA,S1,P1231,R2,,Baseline
APPILA_S1_P1231_R3,APPILA,S1,P1231,R3,,Baseline
APPILA_S1_P2312_R1,APPILA,S1,P2312,R1,,Baseline
APPILA_S1_P2312_R2,APPILA,S1,P2312,R2,,Baseline
APPILA_S1_P2312_R3,APPILA,S1,P2312,R3,,Baseline
APPILA_S1_P3123_R1,APPILA,S1,P3123,R1,,Baseline
APPILA_S1_P3123_R2,APPILA,S1,P3123,R2,,Baseline
APPILA_S1_P3123_R3,APPILA,S1,P3123,R3,,Baseline
APPILA_S2_P1212_R1,APPILA,S2,P1212,R1,,More pulses
APPILA_S2_P1212_R2,APPILA,S2,P1212,R2,,More pulses
APPILA_S2_P1212_R3,APPILA,S2,P1212,R3,,More pulses
APPILA_S2_P2121_R1,APPILA,S2,P2121,R1,,More pulses
APPILA_S2_P2121_R2,APPILA,S2,P2121,R2,,More pulses
APPILA_S2_P2121_R3,APPILA,S2,P2121,R3,,More pulses
APPILA_S3_P1234_R1,APPILA,S3,P1234,R1,,Pulse-canola
APPILA_S3_P1234_R2,APPILA,S3,P1234,R2,,Pulse-canola
APPILA_S3_P1234_R3,APPILA,S3,P1234,R3,,Pulse-canola
APPILA_S3_P2341_R1,APPILA,S3,P2341,R1,,Pulse-canola
APPILA_S3_P2341_R2,APPILA,S3,P2341,R2,,Pulse-canola
APPILA_S3_P2341_R3,APPILA,S3,P2341,R3,,Pulse-canola
APPILA_S3_P3412_R1,APPILA,S3,P3412,R1,,Pulse-canola
APPILA_S3_P3412_R2,APPILA,S3,P3412,R2,,Pulse-canola
APPILA_S3_P3412_R3,APPILA,S3,P3412,R3,,Pulse-canola
APPILA_S3_P4123_R1,APPILA,S3,P4123,R1,,Pulse-canola
APPILA_S3_P4123_R2,APPILA,S3,P4123,R2,,Pulse-canola
APPILA_S3_P4123_R3,APPILA,S3,P4123,R3,,Pulse-canola
APPILA_S4_P1231_R1,APPILA,S4,P1231,R1,,Hay
APPILA_S4_P1231_R2,APPILA,S4,P1231,R2,,Hay
APPILA_S4_P1231_R3,APPILA,S4,P1231,R3,,Hay
APPILA_S4_P2312_R1,APPILA,S4,P2312,R1,,Hay
APPILA_S4_P2312_R2,APPILA,S4,P2312,R2,,Hay
APPILA_S4_P2312_R3,APPILA,S4,P2312,R3,,Hay
APPILA_S4_P3123_R1,APPILA,S4,P3123,R1,,Hay
APPILA_S4_P3123_R2,APPILA,S4,P3123,R2,,Hay
APPILA_S4_P3123_R3,APPILA,S4,P3123,R3,,Hay
APPILA_S5_P0000_R1,APPILA,S5,P0000,R1,,Responsive: Adviser (risk-averse)
APPILA_S5_P0000_R2,APPILA,S5,P0000,R2,,Responsive: Adviser (risk-averse)
APPILA_S5_P0000_R3,APPILA,S5,P0000,R3,,Responsive: Adviser (risk-averse)
APPILA_S6_P0000_R1,APPILA,S6,P0000,R1,,Responsive: Adviser (risk-tolerant)
APPILA_S6_P0000_R2,APPILA,S6,P0000,R2,,Responsive: Adviser (risk-tolerant)
APPILA_S6_P0000_R3,APPILA,S6,P0000,R3,,Responsive: Adviser (risk-tolerant)
EDILLILIE_S1.1_P2121_R1,EDILLILIE,S1.1,P2121,R1,,Baseline (Std N)
EDILLILIE_S1.1_P1212_R1,EDILLILIE,S1.1,P1212,R1,,Baseline (Std N)
EDILLILIE_S1.1_P1212_R2,EDILLILIE,S1.1,P1212,R2,,Baseline (Std N)
EDILLILIE_S1.1_P1212_R3,EDILLILIE,S1.1,P1212,R3,,Baseline (Std N)
EDILLILIE_S1.1_P2121_R2,EDILLILIE,S1.1,P2121,R2,,Baseline (Std N)
EDILLILIE_S1.1_P2121_R3,EDILLILIE,S1.1,P2121,R3,,Baseline (Std N)
EDILLILIE_S1.2_P1212_R1,EDILLILIE,S1.2,P1212,R1,,Baseline (Dec 2 N)
EDILLILIE_S1.2_P1212_R2,EDILLILIE,S1.2,P1212,R2,,Baseline (Dec 2 N)
EDILLILIE_S1.2_P1212_R3,EDILLILIE,S1.2,P1212,R3,,Baseline (Dec 2 N)
EDILLILIE_S1.2_P2121_R1,EDILLILIE,S1.2,P2121,R1,,Baseline (Dec 2 N)
EDILLILIE_S1.2_P2121_R2,EDILLILIE,S1.2,P2121,R2,,Baseline (Dec 2 N)
EDILLILIE_S1.2_P2121_R3,EDILLILIE,S1.2,P2121,R3,,Baseline (Dec 2 N)
EDILLILIE_S1.3_P1212_R1,EDILLILIE,S1.3,P1212,R1,,Baseline (Dec 7 N)
EDILLILIE_S1.3_P1212_R2,EDILLILIE,S1.3,P1212,R2,,Baseline (Dec 7 N)
EDILLILIE_S1.3_P1212_R3,EDILLILIE,S1.3,P1212,R3,,Baseline (Dec 7 N)
EDILLILIE_S1.3_P2121_R1,EDILLILIE,S1.3,P2121,R1,,Baseline (Dec 7 N)
EDILLILIE_S1.3_P2121_R2,EDILLILIE,S1.3,P2121,R2,,Baseline (Dec 7 N)
EDILLILIE_S1.3_P2121_R3,EDILLILIE,S1.3,P2121,R3,,Baseline (Dec 7 N)
EDILLILIE_S2.1_P1234_R1,EDILLILIE,S2.1,P1234,R1,,Alternative pulse (Dec 2 N)
EDILLILIE_S2.1_P1234_R2,EDILLILIE,S2.1,P1234,R2,,Alternative pulse (Dec 2 N)
EDILLILIE_S2.1_P1234_R3,EDILLILIE,S2.1,P1234,R3,,Alternative pulse (Dec 2 N)
EDILLILIE_S2.1_P2341_R1,EDILLILIE,S2.1,P2341,R1,,Alternative pulse (Dec 2 N)
EDILLILIE_S2.1_P2341_R2,EDILLILIE,S2.1,P2341,R2,,Alternative pulse (Dec 2 N)
EDILLILIE_S2.1_P2341_R3,EDILLILIE,S2.1,P2341,R3,,Alternative pulse (Dec 2 N)
EDILLILIE_S2.1_P3412_R1,EDILLILIE,S2.1,P3412,R1,,Alternative pulse (Dec 2 N)
EDILLILIE_S2.1_P3412_R2,EDILLILIE,S2.1,P3412,R2,,Alternative pulse (Dec 2 N)
EDILLILIE_S2.1_P3412_R3,EDILLILIE,S2.1,P3412,R3,,Alternative pulse (Dec 2 N)
EDILLILIE_S2.1_P4123_R1,EDILLILIE,S2.1,P4123,R1,,Alternative pulse (Dec 2 N)
EDILLILIE_S2.1_P4123_R2,EDILLILIE,S2.1,P4123,R2,,Alternative pulse (Dec 2 N)
EDILLILIE_S2.1_P4123_R3,EDILLILIE,S2.1,P4123,R3,,Alternative pulse (Dec 2 N)
EDILLILIE_S2.2 _P2341_R1,EDILLILIE,S2.2,P2341,R1,,Alternative pulse (Dec 7 N)
EDILLILIE_S2.2_P1234_R1,EDILLILIE,S2.2,P1234,R1,,Alternative pulse (Dec 7 N)
EDILLILIE_S2.2_P1234_R2,EDILLILIE,S2.2,P1234,R2,,Alternative pulse (Dec 7 N)
EDILLILIE_S2.2_P1234_R3,EDILLILIE,S2.2,P1234,R3,,Alternative pulse (Dec 7 N)
EDILLILIE_S2.2_P2341_R2,EDILLILIE,S2.2,P2341,R2,,Alternative pulse (Dec 7 N)
EDILLILIE_S2.2_P2341_R3,EDILLILIE,S2.2,P2341,R3,,Alternative pulse (Dec 7 N)
EDILLILIE_S2.2_P3412_R1,EDILLILIE,S2.2,P3412,R1,,Alternative pulse (Dec 7 N)
EDILLILIE_S2.2_P3412_R2,EDILLILIE,S2.2,P3412,R2,,Alternative pulse (Dec 7 N)
EDILLILIE_S2.2_P3412_R3,EDILLILIE,S2.2,P3412,R3,,Alternative pulse (Dec 7 N)
EDILLILIE_S2.2_P4123_R1,EDILLILIE,S2.2,P4123,R1,,Alternative pulse (Dec 7 N)
EDILLILIE_S2.2_P4123_R2,EDILLILIE,S2.2,P4123,R2,,Alternative pulse (Dec 7 N)
EDILLILIE_S2.2_P4123_R3,EDILLILIE,S2.2,P4123,R3,,Alternative pulse (Dec 7 N)
EDILLILIE_S3_P1234_R1,EDILLILIE,S3,P1234,R1,,Pulse-canola
EDILLILIE_S3_P1234_R2,EDILLILIE,S3,P1234,R2,,Pulse-canola
EDILLILIE_S3_P1234_R3,EDILLILIE,S3,P1234,R3,,Pulse-canola
EDILLILIE_S3_P2341_R1,EDILLILIE,S3,P2341,R1,,Pulse-canola
EDILLILIE_S3_P2341_R2,EDILLILIE,S3,P2341,R2,,Pulse-canola
EDILLILIE_S3_P2341_R3,EDILLILIE,S3,P2341,R3,,Pulse-canola
EDILLILIE_S3_P3412_R1,EDILLILIE,S3,P3412,R1,,Pulse-canola
EDILLILIE_S3_P3412_R2,EDILLILIE,S3,P3412,R2,,Pulse-canola
EDILLILIE_S3_P3412_R3,EDILLILIE,S3,P3412,R3,,Pulse-canola
EDILLILIE_S3_P4123_R1,EDILLILIE,S3,P4123,R1,,Pulse-canola
EDILLILIE_S3_P4123_R2,EDILLILIE,S3,P4123,R2,,Pulse-canola
EDILLILIE_S3_P4123_R3,EDILLILIE,S3,P4123,R3,,Pulse-canola
HART_S1.1_P1231_R1,HART,S1.1,P1231,R1,,Baseline (SDP N)
HART_S1.1_P1231_R2,HART,S1.1,P1231,R2,,Baseline (SDP N)
HART_S1.1_P1231_R3,HART,S1.1,P1231,R3,,Baseline (SDP N)
HART_S1.1_P2312_R1,HART,S1.1,P2312,R1,,Baseline (SDP N)
HART_S1.1_P2312_R2,HART,S1.1,P2312,R2,,Baseline (SDP N)
HART_S1.1_P2312_R3,HART,S1.1,P2312,R3,,Baseline (SDP N)
HART_S1.1_P3123_R1,HART,S1.1,P3123,R1,,Baseline (SDP N)
HART_S1.1_P3123_R2,HART,S1.1,P3123,R2,,Baseline (SDP N)
HART_S1.1_P3123_R3,HART,S1.1,P3123,R3,,Baseline (SDP N)
HART_S1.2_P1231_R1,HART,S1.2,P1231,R1,,Baseline (Mid N)
HART_S1.2_P1231_R2,HART,S1.2,P1231,R2,,Baseline (Mid N)
HART_S1.2_P1231_R3,HART,S1.2,P1231,R3,,Baseline (Mid N)
HART_S1.2_P2312_R1,HART,S1.2,P2312,R1,,Baseline (Mid N)
HART_S1.2_P2312_R2,HART,S1.2,P2312,R2,,Baseline (Mid N)
HART_S1.2_P2312_R3,HART,S1.2,P2312,R3,,Baseline (Mid N)
HART_S1.2_P3123_R1,HART,S1.2,P3123,R1,,Baseline (Mid N)
HART_S1.2_P3123_R2,HART,S1.2,P3123,R2,,Baseline (Mid N)
HART_S1.2_P3123_R3,HART,S1.2,P3123,R3,,Baseline (Mid N)
HART_S1.3_P1231_R1,HART,S1.3,P1231,R1,,Baseline (SDP High N)
HART_S1.3_P1231_R2,HART,S1.3,P1231,R2,,Baseline (SDP High N)
HART_S1.3_P1231_R3,HART,S1.3,P1231,R3,,Baseline (SDP High N)
HART_S1.3_P2312_R1,HART,S1.3,P2312,R1,,Baseline (SDP High N)
HART_S1.3_P2312_R2,HART,S1.3,P2312,R2,,Baseline (SDP High N)
HART_S1.3_P2312_R3,HART,S1.3,P2312,R3,,Baseline (SDP High N)
HART_S1.3_P3123_R1,HART,S1.3,P3123,R1,,Baseline (SDP High N)
HART_S1.3_P3123_R2,HART,S1.3,P3123,R2,,Baseline (SDP High N)
HART_S1.3_P3123_R3,HART,S1.3,P3123,R3,,Baseline (SDP High N)
HART_S10.1_P1231_R1,HART,S10.1,P1231,R1,,Intercropping (Nil N intercrop)
HART_S10.1_P1231_R2,HART,S10.1,P1231,R2,,Intercropping (Nil N intercrop)
HART_S10.1_P1231_R3,HART,S10.1,P1231,R3,,Intercropping (Nil N intercrop)
HART_S10.1_P2312_R1,HART,S10.1,P2312,R1,,Intercropping (Nil N intercrop)
HART_S10.1_P2312_R2,HART,S10.1,P2312,R2,,Intercropping (Nil N intercrop)
HART_S10.1_P2312_R3,HART,S10.1,P2312,R3,,Intercropping (Nil N intercrop)
HART_S10.1_P3123_R1,HART,S10.1,P3123,R1,,Intercropping (Nil N intercrop)
HART_S10.1_P3123_R2,HART,S10.1,P3123,R2,,Intercropping (Nil N intercrop)
HART_S10.1_P3123_R3,HART,S10.1,P3123,R3,,Intercropping (Nil N intercrop)
HART_S10.2_P1231_R1,HART,S10.2,P1231,R1,,Intercropping (Half N intercrop)
HART_S10.2_P1231_R2,HART,S10.2,P1231,R2,,Intercropping (Half N intercrop)
HART_S10.2_P1231_R3,HART,S10.2,P1231,R3,,Intercropping (Half N intercrop)
HART_S10.2_P2312_R1,HART,S10.2,P2312,R1,,Intercropping (Half N intercrop)
HART_S10.2_P2312_R2,HART,S10.2,P2312,R2,,Intercropping (Half N intercrop)
HART_S10.2_P2312_R3,HART,S10.2,P2312,R3,,Intercropping (Half N intercrop)
HART_S10.2_P3123_R1,HART,S10.2,P3123,R1,,Intercropping (Half N intercrop)
HART_S10.2_P3123_R2,HART,S10.2,P3123,R2,,Intercropping (Half N intercrop)
HART_S10.2_P3123_R3,HART,S10.2,P3123,R3,,Intercropping (Half N intercrop)
HART_S10.3_P1231_R1,HART,S10.3,P1231,R1,,Intercropping (Full N intercrop)
HART_S10.3_P1231_R2,HART,S10.3,P1231,R2,,Intercropping (Full N intercrop)
HART_S10.3_P1231_R3,HART,S10.3,P1231,R3,,Intercropping (Full N intercrop)
HART_S10.3_P2312_R1,HART,S10.3,P2312,R1,,Intercropping (Full N intercrop)
HART_S10.3_P2312_R2,HART,S10.3,P2312,R2,,Intercropping (Full N intercrop)
HART_S10.3_P2312_R3,HART,S10.3,P2312,R3,,Intercropping (Full N intercrop)
HART_S10.3_P3123_R1,HART,S10.3,P3123,R1,,Intercropping (Full N intercrop)
HART_S10.3_P3123_R2,HART,S10.3,P3123,R2,,Intercropping (Full N intercrop)
HART_S10.3_P3123_R3,HART,S10.3,P3123,R3,,Intercropping (Full N intercrop)
HART_S2.1_P0000_R1,HART,S2.1,P0000,R1,,Responsive: Adviser (risk-neutral) (Low N)
HART_S2.1_P0000_R2,HART,S2.1,P0000,R2,,Responsive: Adviser (risk-neutral) (Low N)
HART_S2.1_P0000_R3,HART,S2.1,P0000,R3,,Responsive: Adviser (risk-neutral) (Low N)
HART_S2.2_P0000_R1,HART,S2.2,P0000,R1,,Responsive: Adviser (risk-neutral) (Mid N)
HART_S2.2_P0000_R2,HART,S2.2,P0000,R2,,Responsive: Adviser (risk-neutral) (Mid N)
HART_S2.2_P0000_R3,HART,S2.2,P0000,R3,,Responsive: Adviser (risk-neutral) (Mid N)
HART_S2.3_P0000_R1,HART,S2.3,P0000,R1,,Responsive: Adviser (risk-neutral) (High N)
HART_S2.3_P0000_R2,HART,S2.3,P0000,R2,,Responsive: Adviser (risk-neutral) (High N)
HART_S2.3_P0000_R3,HART,S2.3,P0000,R3,,Responsive: Adviser (risk-neutral) (High N)
HART_S3_P1234_R1,HART,S3,P1234,R1,,More pulses
HART_S3_P1234_R2,HART,S3,P1234,R2,,More pulses
HART_S3_P1234_R3,HART,S3,P1234,R3,,More pulses
HART_S3_P2341_R1,HART,S3,P2341,R1,,More pulses
HART_S3_P2341_R2,HART,S3,P2341,R2,,More pulses
HART_S3_P2341_R3,HART,S3,P2341,R3,,More pulses
HART_S3_P3412_R1,HART,S3,P3412,R1,,More pulses
HART_S3_P3412_R2,HART,S3,P3412,R2,,More pulses
HART_S3_P3412_R3,HART,S3,P3412,R3,,More pulses
HART_S3_P4123_R1,HART,S3,P4123,R1,,More pulses
HART_S3_P4123_R2,HART,S3,P4123,R2,,More pulses
HART_S3_P4123_R3,HART,S3,P4123,R3,,More pulses
HART_S4.1_P1234_R1,HART,S4.1,P1234,R1,,Canola (Low N)
HART_S4.1_P1234_R2,HART,S4.1,P1234,R2,,Canola (Low N)
HART_S4.1_P1234_R3,HART,S4.1,P1234,R3,,Canola (Low N)
HART_S4.1_P2341_R1,HART,S4.1,P2341,R1,,Canola (Low N)
HART_S4.1_P2341_R2,HART,S4.1,P2341,R2,,Canola (Low N)
HART_S4.1_P2341_R3,HART,S4.1,P2341,R3,,Canola (Low N)
HART_S4.1_P3412_R1,HART,S4.1,P3412,R1,,Canola (Low N)
HART_S4.1_P3412_R2,HART,S4.1,P3412,R2,,Canola (Low N)
HART_S4.1_P3412_R3,HART,S4.1,P3412,R3,,Canola (Low N)
HART_S4.1_P4123_R1,HART,S4.1,P4123,R1,,Canola (Low N)
HART_S4.1_P4123_R2,HART,S4.1,P4123,R2,,Canola (Low N)
HART_S4.1_P4123_R3,HART,S4.1,P4123,R3,,Canola (Low N)
HART_S4.2_P1234_R1,HART,S4.2,P1234,R1,,Canola (Mid N)
HART_S4.2_P1234_R2,HART,S4.2,P1234,R2,,Canola (Mid N)
HART_S4.2_P1234_R3,HART,S4.2,P1234,R3,,Canola (Mid N)
HART_S4.2_P2341_R1,HART,S4.2,P2341,R1,,Canola (Mid N)
HART_S4.2_P2341_R2,HART,S4.2,P2341,R2,,Canola (Mid N)
HART_S4.2_P2341_R3,HART,S4.2,P2341,R3,,Canola (Mid N)
HART_S4.2_P3412_R1,HART,S4.2,P3412,R1,,Canola (Mid N)
HART_S4.2_P3412_R2,HART,S4.2,P3412,R2,,Canola (Mid N)
HART_S4.2_P3412_R3,HART,S4.2,P3412,R3,,Canola (Mid N)
HART_S4.2_P4123_R1,HART,S4.2,P4123,R1,,Canola (Mid N)
HART_S4.2_P4123_R2,HART,S4.2,P4123,R2,,Canola (Mid N)
HART_S4.2_P4123_R3,HART,S4.2,P4123,R3,,Canola (Mid N)
HART_S4.3_P1234_R1,HART,S4.3,P1234,R1,,Canola (High N)
HART_S4.3_P1234_R2,HART,S4.3,P1234,R2,,Canola (High N)
HART_S4.3_P1234_R3,HART,S4.3,P1234,R3,,Canola (High N)
HART_S4.3_P2341_R1,HART,S4.3,P2341,R1,,Canola (High N)
HART_S4.3_P2341_R2,HART,S4.3,P2341,R2,,Canola (High N)
HART_S4.3_P2341_R3,HART,S4.3,P2341,R3,,Canola (High N)
HART_S4.3_P3412_R1,HART,S4.3,P3412,R1,,Canola (High N)
HART_S4.3_P3412_R2,HART,S4.3,P3412,R2,,Canola (High N)
HART_S4.3_P3412_R3,HART,S4.3,P3412,R3,,Canola (High N)
HART_S4.3_P4123_R1,HART,S4.3,P4123,R1,,Canola (High N)
HART_S4.3_P4123_R2,HART,S4.3,P4123,R2,,Canola (High N)
HART_S4.3_P4123_R3,HART,S4.3,P4123,R3,,Canola (High N)
HART_S5_P0000_R1,HART,S5,P0000,R1,,Responsive: Adviser (risk-tolerant)
HART_S5_P0000_R2,HART,S5,P0000,R2,,Responsive: Adviser (risk-tolerant)
HART_S5_P0000_R3,HART,S5,P0000,R3,,Responsive: Adviser (risk-tolerant)
HART_S5_P0000_R4,HART,S5,P0000,R4,,Responsive: Adviser (risk-tolerant)
HART_S5_P0000_R5,HART,S5,P0000,R5,,Responsive: Adviser (risk-tolerant)
HART_S5_P0000_R6,HART,S5,P0000,R6,,Responsive: Adviser (risk-tolerant)
HART_S5_P0000_R7,HART,S5,P0000,R7,,Responsive: Adviser (risk-tolerant)
HART_S5_P0000_R8,HART,S5,P0000,R8,,Responsive: Adviser (risk-tolerant)
HART_S5_P0000_R9,HART,S5,P0000,R9,,Responsive: Adviser (risk-tolerant)
HART_S6_P1234_R1,HART,S6,P1234,R1,,Pulse-canola
HART_S6_P1234_R2,HART,S6,P1234,R2,,Pulse-canola
HART_S6_P1234_R3,HART,S6,P1234,R3,,Pulse-canola
HART_S6_P2341_R1,HART,S6,P2341,R1,,Pulse-canola
HART_S6_P2341_R2,HART,S6,P2341,R2,,Pulse-canola
HART_S6_P2341_R3,HART,S6,P2341,R3,,Pulse-canola
HART_S6_P3412_R1,HART,S6,P3412,R1,,Pulse-canola
HART_S6_P3412_R2,HART,S6,P3412,R2,,Pulse-canola
HART_S6_P3412_R3,HART,S6,P3412,R3,,Pulse-canola
HART_S6_P4123_R1,HART,S6,P4123,R1,,Pulse-canola
HART_S6_P4123_R2,HART,S6,P4123,R2,,Pulse-canola
HART_S6_P4123_R3,HART,S6,P4123,R3,,Pulse-canola
HART_S7_P1234_R1,HART,S7,P1234,R1,,Pulse on pulse
HART_S7_P1234_R2,HART,S7,P1234,R2,,Pulse on pulse
HART_S7_P1234_R3,HART,S7,P1234,R3,,Pulse on pulse
HART_S7_P2341_R1,HART,S7,P2341,R1,,Pulse on pulse
HART_S7_P2341_R2,HART,S7,P2341,R2,,Pulse on pulse
HART_S7_P2341_R3,HART,S7,P2341,R3,,Pulse on pulse
HART_S7_P3412_R1,HART,S7,P3412,R1,,Pulse on pulse
HART_S7_P3412_R2,HART,S7,P3412,R2,,Pulse on pulse
HART_S7_P3412_R3,HART,S7,P3412,R3,,Pulse on pulse
HART_S7_P4123_R1,HART,S7,P4123,R1,,Pulse on pulse
HART_S7_P4123_R2,HART,S7,P4123,R2,,Pulse on pulse
HART_S7_P4123_R3,HART,S7,P4123,R3,,Pulse on pulse
HART_S8_P1234_R1,HART,S8,P1234,R1,,More cereals
HART_S8_P1234_R2,HART,S8,P1234,R2,,More cereals
HART_S8_P1234_R3,HART,S8,P1234,R3,,More cereals
HART_S8_P2341_R1,HART,S8,P2341,R1,,More cereals
HART_S8_P2341_R2,HART,S8,P2341,R2,,More cereals
HART_S8_P2341_R3,HART,S8,P2341,R3,,More cereals
HART_S8_P3412_R1,HART,S8,P3412,R1,,More cereals
HART_S8_P3412_R2,HART,S8,P3412,R2,,More cereals
HART_S8_P3412_R3,HART,S8,P3412,R3,,More cereals
HART_S8_P4123_R1,HART,S8,P4123,R1,,More cereals
HART_S8_P4123_R2,HART,S8,P4123,R2,,More cereals
HART_S8_P4123_R3,HART,S8,P4123,R3,,More cereals
HART_S9_P1234_R1,HART,S9,P1234,R1,,Winter cover cropping
HART_S9_P1234_R2,HART,S9,P1234,R2,,Winter cover cropping
HART_S9_P1234_R3,HART,S9,P1234,R3,,Winter cover cropping
HART_S9_P2341_R1,HART,S9,P2341,R1,,Winter cover cropping
HART_S9_P2341_R2,HART,S9,P2341,R2,,Winter cover cropping
HART_S9_P2341_R3,HART,S9,P2341,R3,,Winter cover cropping
HART_S9_P3412_R1,HART,S9,P3412,R1,,Winter cover cropping
HART_S9_P3412_R2,HART,S9,P3412,R2,,Winter cover cropping
HART_S9_P3412_R3,HART,S9,P3412,R3,,Winter cover cropping
HART_S9_P4123_R1,HART,S9,P4123,R1,,Winter cover cropping
HART_S9_P4123_R2,HART,S9,P4123,R2,,Winter cover cropping
HART_S9_P4123_R3,HART,S9,P4123,R3,,Winter cover cropping
KINNABULLA_S1.1_P1231_R1,KINNABULLA,S1.1,P1231,R1,,Baseline (SDP N)
KINNABULLA_S1.1_P1231_R2,KINNABULLA,S1.1,P1231,R2,,Baseline (SDP N)
KINNABULLA_S1.1_P1231_R3,KINNABULLA,S1.1,P1231,R3,,Baseline (SDP N)
KINNABULLA_S1.1_P2312_R1,KINNABULLA,S1.1,P2312,R1,,Baseline (SDP N)
KINNABULLA_S1.1_P2312_R2,KINNABULLA,S1.1,P2312,R2,,Baseline (SDP N)
KINNABULLA_S1.1_P2312_R3,KINNABULLA,S1.1,P2312,R3,,Baseline (SDP N)
KINNABULLA_S1.1_P3123_R1,KINNABULLA,S1.1,P3123,R1,,Baseline (SDP N)
KINNABULLA_S1.1_P3123_R2,KINNABULLA,S1.1,P3123,R2,,Baseline (SDP N)
KINNABULLA_S1.1_P3123_R3,KINNABULLA,S1.1,P3123,R3,,Baseline (SDP N)
KINNABULLA_S1.2_P1231_R1,KINNABULLA,S1.2,P1231,R1,,Baseline (Dec 5 N)
KINNABULLA_S1.2_P1231_R2,KINNABULLA,S1.2,P1231,R2,,Baseline (Dec 5 N)
KINNABULLA_S1.2_P1231_R3,KINNABULLA,S1.2,P1231,R3,,Baseline (Dec 5 N)
KINNABULLA_S1.2_P2312_R1,KINNABULLA,S1.2,P2312,R1,,Baseline (Dec 5 N)
KINNABULLA_S1.2_P2312_R2,KINNABULLA,S1.2,P2312,R2,,Baseline (Dec 5 N)
KINNABULLA_S1.2_P2312_R3,KINNABULLA,S1.2,P2312,R3,,Baseline (Dec 5 N)
KINNABULLA_S1.2_P3123_R1,KINNABULLA,S1.2,P3123,R1,,Baseline (Dec 5 N)
KINNABULLA_S1.2_P3123_R2,KINNABULLA,S1.2,P3123,R2,,Baseline (Dec 5 N)
KINNABULLA_S1.2_P3123_R3,KINNABULLA,S1.2,P3123,R3,,Baseline (Dec 5 N)
KINNABULLA_S1.3_P1231_R1,KINNABULLA,S1.3,P1231,R1,,Baseline (Dec 9 N)
KINNABULLA_S1.3_P1231_R2,KINNABULLA,S1.3,P1231,R2,,Baseline (Dec 9 N)
KINNABULLA_S1.3_P1231_R3,KINNABULLA,S1.3,P1231,R3,,Baseline (Dec 9 N)
KINNABULLA_S1.3_P2312_R1,KINNABULLA,S1.3,P2312,R1,,Baseline (Dec 9 N)
KINNABULLA_S1.3_P2312_R2,KINNABULLA,S1.3,P2312,R2,,Baseline (Dec 9 N)
KINNABULLA_S1.3_P2312_R3,KINNABULLA,S1.3,P2312,R3,,Baseline (Dec 9 N)
KINNABULLA_S1.3_P3123_R1,KINNABULLA,S1.3,P3123,R1,,Baseline (Dec 9 N)
KINNABULLA_S1.3_P3123_R2,KINNABULLA,S1.3,P3123,R2,,Baseline (Dec 9 N)
KINNABULLA_S1.3_P3123_R3,KINNABULLA,S1.3,P3123,R3,,Baseline (Dec 9 N)
KINNABULLA_S10_P1231_R1,KINNABULLA,S10,P1231,R1,,Alternative winter cover cropping
KINNABULLA_S10_P1231_R2,KINNABULLA,S10,P1231,R2,,Alternative winter cover cropping
KINNABULLA_S10_P1231_R3,KINNABULLA,S10,P1231,R3,,Alternative winter cover cropping
KINNABULLA_S10_P2312_R1,KINNABULLA,S10,P2312,R1,,Alternative winter cover cropping
KINNABULLA_S10_P2312_R2,KINNABULLA,S10,P2312,R2,,Alternative winter cover cropping
KINNABULLA_S10_P2312_R3,KINNABULLA,S10,P2312,R3,,Alternative winter cover cropping
KINNABULLA_S10_P3123_R1,KINNABULLA,S10,P3123,R1,,Alternative winter cover cropping
KINNABULLA_S10_P3123_R2,KINNABULLA,S10,P3123,R2,,Alternative winter cover cropping
KINNABULLA_S10_P3123_R3,KINNABULLA,S10,P3123,R3,,Alternative winter cover cropping
KINNABULLA_S11_P1231_R1,KINNABULLA,S11,P1231,R1,,Mixed winter cover crop
KINNABULLA_S11_P1231_R2,KINNABULLA,S11,P1231,R2,,Mixed winter cover crop
KINNABULLA_S11_P1231_R3,KINNABULLA,S11,P1231,R3,,Mixed winter cover crop
KINNABULLA_S11_P2312_R1,KINNABULLA,S11,P2312,R1,,Mixed winter cover crop
KINNABULLA_S11_P2312_R2,KINNABULLA,S11,P2312,R2,,Mixed winter cover crop
KINNABULLA_S11_P2312_R3,KINNABULLA,S11,P2312,R3,,Mixed winter cover crop
KINNABULLA_S11_P3123_R1,KINNABULLA,S11,P3123,R1,,Mixed winter cover crop
KINNABULLA_S11_P3123_R2,KINNABULLA,S11,P3123,R2,,Mixed winter cover crop
KINNABULLA_S11_P3123_R3,KINNABULLA,S11,P3123,R3,,Mixed winter cover crop
KINNABULLA_S12_P0000_R1,KINNABULLA,S12,P0000,R1,,Responsive: Adviser (risk-neutral)
KINNABULLA_S12_P0000_R2,KINNABULLA,S12,P0000,R2,,Responsive: Adviser (risk-neutral)
KINNABULLA_S12_P0000_R3,KINNABULLA,S12,P0000,R3,,Responsive: Adviser (risk-neutral)
KINNABULLA_S12_P0000_R4,KINNABULLA,S12,P0000,R4,,Responsive: Adviser (risk-neutral)
KINNABULLA_S12_P0000_R5,KINNABULLA,S12,P0000,R5,,Responsive: Adviser (risk-neutral)
KINNABULLA_S12_P0000_R6,KINNABULLA,S12,P0000,R6,,Responsive: Adviser (risk-neutral)
KINNABULLA_S12_P0000_R7,KINNABULLA,S12,P0000,R7,,Responsive: Adviser (risk-neutral)
KINNABULLA_S12_P0000_R8,KINNABULLA,S12,P0000,R8,,Responsive: Adviser (risk-neutral)
KINNABULLA_S12_P0000_R9,KINNABULLA,S12,P0000,R9,,Responsive: Adviser (risk-neutral)
KINNABULLA_S13_P0000_R1,KINNABULLA,S13,P0000,R1,,Responsive: N bank
KINNABULLA_S13_P0000_R2,KINNABULLA,S13,P0000,R2,,Responsive: N bank
KINNABULLA_S13_P0000_R3,KINNABULLA,S13,P0000,R3,,Responsive: N bank
KINNABULLA_S13_P0000_R4,KINNABULLA,S13,P0000,R4,,Responsive: N bank
KINNABULLA_S13_P0000_R5,KINNABULLA,S13,P0000,R5,,Responsive: N bank
KINNABULLA_S13_P0000_R6,KINNABULLA,S13,P0000,R6,,Responsive: N bank
KINNABULLA_S13_P0000_R7,KINNABULLA,S13,P0000,R7,,Responsive: N bank
KINNABULLA_S13_P0000_R8,KINNABULLA,S13,P0000,R8,,Responsive: N bank
KINNABULLA_S13_P0000_R9,KINNABULLA,S13,P0000,R9,,Responsive: N bank
KINNABULLA_S14_P0000_R1,KINNABULLA,S14,P0000,R1,,Responsive: Less chemical inputs
KINNABULLA_S14_P0000_R2,KINNABULLA,S14,P0000,R2,,Responsive: Less chemical inputs
KINNABULLA_S14_P0000_R3,KINNABULLA,S14,P0000,R3,,Responsive: Less chemical inputs
KINNABULLA_S14_P0000_R4,KINNABULLA,S14,P0000,R4,,Responsive: Less chemical inputs
KINNABULLA_S14_P0000_R5,KINNABULLA,S14,P0000,R5,,Responsive: Less chemical inputs
KINNABULLA_S14_P0000_R6,KINNABULLA,S14,P0000,R6,,Responsive: Less chemical inputs
KINNABULLA_S14_P0000_R7,KINNABULLA,S14,P0000,R7,,Responsive: Less chemical inputs
KINNABULLA_S14_P0000_R8,KINNABULLA,S14,P0000,R8,,Responsive: Less chemical inputs
KINNABULLA_S14_P0000_R9,KINNABULLA,S14,P0000,R9,,Responsive: Less chemical inputs
KINNABULLA_S2.1_P1212_R1,KINNABULLA,S2.1,P1212,R1,,More pulses (Dec 5 N)
KINNABULLA_S2.1_P1212_R2,KINNABULLA,S2.1,P1212,R2,,More pulses (Dec 5 N)
KINNABULLA_S2.1_P1212_R3,KINNABULLA,S2.1,P1212,R3,,More pulses (Dec 5 N)
KINNABULLA_S2.1_P2121_R1,KINNABULLA,S2.1,P2121,R1,,More pulses (Dec 5 N)
KINNABULLA_S2.1_P2121_R2,KINNABULLA,S2.1,P2121,R2,,More pulses (Dec 5 N)
KINNABULLA_S2.1_P2121_R3,KINNABULLA,S2.1,P2121,R3,,More pulses (Dec 5 N)
KINNABULLA_S2.2_P1212_R1,KINNABULLA,S2.2,P1212,R1,,More pulses (Dec 9 N)
KINNABULLA_S2.2_P1212_R2,KINNABULLA,S2.2,P1212,R2,,More pulses (Dec 9 N)
KINNABULLA_S2.2_P1212_R3,KINNABULLA,S2.2,P1212,R3,,More pulses (Dec 9 N)
KINNABULLA_S2.2_P2121_R1,KINNABULLA,S2.2,P2121,R1,,More pulses (Dec 9 N)
KINNABULLA_S2.2_P2121_R2,KINNABULLA,S2.2,P2121,R2,,More pulses (Dec 9 N)
KINNABULLA_S2.2_P2121_R3,KINNABULLA,S2.2,P2121,R3,,More pulses (Dec 9 N)
KINNABULLA_S3_P1231_R1,KINNABULLA,S3,P1231,R1,,Pulse on pulse
KINNABULLA_S3_P1231_R2,KINNABULLA,S3,P1231,R2,,Pulse on pulse
KINNABULLA_S3_P1231_R3,KINNABULLA,S3,P1231,R3,,Pulse on pulse
KINNABULLA_S3_P2312_R1,KINNABULLA,S3,P2312,R1,,Pulse on pulse
KINNABULLA_S3_P2312_R2,KINNABULLA,S3,P2312,R2,,Pulse on pulse
KINNABULLA_S3_P2312_R3,KINNABULLA,S3,P2312,R3,,Pulse on pulse
KINNABULLA_S3_P3123_R1,KINNABULLA,S3,P3123,R1,,Pulse on pulse
KINNABULLA_S3_P3123_R2,KINNABULLA,S3,P3123,R2,,Pulse on pulse
KINNABULLA_S3_P3123_R3,KINNABULLA,S3,P3123,R3,,Pulse on pulse
KINNABULLA_S4_P1234_R1,KINNABULLA,S4,P1234,R1,,Pulse-canola
KINNABULLA_S4_P1234_R2,KINNABULLA,S4,P1234,R2,,Pulse-canola
KINNABULLA_S4_P1234_R3,KINNABULLA,S4,P1234,R3,,Pulse-canola
KINNABULLA_S4_P2341_R1,KINNABULLA,S4,P2341,R1,,Pulse-canola
KINNABULLA_S4_P2341_R2,KINNABULLA,S4,P2341,R2,,Pulse-canola
KINNABULLA_S4_P2341_R3,KINNABULLA,S4,P2341,R3,,Pulse-canola
KINNABULLA_S4_P3412_R1,KINNABULLA,S4,P3412,R1,,Pulse-canola
KINNABULLA_S4_P3412_R2,KINNABULLA,S4,P3412,R2,,Pulse-canola
KINNABULLA_S4_P3412_R3,KINNABULLA,S4,P3412,R3,,Pulse-canola
KINNABULLA_S4_P4123_R1,KINNABULLA,S4,P4123,R1,,Pulse-canola
KINNABULLA_S4_P4123_R2,KINNABULLA,S4,P4123,R2,,Pulse-canola
KINNABULLA_S4_P4123_R3,KINNABULLA,S4,P4123,R3,,Pulse-canola
KINNABULLA_S5_P1212_R1,KINNABULLA,S5,P1212,R1,,Legume-barley
KINNABULLA_S5_P1212_R2,KINNABULLA,S5,P1212,R2,,Legume-barley
KINNABULLA_S5_P1212_R3,KINNABULLA,S5,P1212,R3,,Legume-barley
KINNABULLA_S5_P2121_R1,KINNABULLA,S5,P2121,R1,,Legume-barley
KINNABULLA_S5_P2121_R2,KINNABULLA,S5,P2121,R2,,Legume-barley
KINNABULLA_S5_P2121_R3,KINNABULLA,S5,P2121,R3,,Legume-barley
KINNABULLA_S6_P1234_R1,KINNABULLA,S6,P1234,R1,,More cereals
KINNABULLA_S6_P1234_R2,KINNABULLA,S6,P1234,R2,,More cereals
KINNABULLA_S6_P1234_R3,KINNABULLA,S6,P1234,R3,,More cereals
KINNABULLA_S6_P2341_R1,KINNABULLA,S6,P2341,R1,,More cereals
KINNABULLA_S6_P2341_R2,KINNABULLA,S6,P2341,R2,,More cereals
KINNABULLA_S6_P2341_R3,KINNABULLA,S6,P2341,R3,,More cereals
KINNABULLA_S6_P3412_R1,KINNABULLA,S6,P3412,R1,,More cereals
KINNABULLA_S6_P3412_R2,KINNABULLA,S6,P3412,R2,,More cereals
KINNABULLA_S6_P3412_R3,KINNABULLA,S6,P3412,R3,,More cereals
KINNABULLA_S6_P4123_R1,KINNABULLA,S6,P4123,R1,,More cereals
KINNABULLA_S6_P4123_R2,KINNABULLA,S6,P4123,R2,,More cereals
KINNABULLA_S6_P4123_R3,KINNABULLA,S6,P4123,R3,,More cereals
KINNABULLA_S7_P1111_R1,KINNABULLA,S7,P1111,R1,,Continous wheat
KINNABULLA_S7_P1111_R2,KINNABULLA,S7,P1111,R2,,Continous wheat
KINNABULLA_S7_P1111_R3,KINNABULLA,S7,P1111,R3,,Continous wheat
KINNABULLA_S7_P1111_R4,KINNABULLA,S7,P1111,R4,,Continous wheat
KINNABULLA_S7_P1111_R5,KINNABULLA,S7,P1111,R5,,Continous wheat
KINNABULLA_S7_P1111_R6,KINNABULLA,S7,P1111,R6,,Continous wheat
KINNABULLA_S8_P1231_R1,KINNABULLA,S8,P1231,R1,,Fallow
KINNABULLA_S8_P1231_R2,KINNABULLA,S8,P1231,R2,,Fallow
KINNABULLA_S8_P1231_R3,KINNABULLA,S8,P1231,R3,,Fallow
KINNABULLA_S8_P2312_R1,KINNABULLA,S8,P2312,R1,,Fallow
KINNABULLA_S8_P2312_R2,KINNABULLA,S8,P2312,R2,,Fallow
KINNABULLA_S8_P2312_R3,KINNABULLA,S8,P2312,R3,,Fallow
KINNABULLA_S8_P3123_R1,KINNABULLA,S8,P3123,R1,,Fallow
KINNABULLA_S8_P3123_R2,KINNABULLA,S8,P3123,R2,,Fallow
KINNABULLA_S8_P3123_R3,KINNABULLA,S8,P3123,R3,,Fallow
KINNABULLA_S9.1_P1231_R1,KINNABULLA,S9.1,P1231,R1,,Winter cover cropping (Early TOT)
KINNABULLA_S9.1_P1231_R2,KINNABULLA,S9.1,P1231,R2,,Winter cover cropping (Early TOT)
KINNABULLA_S9.1_P1231_R3,KINNABULLA,S9.1,P1231,R3,,Winter cover cropping (Early TOT)
KINNABULLA_S9.1_P2312_R1,KINNABULLA,S9.1,P2312,R1,,Winter cover cropping (Early TOT)
KINNABULLA_S9.1_P2312_R2,KINNABULLA,S9.1,P2312,R2,,Winter cover cropping (Early TOT)
KINNABULLA_S9.1_P2312_R3,KINNABULLA,S9.1,P2312,R3,,Winter cover cropping (Early TOT)
KINNABULLA_S9.1_P3123_R1,KINNABULLA,S9.1,P3123,R1,,Winter cover cropping (Early TOT)
KINNABULLA_S9.1_P3123_R2,KINNABULLA,S9.1,P3123,R2,,Winter cover cropping (Early TOT)
KINNABULLA_S9.1_P3123_R3,KINNABULLA,S9.1,P3123,R3,,Winter cover cropping (Early TOT)
KINNABULLA_S9.2_P1231_R1,KINNABULLA,S9.2,P1231,R1,,Winter cover cropping (Late TOT)
KINNABULLA_S9.2_P1231_R2,KINNABULLA,S9.2,P1231,R2,,Winter cover cropping (Late TOT)
KINNABULLA_S9.2_P1231_R3,KINNABULLA,S9.2,P1231,R3,,Winter cover cropping (Late TOT)
KINNABULLA_S9.2_P2312_R1,KINNABULLA,S9.2,P2312,R1,,Winter cover cropping (Late TOT)
KINNABULLA_S9.2_P2312_R2,KINNABULLA,S9.2,P2312,R2,,Winter cover cropping (Late TOT)
KINNABULLA_S9.2_P2312_R3,KINNABULLA,S9.2,P2312,R3,,Winter cover cropping (Late TOT)
KINNABULLA_S9.2_P3123_R1,KINNABULLA,S9.2,P3123,R1,,Winter cover cropping (Late TOT)
KINNABULLA_S9.2_P3123_R2,KINNABULLA,S9.2,P3123,R2,,Winter cover cropping (Late TOT)
KINNABULLA_S9.2_P3123_R3,KINNABULLA,S9.2,P3123,R3,,Winter cover cropping (Late TOT)
MANANG_S1.1_P1231_R1,MANANG,S1.1,P1231,R1,,Baseline (SDP N)
MANANG_S1.1_P1231_R2,MANANG,S1.1,P1231,R2,,Baseline (SDP N)
MANANG_S1.1_P1231_R3,MANANG,S1.1,P1231,R3,,Baseline (SDP N)
MANANG_S1.1_P2312_R1,MANANG,S1.1,P2312,R1,,Baseline (SDP N)
MANANG_S1.1_P2312_R2,MANANG,S1.1,P2312,R2,,Baseline (SDP N)
MANANG_S1.1_P2312_R3,MANANG,S1.1,P2312,R3,,Baseline (SDP N)
MANANG_S1.1_P3123_R1,MANANG,S1.1,P3123,R1,,Baseline (SDP N)
MANANG_S1.1_P3123_R2,MANANG,S1.1,P3123,R2,,Baseline (SDP N)
MANANG_S1.1_P3123_R3,MANANG,S1.1,P3123,R3,,Baseline (SDP N)
MANANG_S1.2_P1231_R1,MANANG,S1.2,P1231,R1,,Baseline (Dec 5 N)
MANANG_S1.2_P1231_R2,MANANG,S1.2,P1231,R2,,Baseline (Dec 5 N)
MANANG_S1.2_P1231_R3,MANANG,S1.2,P1231,R3,,Baseline (Dec 5 N)
MANANG_S1.2_P2312_R1,MANANG,S1.2,P2312,R1,,Baseline (Dec 5 N)
MANANG_S1.2_P2312_R2,MANANG,S1.2,P2312,R2,,Baseline (Dec 5 N)
MANANG_S1.2_P2312_R3,MANANG,S1.2,P2312,R3,,Baseline (Dec 5 N)
MANANG_S1.2_P3123_R1,MANANG,S1.2,P3123,R1,,Baseline (Dec 5 N)
MANANG_S1.2_P3123_R2,MANANG,S1.2,P3123,R2,,Baseline (Dec 5 N)
MANANG_S1.2_P3123_R3,MANANG,S1.2,P3123,R3,,Baseline (Dec 5 N)
MANANG_S1.3_P1231_R1,MANANG,S1.3,P1231,R1,,Baseline (Dec 9 N)
MANANG_S1.3_P1231_R2,MANANG,S1.3,P1231,R2,,Baseline (Dec 9 N)
MANANG_S1.3_P1231_R3,MANANG,S1.3,P1231,R3,,Baseline (Dec 9 N)
MANANG_S1.3_P2312_R1,MANANG,S1.3,P2312,R1,,Baseline (Dec 9 N)
MANANG_S1.3_P2312_R2,MANANG,S1.3,P2312,R2,,Baseline (Dec 9 N)
MANANG_S1.3_P2312_R3,MANANG,S1.3,P2312,R3,,Baseline (Dec 9 N)
MANANG_S1.3_P3123_R1,MANANG,S1.3,P3123,R1,,Baseline (Dec 9 N)
MANANG_S1.3_P3123_R2,MANANG,S1.3,P3123,R2,,Baseline (Dec 9 N)
MANANG_S1.3_P3123_R3,MANANG,S1.3,P3123,R3,,Baseline (Dec 9 N)
MANANG_S10.1_P1231_R1,MANANG,S10.1,P1231,R1,,Companion cropping (Nil N intercrop)
MANANG_S10.1_P1231_R2,MANANG,S10.1,P1231,R2,,Companion cropping (Nil N intercrop)
MANANG_S10.1_P1231_R3,MANANG,S10.1,P1231,R3,,Companion cropping (Nil N intercrop)
MANANG_S10.1_P2312_R1,MANANG,S10.1,P2312,R1,,Companion cropping (Nil N intercrop)
MANANG_S10.1_P2312_R2,MANANG,S10.1,P2312,R2,,Companion cropping (Nil N intercrop)
MANANG_S10.1_P2312_R3,MANANG,S10.1,P2312,R3,,Companion cropping (Nil N intercrop)
MANANG_S10.1_P3123_R1,MANANG,S10.1,P3123,R1,,Companion cropping (Nil N intercrop)
MANANG_S10.1_P3123_R2,MANANG,S10.1,P3123,R2,,Companion cropping (Nil N intercrop)
MANANG_S10.1_P3123_R3,MANANG,S10.1,P3123,R3,,Companion cropping (Nil N intercrop)
MANANG_S10.2_P1231_R1,MANANG,S10.2,P1231,R1,,Companion cropping (Dec 5 N ntercrop)
MANANG_S10.2_P1231_R2,MANANG,S10.2,P1231,R2,,Companion cropping (Dec 5 N ntercrop)
MANANG_S10.2_P1231_R3,MANANG,S10.2,P1231,R3,,Companion cropping (Dec 5 N ntercrop)
MANANG_S10.2_P2312_R1,MANANG,S10.2,P2312,R1,,Companion cropping (Dec 5 N ntercrop)
MANANG_S10.2_P2312_R2,MANANG,S10.2,P2312,R2,,Companion cropping (Dec 5 N ntercrop)
MANANG_S10.2_P2312_R3,MANANG,S10.2,P2312,R3,,Companion cropping (Dec 5 N ntercrop)
MANANG_S10.2_P3123_R1,MANANG,S10.2,P3123,R1,,Companion cropping (Dec 5 N ntercrop)
MANANG_S10.2_P3123_R2,MANANG,S10.2,P3123,R2,,Companion cropping (Dec 5 N ntercrop)
MANANG_S10.2_P3123_R3,MANANG,S10.2,P3123,R3,,Companion cropping (Dec 5 N ntercrop)
MANANG_S11_P1212_R1,MANANG,S11,P1212,R1,,Companion cropping frequent
MANANG_S11_P1212_R2,MANANG,S11,P1212,R2,,Companion cropping frequent
MANANG_S11_P1212_R3,MANANG,S11,P1212,R3,,Companion cropping frequent
MANANG_S11_P2121_R1,MANANG,S11,P2121,R1,,Companion cropping frequent
MANANG_S11_P2121_R2,MANANG,S11,P2121,R2,,Companion cropping frequent
MANANG_S11_P2121_R3,MANANG,S11,P2121,R3,,Companion cropping frequent
MANANG_S12_P0000_R1,MANANG,S12,P0000,R1,,Responsive: Adviser (risk-neutral)
MANANG_S12_P0000_R2,MANANG,S12,P0000,R2,,Responsive: Adviser (risk-neutral)
MANANG_S12_P0000_R3,MANANG,S12,P0000,R3,,Responsive: Adviser (risk-neutral)
MANANG_S12_P0000_R4,MANANG,S12,P0000,R4,,Responsive: Adviser (risk-neutral)
MANANG_S12_P0000_R5,MANANG,S12,P0000,R5,,Responsive: Adviser (risk-neutral)
MANANG_S12_P0000_R6,MANANG,S12,P0000,R6,,Responsive: Adviser (risk-neutral)
MANANG_S12_P0000_R7,MANANG,S12,P0000,R7,,Responsive: Adviser (risk-neutral)
MANANG_S12_P0000_R8,MANANG,S12,P0000,R8,,Responsive: Adviser (risk-neutral)
MANANG_S12_P0000_R9,MANANG,S12,P0000,R9,,Responsive: Adviser (risk-neutral)
MANANG_S13_P0000_R1,MANANG,S13,P0000,R1,,Responsive: N bank
MANANG_S13_P0000_R2,MANANG,S13,P0000,R2,,Responsive: N bank
MANANG_S13_P0000_R3,MANANG,S13,P0000,R3,,Responsive: N bank
MANANG_S13_P0000_R4,MANANG,S13,P0000,R4,,Responsive: N bank
MANANG_S13_P0000_R5,MANANG,S13,P0000,R5,,Responsive: N bank
MANANG_S13_P0000_R6,MANANG,S13,P0000,R6,,Responsive: N bank
MANANG_S13_P0000_R7,MANANG,S13,P0000,R7,,Responsive: N bank
MANANG_S13_P0000_R8,MANANG,S13,P0000,R8,,Responsive: N bank
MANANG_S13_P0000_R9,MANANG,S13,P0000,R9,,Responsive: N bank
MANANG_S2_P1212_R1,MANANG,S2,P1212,R1,,More pulses
MANANG_S2_P1212_R2,MANANG,S2,P1212,R2,,More pulses
MANANG_S2_P1212_R3,MANANG,S2,P1212,R3,,More pulses
MANANG_S2_P2121_R1,MANANG,S2,P2121,R1,,More pulses
MANANG_S2_P2121_R2,MANANG,S2,P2121,R2,,More pulses
MANANG_S2_P2121_R3,MANANG,S2,P2121,R3,,More pulses
MANANG_S3_P1231_R1,MANANG,S3,P1231,R1,,Pulse on pulse
MANANG_S3_P1231_R2,MANANG,S3,P1231,R2,,Pulse on pulse
MANANG_S3_P1231_R3,MANANG,S3,P1231,R3,,Pulse on pulse
MANANG_S3_P2312_R1,MANANG,S3,P2312,R1,,Pulse on pulse
MANANG_S3_P2312_R2,MANANG,S3,P2312,R2,,Pulse on pulse
MANANG_S3_P2312_R3,MANANG,S3,P2312,R3,,Pulse on pulse
MANANG_S3_P3123_R1,MANANG,S3,P3123,R1,,Pulse on pulse
MANANG_S3_P3123_R2,MANANG,S3,P3123,R2,,Pulse on pulse
MANANG_S3_P3123_R3,MANANG,S3,P3123,R3,,Pulse on pulse
MANANG_S4_P1234_R1,MANANG,S4,P1234,R1,,Pulse-canola
MANANG_S4_P1234_R2,MANANG,S4,P1234,R2,,Pulse-canola
MANANG_S4_P1234_R3,MANANG,S4,P1234,R3,,Pulse-canola
MANANG_S4_P2341_R1,MANANG,S4,P2341,R1,,Pulse-canola
MANANG_S4_P2341_R2,MANANG,S4,P2341,R2,,Pulse-canola
MANANG_S4_P2341_R3,MANANG,S4,P2341,R3,,Pulse-canola
MANANG_S4_P3412_R1,MANANG,S4,P3412,R1,,Pulse-canola
MANANG_S4_P3412_R2,MANANG,S4,P3412,R2,,Pulse-canola
MANANG_S4_P3412_R3,MANANG,S4,P3412,R3,,Pulse-canola
MANANG_S4_P4123_R1,MANANG,S4,P4123,R1,,Pulse-canola
MANANG_S4_P4123_R2,MANANG,S4,P4123,R2,,Pulse-canola
MANANG_S4_P4123_R3,MANANG,S4,P4123,R3,,Pulse-canola
MANANG_S5_P1234_R1,MANANG,S5,P1234,R1,,More cereals
MANANG_S5_P1234_R2,MANANG,S5,P1234,R2,,More cereals
MANANG_S5_P1234_R3,MANANG,S5,P1234,R3,,More cereals
MANANG_S5_P2341_R1,MANANG,S5,P2341,R1,,More cereals
MANANG_S5_P2341_R2,MANANG,S5,P2341,R2,,More cereals
MANANG_S5_P2341_R3,MANANG,S5,P2341,R3,,More cereals
MANANG_S5_P3412_R1,MANANG,S5,P3412,R1,,More cereals
MANANG_S5_P3412_R2,MANANG,S5,P3412,R2,,More cereals
MANANG_S5_P3412_R3,MANANG,S5,P3412,R3,,More cereals
MANANG_S5_P4123_R1,MANANG,S5,P4123,R1,,More cereals
MANANG_S5_P4123_R2,MANANG,S5,P4123,R2,,More cereals
MANANG_S5_P4123_R3,MANANG,S5,P4123,R3,,More cereals
MANANG_S6_P1111_R1,MANANG,S6,P1111,R1,,Continous wheat
MANANG_S6_P1111_R2,MANANG,S6,P1111,R2,,Continous wheat
MANANG_S6_P1111_R3,MANANG,S6,P1111,R3,,Continous wheat
MANANG_S6_P1111_R4,MANANG,S6,P1111,R4,,Continous wheat
MANANG_S6_P1111_R5,MANANG,S6,P1111,R5,,Continous wheat
MANANG_S6_P1111_R6,MANANG,S6,P1111,R6,,Continous wheat
MANANG_S7_P1231_R1,MANANG,S7,P1231,R1,,Fallow
MANANG_S7_P1231_R2,MANANG,S7,P1231,R2,,Fallow
MANANG_S7_P1231_R3,MANANG,S7,P1231,R3,,Fallow
MANANG_S7_P2312_R1,MANANG,S7,P2312,R1,,Fallow
MANANG_S7_P2312_R2,MANANG,S7,P2312,R2,,Fallow
MANANG_S7_P2312_R3,MANANG,S7,P2312,R3,,Fallow
MANANG_S7_P3123_R1,MANANG,S7,P3123,R1,,Fallow
MANANG_S7_P3123_R2,MANANG,S7,P3123,R2,,Fallow
MANANG_S7_P3123_R3,MANANG,S7,P3123,R3,,Fallow
MANANG_S8.1_P1231_R1,MANANG,S8.1,P1231,R1,,Winter cover cropping (Early TOT)
MANANG_S8.1_P1231_R2,MANANG,S8.1,P1231,R2,,Winter cover cropping (Early TOT)
MANANG_S8.1_P1231_R3,MANANG,S8.1,P1231,R3,,Winter cover cropping (Early TOT)
MANANG_S8.1_P2312_R1,MANANG,S8.1,P2312,R1,,Winter cover cropping (Early TOT)
MANANG_S8.1_P2312_R2,MANANG,S8.1,P2312,R2,,Winter cover cropping (Early TOT)
MANANG_S8.1_P2312_R3,MANANG,S8.1,P2312,R3,,Winter cover cropping (Early TOT)
MANANG_S8.1_P3123_R1,MANANG,S8.1,P3123,R1,,Winter cover cropping (Early TOT)
MANANG_S8.1_P3123_R2,MANANG,S8.1,P3123,R2,,Winter cover cropping (Early TOT)
MANANG_S8.1_P3123_R3,MANANG,S8.1,P3123,R3,,Winter cover cropping (Early TOT)
MANANG_S8.2_P1231_R1,MANANG,S8.2,P1231,R1,,Winter cover cropping (Late TOT)
MANANG_S8.2_P1231_R2,MANANG,S8.2,P1231,R2,,Winter cover cropping (Late TOT)
MANANG_S8.2_P1231_R3,MANANG,S8.2,P1231,R3,,Winter cover cropping (Late TOT)
MANANG_S8.2_P2312_R1,MANANG,S8.2,P2312,R1,,Winter cover cropping (Late TOT)
MANANG_S8.2_P2312_R2,MANANG,S8.2,P2312,R2,,Winter cover cropping (Late TOT)
MANANG_S8.2_P2312_R3,MANANG,S8.2,P2312,R3,,Winter cover cropping (Late TOT)
MANANG_S8.2_P3123_R1,MANANG,S8.2,P3123,R1,,Winter cover cropping (Late TOT)
MANANG_S8.2_P3123_R2,MANANG,S8.2,P3123,R2,,Winter cover cropping (Late TOT)
MANANG_S8.2_P3123_R3,MANANG,S8.2,P3123,R3,,Winter cover cropping (Late TOT)
MANANG_S9_P1231_R1,MANANG,S9,P1231,R1,,Hay
MANANG_S9_P1231_R2,MANANG,S9,P1231,R2,,Hay
MANANG_S9_P1231_R3,MANANG,S9,P1231,R3,,Hay
MANANG_S9_P2312_R1,MANANG,S9,P2312,R1,,Hay
MANANG_S9_P2312_R2,MANANG,S9,P2312,R2,,Hay
MANANG_S9_P2312_R3,MANANG,S9,P2312,R3,,Hay
MANANG_S9_P3123_R1,MANANG,S9,P3123,R1,,Hay
MANANG_S9_P3123_R2,MANANG,S9,P3123,R2,,Hay
MANANG_S9_P3123_R3,MANANG,S9,P3123,R3,,Hay
ROSEWORTHY_S1.1_P1231_R1,ROSEWORTHY,S1.1,P1231,R1,,Baseline (SDP N)
ROSEWORTHY_S1.1_P1231_R2,ROSEWORTHY,S1.1,P1231,R2,,Baseline (SDP N)
ROSEWORTHY_S1.1_P1231_R3,ROSEWORTHY,S1.1,P1231,R3,,Baseline (SDP N)
ROSEWORTHY_S1.1_P2312_R1,ROSEWORTHY,S1.1,P2312,R1,,Baseline (SDP N)
ROSEWORTHY_S1.1_P2312_R2,ROSEWORTHY,S1.1,P2312,R2,,Baseline (SDP N)
ROSEWORTHY_S1.1_P2312_R3,ROSEWORTHY,S1.1,P2312,R3,,Baseline (SDP N)
ROSEWORTHY_S1.1_P3123_R1,ROSEWORTHY,S1.1,P3123,R1,,Baseline (SDP N)
ROSEWORTHY_S1.1_P3123_R2,ROSEWORTHY,S1.1,P3123,R2,,Baseline (SDP N)
ROSEWORTHY_S1.1_P3123_R3,ROSEWORTHY,S1.1,P3123,R3,,Baseline (SDP N)
ROSEWORTHY_S1.2_P1231_R1,ROSEWORTHY,S1.2,P1231,R1,,Baseline (BMP N)
ROSEWORTHY_S1.2_P1231_R2,ROSEWORTHY,S1.2,P1231,R2,,Baseline (BMP N)
ROSEWORTHY_S1.2_P1231_R3,ROSEWORTHY,S1.2,P1231,R3,,Baseline (BMP N)
ROSEWORTHY_S1.2_P2312_R1,ROSEWORTHY,S1.2,P2312,R1,,Baseline (BMP N)
ROSEWORTHY_S1.2_P2312_R2,ROSEWORTHY,S1.2,P2312,R2,,Baseline (BMP N)
ROSEWORTHY_S1.2_P2312_R3,ROSEWORTHY,S1.2,P2312,R3,,Baseline (BMP N)
ROSEWORTHY_S1.2_P3123_R1,ROSEWORTHY,S1.2,P3123,R1,,Baseline (BMP N)
ROSEWORTHY_S1.2_P3123_R2,ROSEWORTHY,S1.2,P3123,R2,,Baseline (BMP N)
ROSEWORTHY_S1.2_P3123_R3,ROSEWORTHY,S1.2,P3123,R3,,Baseline (BMP N)
ROSEWORTHY_S2_P1212_R1,ROSEWORTHY,S2,P1212,R1,,More pulses
ROSEWORTHY_S2_P1212_R2,ROSEWORTHY,S2,P1212,R2,,More pulses
ROSEWORTHY_S2_P1212_R3,ROSEWORTHY,S2,P1212,R3,,More pulses
ROSEWORTHY_S2_P2121_R1,ROSEWORTHY,S2,P2121,R1,,More pulses
ROSEWORTHY_S2_P2121_R2,ROSEWORTHY,S2,P2121,R2,,More pulses
ROSEWORTHY_S2_P2121_R3,ROSEWORTHY,S2,P2121,R3,,More pulses
ROSEWORTHY_S3_P1212_R1,ROSEWORTHY,S3,P1212,R1,,Winter cover cropping
ROSEWORTHY_S3_P1212_R2,ROSEWORTHY,S3,P1212,R2,,Winter cover cropping
ROSEWORTHY_S3_P1212_R3,ROSEWORTHY,S3,P1212,R3,,Winter cover cropping
ROSEWORTHY_S3_P2121_R1,ROSEWORTHY,S3,P2121,R1,,Winter cover cropping
ROSEWORTHY_S3_P2121_R2,ROSEWORTHY,S3,P2121,R2,,Winter cover cropping
ROSEWORTHY_S3_P2121_R3,ROSEWORTHY,S3,P2121,R3,,Winter cover cropping
ROSEWORTHY_S4_P1231_R1,ROSEWORTHY,S4,P1231,R1,,Intercropping
ROSEWORTHY_S4_P1231_R2,ROSEWORTHY,S4,P1231,R2,,Intercropping
ROSEWORTHY_S4_P1231_R3,ROSEWORTHY,S4,P1231,R3,,Intercropping
ROSEWORTHY_S4_P2312_R1,ROSEWORTHY,S4,P2312,R1,,Intercropping
ROSEWORTHY_S4_P2312_R2,ROSEWORTHY,S4,P2312,R2,,Intercropping
ROSEWORTHY_S4_P2312_R3,ROSEWORTHY,S4,P2312,R3,,Intercropping
ROSEWORTHY_S4_P3123_R1,ROSEWORTHY,S4,P3123,R1,,Intercropping
ROSEWORTHY_S4_P3123_R2,ROSEWORTHY,S4,P3123,R2,,Intercropping
ROSEWORTHY_S4_P3123_R3,ROSEWORTHY,S4,P3123,R3,,Intercropping
ROSEWORTHY_S5_P0000_R1,ROSEWORTHY,S5,P0000,R1,,Responsive: Adviser (risk-neutral)
ROSEWORTHY_S5_P0000_R2,ROSEWORTHY,S5,P0000,R2,,Responsive: Adviser (risk-neutral)
ROSEWORTHY_S5_P0000_R3,ROSEWORTHY,S5,P0000,R3,,Responsive: Adviser (risk-neutral)
ROSEWORTHY_S6_P0000_R1,ROSEWORTHY,S6,P0000,R1,,Responsive: Enhance soil health
ROSEWORTHY_S6_P0000_R2,ROSEWORTHY,S6,P0000,R2,,Responsive: Enhance soil health
ROSEWORTHY_S6_P0000_R3,ROSEWORTHY,S6,P0000,R3,,Responsive: Enhance soil health
ROSEWORTHY_S7_P0000_R1,ROSEWORTHY,S7,P0000,R1,,Responsive: Organic fertiliser
ROSEWORTHY_S7_P0000_R2,ROSEWORTHY,S7,P0000,R2,,Responsive: Organic fertiliser
ROSEWORTHY_S7_P0000_R3,ROSEWORTHY,S7,P0000,R3,,Responsive: Organic fertiliser
STREATHAM_S1.1_P1212_R1,STREATHAM,S1.1,P1212,R1,,Baseline (TOS1 & Low N)
STREATHAM_S1.1_P1212_R2,STREATHAM,S1.1,P1212,R2,,Baseline (TOS1 & Low N)
STREATHAM_S1.1_P1212_R3,STREATHAM,S1.1,P1212,R3,,Baseline (TOS1 & Low N)
STREATHAM_S1.1_P2121_R1,STREATHAM,S1.1,P2121,R1,,Baseline (TOS1 & Low N)
STREATHAM_S1.1_P2121_R2,STREATHAM,S1.1,P2121,R2,,Baseline (TOS1 & Low N)
STREATHAM_S1.1_P2121_R3,STREATHAM,S1.1,P2121,R3,,Baseline (TOS1 & Low N)
STREATHAM_S1.2_P1212_R1,STREATHAM,S1.2,P1212,R1,,Baseline (TOS1 & Mid N)
STREATHAM_S1.2_P1212_R2,STREATHAM,S1.2,P1212,R2,,Baseline (TOS1 & Mid N)
STREATHAM_S1.2_P1212_R3,STREATHAM,S1.2,P1212,R3,,Baseline (TOS1 & Mid N)
STREATHAM_S1.2_P2121_R1,STREATHAM,S1.2,P2121,R1,,Baseline (TOS1 & Mid N)
STREATHAM_S1.2_P2121_R2,STREATHAM,S1.2,P2121,R2,,Baseline (TOS1 & Mid N)
STREATHAM_S1.2_P2121_R3,STREATHAM,S1.2,P2121,R3,,Baseline (TOS1 & Mid N)
STREATHAM_S1.3_P1212_R1,STREATHAM,S1.3,P1212,R1,,Baseline (TOS2 & Mid N)
STREATHAM_S1.3_P1212_R2,STREATHAM,S1.3,P1212,R2,,Baseline (TOS2 & Mid N)
STREATHAM_S1.3_P1212_R3,STREATHAM,S1.3,P1212,R3,,Baseline (TOS2 & Mid N)
STREATHAM_S1.3_P2121_R1,STREATHAM,S1.3,P2121,R1,,Baseline (TOS2 & Mid N)
STREATHAM_S1.3_P2121_R2,STREATHAM,S1.3,P2121,R2,,Baseline (TOS2 & Mid N)
STREATHAM_S1.3_P2121_R3,STREATHAM,S1.3,P2121,R3,,Baseline (TOS2 & Mid N)
STREATHAM_S1.4_P1212_R1,STREATHAM,S1.4,P1212,R1,,Baseline (TOS1 & High N)
STREATHAM_S1.4_P1212_R2,STREATHAM,S1.4,P1212,R2,,Baseline (TOS1 & High N)
STREATHAM_S1.4_P1212_R3,STREATHAM,S1.4,P1212,R3,,Baseline (TOS1 & High N)
STREATHAM_S1.4_P2121_R1,STREATHAM,S1.4,P2121,R1,,Baseline (TOS1 & High N)
STREATHAM_S1.4_P2121_R2,STREATHAM,S1.4,P2121,R2,,Baseline (TOS1 & High N)
STREATHAM_S1.4_P2121_R3,STREATHAM,S1.4,P2121,R3,,Baseline (TOS1 & High N)
STREATHAM_S10_P1212_R1,STREATHAM,S10,P1212,R1,,Companion cropping frequent
STREATHAM_S10_P1212_R2,STREATHAM,S10,P1212,R2,,Companion cropping frequent
STREATHAM_S10_P1212_R3,STREATHAM,S10,P1212,R3,,Companion cropping frequent
STREATHAM_S10_P2121_R1,STREATHAM,S10,P2121,R1,,Companion cropping frequent
STREATHAM_S10_P2121_R2,STREATHAM,S10,P2121,R2,,Companion cropping frequent
STREATHAM_S10_P2121_R3,STREATHAM,S10,P2121,R3,,Companion cropping frequent
STREATHAM_S11_P0000_R1,STREATHAM,S11,P0000,R1,,Responsive: Adviser (risk-neutral)
STREATHAM_S11_P0000_R2,STREATHAM,S11,P0000,R2,,Responsive: Adviser (risk-neutral)
STREATHAM_S11_P0000_R3,STREATHAM,S11,P0000,R3,,Responsive: Adviser (risk-neutral)
STREATHAM_S11_P0000_R4,STREATHAM,S11,P0000,R4,,Responsive: Adviser (risk-neutral)
STREATHAM_S11_P0000_R5,STREATHAM,S11,P0000,R5,,Responsive: Adviser (risk-neutral)
STREATHAM_S11_P0000_R6,STREATHAM,S11,P0000,R6,,Responsive: Adviser (risk-neutral)
STREATHAM_S11_P0000_R7,STREATHAM,S11,P0000,R7,,Responsive: Adviser (risk-neutral)
STREATHAM_S11_P0000_R8,STREATHAM,S11,P0000,R8,,Responsive: Adviser (risk-neutral)
STREATHAM_S11_P0000_R9,STREATHAM,S11,P0000,R9,,Responsive: Adviser (risk-neutral)
STREATHAM_S12_P0000_R1,STREATHAM,S12,P0000,R1,,Responsive: Enhance soil health
STREATHAM_S12_P0000_R2,STREATHAM,S12,P0000,R2,,Responsive: Enhance soil health
STREATHAM_S12_P0000_R3,STREATHAM,S12,P0000,R3,,Responsive: Enhance soil health
STREATHAM_S12_P0000_R4,STREATHAM,S12,P0000,R4,,Responsive: Enhance soil health
STREATHAM_S12_P0000_R5,STREATHAM,S12,P0000,R5,,Responsive: Enhance soil health
STREATHAM_S12_P0000_R6,STREATHAM,S12,P0000,R6,,Responsive: Enhance soil health
STREATHAM_S12_P0000_R7,STREATHAM,S12,P0000,R7,,Responsive: Enhance soil health
STREATHAM_S12_P0000_R8,STREATHAM,S12,P0000,R8,,Responsive: Enhance soil health
STREATHAM_S12_P0000_R9,STREATHAM,S12,P0000,R9,,Responsive: Enhance soil health
STREATHAM_S13_P0000_R1,STREATHAM,S13,P0000,R1,,Responsive: Persistent pasture
STREATHAM_S13_P0000_R2,STREATHAM,S13,P0000,R2,,Responsive: Persistent pasture
STREATHAM_S13_P0000_R3,STREATHAM,S13,P0000,R3,,Responsive: Persistent pasture
STREATHAM_S13_P0000_R4,STREATHAM,S13,P0000,R4,,Responsive: Persistent pasture
STREATHAM_S13_P0000_R5,STREATHAM,S13,P0000,R5,,Responsive: Persistent pasture
STREATHAM_S13_P0000_R6,STREATHAM,S13,P0000,R6,,Responsive: Persistent pasture
STREATHAM_S13_P0000_R7,STREATHAM,S13,P0000,R7,,Responsive: Persistent pasture
STREATHAM_S13_P0000_R8,STREATHAM,S13,P0000,R8,,Responsive: Persistent pasture
STREATHAM_S13_P0000_R9,STREATHAM,S13,P0000,R9,,Responsive: Persistent pasture
STREATHAM_S2.1_P1234_R1,STREATHAM,S2.1,P1234,R1,,Pulse-canola (TOS1 & Low N)
STREATHAM_S2.1_P1234_R2,STREATHAM,S2.1,P1234,R2,,Pulse-canola (TOS1 & Low N)
STREATHAM_S2.1_P1234_R3,STREATHAM,S2.1,P1234,R3,,Pulse-canola (TOS1 & Low N)
STREATHAM_S2.1_P2341_R1,STREATHAM,S2.1,P2341,R1,,Pulse-canola (TOS1 & Low N)
STREATHAM_S2.1_P2341_R2,STREATHAM,S2.1,P2341,R2,,Pulse-canola (TOS1 & Low N)
STREATHAM_S2.1_P2341_R3,STREATHAM,S2.1,P2341,R3,,Pulse-canola (TOS1 & Low N)
STREATHAM_S2.1_P3412_R1,STREATHAM,S2.1,P3412,R1,,Pulse-canola (TOS1 & Low N)
STREATHAM_S2.1_P3412_R2,STREATHAM,S2.1,P3412,R2,,Pulse-canola (TOS1 & Low N)
STREATHAM_S2.1_P3412_R3,STREATHAM,S2.1,P3412,R3,,Pulse-canola (TOS1 & Low N)
STREATHAM_S2.1_P4123_R1,STREATHAM,S2.1,P4123,R1,,Pulse-canola (TOS1 & Low N)
STREATHAM_S2.1_P4123_R2,STREATHAM,S2.1,P4123,R2,,Pulse-canola (TOS1 & Low N)
STREATHAM_S2.1_P4123_R3,STREATHAM,S2.1,P4123,R3,,Pulse-canola (TOS1 & Low N)
STREATHAM_S2.2_P1234_R1,STREATHAM,S2.2,P1234,R1,,Pulse-canola (TOS1 & Mid N)
STREATHAM_S2.2_P1234_R2,STREATHAM,S2.2,P1234,R2,,Pulse-canola (TOS1 & Mid N)
STREATHAM_S2.2_P1234_R3,STREATHAM,S2.2,P1234,R3,,Pulse-canola (TOS1 & Mid N)
STREATHAM_S2.2_P2341_R1,STREATHAM,S2.2,P2341,R1,,Pulse-canola (TOS1 & Mid N)
STREATHAM_S2.2_P2341_R2,STREATHAM,S2.2,P2341,R2,,Pulse-canola (TOS1 & Mid N)
STREATHAM_S2.2_P2341_R3,STREATHAM,S2.2,P2341,R3,,Pulse-canola (TOS1 & Mid N)
STREATHAM_S2.2_P3412_R1,STREATHAM,S2.2,P3412,R1,,Pulse-canola (TOS1 & Mid N)
STREATHAM_S2.2_P3412_R2,STREATHAM,S2.2,P3412,R2,,Pulse-canola (TOS1 & Mid N)
STREATHAM_S2.2_P3412_R3,STREATHAM,S2.2,P3412,R3,,Pulse-canola (TOS1 & Mid N)
STREATHAM_S2.2_P4123_R1,STREATHAM,S2.2,P4123,R1,,Pulse-canola (TOS1 & Mid N)
STREATHAM_S2.2_P4123_R2,STREATHAM,S2.2,P4123,R2,,Pulse-canola (TOS1 & Mid N)
STREATHAM_S2.2_P4123_R3,STREATHAM,S2.2,P4123,R3,,Pulse-canola (TOS1 & Mid N)
STREATHAM_S2.3_P1234_R1,STREATHAM,S2.3,P1234,R1,,Pulse-canola (TOS2 & Mid N)
STREATHAM_S2.3_P1234_R2,STREATHAM,S2.3,P1234,R2,,Pulse-canola (TOS2 & Mid N)
STREATHAM_S2.3_P1234_R3,STREATHAM,S2.3,P1234,R3,,Pulse-canola (TOS2 & Mid N)
STREATHAM_S2.3_P2341_R1,STREATHAM,S2.3,P2341,R1,,Pulse-canola (TOS2 & Mid N)
STREATHAM_S2.3_P2341_R2,STREATHAM,S2.3,P2341,R2,,Pulse-canola (TOS2 & Mid N)
STREATHAM_S2.3_P2341_R3,STREATHAM,S2.3,P2341,R3,,Pulse-canola (TOS2 & Mid N)
STREATHAM_S2.3_P3412_R1,STREATHAM,S2.3,P3412,R1,,Pulse-canola (TOS2 & Mid N)
STREATHAM_S2.3_P3412_R2,STREATHAM,S2.3,P3412,R2,,Pulse-canola (TOS2 & Mid N)
STREATHAM_S2.3_P3412_R3,STREATHAM,S2.3,P3412,R3,,Pulse-canola (TOS2 & Mid N)
STREATHAM_S2.3_P4123_R1,STREATHAM,S2.3,P4123,R1,,Pulse-canola (TOS2 & Mid N)
STREATHAM_S2.3_P4123_R2,STREATHAM,S2.3,P4123,R2,,Pulse-canola (TOS2 & Mid N)
STREATHAM_S2.3_P4123_R3,STREATHAM,S2.3,P4123,R3,,Pulse-canola (TOS2 & Mid N)
STREATHAM_S2.4_P1234_R1,STREATHAM,S2.4,P1234,R1,,Pulse-canola (TOS1 & High N)
STREATHAM_S2.4_P1234_R2,STREATHAM,S2.4,P1234,R2,,Pulse-canola (TOS1 & High N)
STREATHAM_S2.4_P1234_R3,STREATHAM,S2.4,P1234,R3,,Pulse-canola (TOS1 & High N)
STREATHAM_S2.4_P2341_R1,STREATHAM,S2.4,P2341,R1,,Pulse-canola (TOS1 & High N)
STREATHAM_S2.4_P2341_R2,STREATHAM,S2.4,P2341,R2,,Pulse-canola (TOS1 & High N)
STREATHAM_S2.4_P2341_R3,STREATHAM,S2.4,P2341,R3,,Pulse-canola (TOS1 & High N)
STREATHAM_S2.4_P3412_R1,STREATHAM,S2.4,P3412,R1,,Pulse-canola (TOS1 & High N)
STREATHAM_S2.4_P3412_R2,STREATHAM,S2.4,P3412,R2,,Pulse-canola (TOS1 & High N)
STREATHAM_S2.4_P3412_R3,STREATHAM,S2.4,P3412,R3,,Pulse-canola (TOS1 & High N)
STREATHAM_S2.4_P4123_R1,STREATHAM,S2.4,P4123,R1,,Pulse-canola (TOS1 & High N)
STREATHAM_S2.4_P4123_R2,STREATHAM,S2.4,P4123,R2,,Pulse-canola (TOS1 & High N)
STREATHAM_S2.4_P4123_R3,STREATHAM,S2.4,P4123,R3,,Pulse-canola (TOS1 & High N)
STREATHAM_S3_P1234_R1,STREATHAM,S3,P1234,R1,,More pulses
STREATHAM_S3_P1234_R2,STREATHAM,S3,P1234,R2,,More pulses
STREATHAM_S3_P1234_R3,STREATHAM,S3,P1234,R3,,More pulses
STREATHAM_S3_P2341_R1,STREATHAM,S3,P2341,R1,,More pulses
STREATHAM_S3_P2341_R2,STREATHAM,S3,P2341,R2,,More pulses
STREATHAM_S3_P2341_R3,STREATHAM,S3,P2341,R3,,More pulses
STREATHAM_S3_P3412_R1,STREATHAM,S3,P3412,R1,,More pulses
STREATHAM_S3_P3412_R2,STREATHAM,S3,P3412,R2,,More pulses
STREATHAM_S3_P3412_R3,STREATHAM,S3,P3412,R3,,More pulses
STREATHAM_S3_P4123_R1,STREATHAM,S3,P4123,R1,,More pulses
STREATHAM_S3_P4123_R2,STREATHAM,S3,P4123,R2,,More pulses
STREATHAM_S3_P4123_R3,STREATHAM,S3,P4123,R3,,More pulses
STREATHAM_S4_P1231_R1,STREATHAM,S4,P1231,R1,,Hay
STREATHAM_S4_P1231_R2,STREATHAM,S4,P1231,R2,,Hay
STREATHAM_S4_P1231_R3,STREATHAM,S4,P1231,R3,,Hay
STREATHAM_S4_P2312_R1,STREATHAM,S4,P2312,R1,,Hay
STREATHAM_S4_P2312_R2,STREATHAM,S4,P2312,R2,,Hay
STREATHAM_S4_P2312_R3,STREATHAM,S4,P2312,R3,,Hay
STREATHAM_S4_P3123_R1,STREATHAM,S4,P3123,R1,,Hay
STREATHAM_S4_P3123_R2,STREATHAM,S4,P3123,R2,,Hay
STREATHAM_S4_P3123_R3,STREATHAM,S4,P3123,R3,,Hay
STREATHAM_S5_P1231_R1,STREATHAM,S5,P1231,R1,,More cereals
STREATHAM_S5_P1231_R2,STREATHAM,S5,P1231,R2,,More cereals
STREATHAM_S5_P1231_R3,STREATHAM,S5,P1231,R3,,More cereals
STREATHAM_S5_P2312_R1,STREATHAM,S5,P2312,R1,,More cereals
STREATHAM_S5_P2312_R2,STREATHAM,S5,P2312,R2,,More cereals
STREATHAM_S5_P2312_R3,STREATHAM,S5,P2312,R3,,More cereals
STREATHAM_S5_P3123_R1,STREATHAM,S5,P3123,R1,,More cereals
STREATHAM_S5_P3123_R2,STREATHAM,S5,P3123,R2,,More cereals
STREATHAM_S5_P3123_R3,STREATHAM,S5,P3123,R3,,More cereals
STREATHAM_S6.1_P1231_R1,STREATHAM,S6.1,P1231,R1,,Pasture 1/3 (PastMix1)
STREATHAM_S6.1_P1231_R2,STREATHAM,S6.1,P1231,R2,,Pasture 1/3 (PastMix1)
STREATHAM_S6.1_P1231_R3,STREATHAM,S6.1,P1231,R3,,Pasture 1/3 (PastMix1)
STREATHAM_S6.1_P2312_R1,STREATHAM,S6.1,P2312,R1,,Pasture 1/3 (PastMix1)
STREATHAM_S6.1_P2312_R2,STREATHAM,S6.1,P2312,R2,,Pasture 1/3 (PastMix1)
STREATHAM_S6.1_P2312_R3,STREATHAM,S6.1,P2312,R3,,Pasture 1/3 (PastMix1)
STREATHAM_S6.1_P3123_R1,STREATHAM,S6.1,P3123,R1,,Pasture 1/3 (PastMix1)
STREATHAM_S6.1_P3123_R2,STREATHAM,S6.1,P3123,R2,,Pasture 1/3 (PastMix1)
STREATHAM_S6.1_P3123_R3,STREATHAM,S6.1,P3123,R3,,Pasture 1/3 (PastMix1)
STREATHAM_S6.2_P1231_R1,STREATHAM,S6.2,P1231,R1,,Pasture 1/3 (PastMix2)
STREATHAM_S6.2_P1231_R2,STREATHAM,S6.2,P1231,R2,,Pasture 1/3 (PastMix2)
STREATHAM_S6.2_P1231_R3,STREATHAM,S6.2,P1231,R3,,Pasture 1/3 (PastMix2)
STREATHAM_S6.2_P2312_R1,STREATHAM,S6.2,P2312,R1,,Pasture 1/3 (PastMix2)
STREATHAM_S6.2_P2312_R2,STREATHAM,S6.2,P2312,R2,,Pasture 1/3 (PastMix2)
STREATHAM_S6.2_P2312_R3,STREATHAM,S6.2,P2312,R3,,Pasture 1/3 (PastMix2)
STREATHAM_S6.2_P3123_R1,STREATHAM,S6.2,P3123,R1,,Pasture 1/3 (PastMix2)
STREATHAM_S6.2_P3123_R2,STREATHAM,S6.2,P3123,R2,,Pasture 1/3 (PastMix2)
STREATHAM_S6.2_P3123_R3,STREATHAM,S6.2,P3123,R3,,Pasture 1/3 (PastMix2)
STREATHAM_S7_P1234_R1,STREATHAM,S7,P1234,R1,,Pasture 2/4
STREATHAM_S7_P1234_R2,STREATHAM,S7,P1234,R2,,Pasture 2/4
STREATHAM_S7_P1234_R3,STREATHAM,S7,P1234,R3,,Pasture 2/4
STREATHAM_S7_P2341_R1,STREATHAM,S7,P2341,R1,,Pasture 2/4
STREATHAM_S7_P2341_R2,STREATHAM,S7,P2341,R2,,Pasture 2/4
STREATHAM_S7_P2341_R3,STREATHAM,S7,P2341,R3,,Pasture 2/4
STREATHAM_S7_P3412_R1,STREATHAM,S7,P3412,R1,,Pasture 2/4
STREATHAM_S7_P3412_R2,STREATHAM,S7,P3412,R2,,Pasture 2/4
STREATHAM_S7_P3412_R3,STREATHAM,S7,P3412,R3,,Pasture 2/4
STREATHAM_S7_P4123_R1,STREATHAM,S7,P4123,R1,,Pasture 2/4
STREATHAM_S7_P4123_R2,STREATHAM,S7,P4123,R2,,Pasture 2/4
STREATHAM_S7_P4123_R3,STREATHAM,S7,P4123,R3,,Pasture 2/4
STREATHAM_S8_P1231_R1,STREATHAM,S8,P1231,R1,,Winter cover cropping
STREATHAM_S8_P1231_R2,STREATHAM,S8,P1231,R2,,Winter cover cropping
STREATHAM_S8_P1231_R3,STREATHAM,S8,P1231,R3,,Winter cover cropping
STREATHAM_S8_P2312_R1,STREATHAM,S8,P2312,R1,,Winter cover cropping
STREATHAM_S8_P2312_R2,STREATHAM,S8,P2312,R2,,Winter cover cropping
STREATHAM_S8_P2312_R3,STREATHAM,S8,P2312,R3,,Winter cover cropping
STREATHAM_S8_P3123_R1,STREATHAM,S8,P3123,R1,,Winter cover cropping
STREATHAM_S8_P3123_R2,STREATHAM,S8,P3123,R2,,Winter cover cropping
STREATHAM_S8_P3123_R3,STREATHAM,S8,P3123,R3,,Winter cover cropping
STREATHAM_S9.1_P1212_R1,STREATHAM,S9.1,P1212,R1,,Intercropping (Nil N intercrop)
STREATHAM_S9.1_P1212_R2,STREATHAM,S9.1,P1212,R2,,Intercropping (Nil N intercrop)
STREATHAM_S9.1_P1212_R3,STREATHAM,S9.1,P1212,R3,,Intercropping (Nil N intercrop)
STREATHAM_S9.1_P2121_R1,STREATHAM,S9.1,P2121,R1,,Intercropping (Nil N intercrop)
STREATHAM_S9.1_P2121_R2,STREATHAM,S9.1,P2121,R2,,Intercropping (Nil N intercrop)
STREATHAM_S9.1_P2121_R3,STREATHAM,S9.1,P2121,R3,,Intercropping (Nil N intercrop)
STREATHAM_S9.2_P1212_R1,STREATHAM,S9.2,P1212,R1,,Intercropping (Half N intercrop)
STREATHAM_S9.2_P1212_R2,STREATHAM,S9.2,P1212,R2,,Intercropping (Half N intercrop)
STREATHAM_S9.2_P1212_R3,STREATHAM,S9.2,P1212,R3,,Intercropping (Half N intercrop)
STREATHAM_S9.2_P2121_R1,STREATHAM,S9.2,P2121,R1,,Intercropping (Half N intercrop)
STREATHAM_S9.2_P2121_R2,STREATHAM,S9.2,P2121,R2,,Intercropping (Half N intercrop)
STREATHAM_S9.2_P2121_R3,STREATHAM,S9.2,P2121,R3,,Intercropping (Half N intercrop)
STREATHAM_S9.3_P1212_R1,STREATHAM,S9.3,P1212,R1,,Intercropping (Full N intercrop)
STREATHAM_S9.3_P1212_R2,STREATHAM,S9.3,P1212,R2,,Intercropping (Full N intercrop)
STREATHAM_S9.3_P1212_R3,STREATHAM,S9.3,P1212,R3,,Intercropping (Full N intercrop)
STREATHAM_S9.3_P2121_R1,STREATHAM,S9.3,P2121,R1,,Intercropping (Full N intercrop)
STREATHAM_S9.3_P2121_R2,STREATHAM,S9.3,P2121,R2,,Intercropping (Full N intercrop)
STREATHAM_S9.3_P2121_R3,STREATHAM,S9.3,P2121,R3,,Intercropping (Full N intercrop)
WALLUP_S1_P1231_R1,WALLUP,S1,P1231,R1,,Baseline
WALLUP_S1_P1231_R2,WALLUP,S1,P1231,R2,,Baseline
WALLUP_S1_P1231_R3,WALLUP,S1,P1231,R3,,Baseline
WALLUP_S1_P2312_R1,WALLUP,S1,P2312,R1,,Baseline
WALLUP_S1_P2312_R2,WALLUP,S1,P2312,R2,,Baseline
WALLUP_S1_P2312_R3,WALLUP,S1,P2312,R3,,Baseline
WALLUP_S1_P3123_R1,WALLUP,S1,P3123,R1,,Baseline
WALLUP_S1_P3123_R2,WALLUP,S1,P3123,R2,,Baseline
WALLUP_S1_P3123_R3,WALLUP,S1,P3123,R3,,Baseline
WALLUP_S2_P1234_R1,WALLUP,S2,P1234,R1,,Pulse-canola
WALLUP_S2_P1234_R2,WALLUP,S2,P1234,R2,,Pulse-canola
WALLUP_S2_P1234_R3,WALLUP,S2,P1234,R3,,Pulse-canola
WALLUP_S2_P2341_R1,WALLUP,S2,P2341,R1,,Pulse-canola
WALLUP_S2_P2341_R2,WALLUP,S2,P2341,R2,,Pulse-canola
WALLUP_S2_P2341_R3,WALLUP,S2,P2341,R3,,Pulse-canola
WALLUP_S2_P3412_R1,WALLUP,S2,P3412,R1,,Pulse-canola
WALLUP_S2_P3412_R2,WALLUP,S2,P3412,R2,,Pulse-canola
WALLUP_S2_P3412_R3,WALLUP,S2,P3412,R3,,Pulse-canola
WALLUP_S2_P4123_R1,WALLUP,S2,P4123,R1,,Pulse-canola
WALLUP_S2_P4123_R2,WALLUP,S2,P4123,R2,,Pulse-canola
WALLUP_S2_P4123_R3,WALLUP,S2,P4123,R3,,Pulse-canola
WALLUP_S3_P1234_R1,WALLUP,S3,P1234,R1,,Winter cover cropping
WALLUP_S3_P1234_R2,WALLUP,S3,P1234,R2,,Winter cover cropping
WALLUP_S3_P1234_R3,WALLUP,S3,P1234,R3,,Winter cover cropping
WALLUP_S3_P2341_R1,WALLUP,S3,P2341,R1,,Winter cover cropping
WALLUP_S3_P2341_R2,WALLUP,S3,P2341,R2,,Winter cover cropping
WALLUP_S3_P2341_R3,WALLUP,S3,P2341,R3,,Winter cover cropping
WALLUP_S3_P3412_R1,WALLUP,S3,P3412,R1,,Winter cover cropping
WALLUP_S3_P3412_R2,WALLUP,S3,P3412,R2,,Winter cover cropping
WALLUP_S3_P3412_R3,WALLUP,S3,P3412,R3,,Winter cover cropping
WALLUP_S3_P4123_R1,WALLUP,S3,P4123,R1,,Winter cover cropping
WALLUP_S3_P4123_R2,WALLUP,S3,P4123,R2,,Winter cover cropping
WALLUP_S3_P4123_R3,WALLUP,S3,P4123,R3,,Winter cover cropping
WALLUP_S4_P1231_R1,WALLUP,S4,P1231,R1,,Companion cropping
WALLUP_S4_P1231_R2,WALLUP,S4,P1231,R2,,Companion cropping
WALLUP_S4_P1231_R3,WALLUP,S4,P1231,R3,,Companion cropping
WALLUP_S4_P2312_R1,WALLUP,S4,P2312,R1,,Companion cropping
WALLUP_S4_P2312_R2,WALLUP,S4,P2312,R2,,Companion cropping
WALLUP_S4_P2312_R3,WALLUP,S4,P2312,R3,,Companion cropping
WALLUP_S4_P3123_R1,WALLUP,S4,P3123,R1,,Companion cropping
WALLUP_S4_P3123_R2,WALLUP,S4,P3123,R2,,Companion cropping
WALLUP_S4_P3123_R3,WALLUP,S4,P3123,R3,,Companion cropping
WALLUP_S5_P0000_R1,WALLUP,S5,P0000,R1,,Responsive: Adviser (risk-neutral)
WALLUP_S5_P0000_R2,WALLUP,S5,P0000,R2,,Responsive: Adviser (risk-neutral)
WALLUP_S5_P0000_R3,WALLUP,S5,P0000,R3,,Responsive: Adviser (risk-neutral)
WALLUP_S6_P0000_R1,WALLUP,S6,P0000,R1,,Responsive: N bank
WALLUP_S6_P0000_R2,WALLUP,S6,P0000,R2,,Responsive: N bank
WALLUP_S6_P0000_R3,WALLUP,S6,P0000,R3,,Responsive: N bank
WARRAMBINE_S1_P1212_R1,WARRAMBINE,S1,P1212,R1,,Baseline
WARRAMBINE_S1_P1212_R2,WARRAMBINE,S1,P1212,R2,,Baseline
WARRAMBINE_S1_P1212_R3,WARRAMBINE,S1,P1212,R3,,Baseline
WARRAMBINE_S1_P2121_R1,WARRAMBINE,S1,P2121,R1,,Baseline
WARRAMBINE_S1_P2121_R2,WARRAMBINE,S1,P2121,R2,,Baseline
WARRAMBINE_S1_P2121_R3,WARRAMBINE,S1,P2121,R3,,Baseline
WARRAMBINE_S2_P1231_R1,WARRAMBINE,S2,P1231,R1,,Pulse-canola
WARRAMBINE_S2_P1231_R2,WARRAMBINE,S2,P1231,R2,,Pulse-canola
WARRAMBINE_S2_P1231_R3,WARRAMBINE,S2,P1231,R3,,Pulse-canola
WARRAMBINE_S2_P2312_R1,WARRAMBINE,S2,P2312,R1,,Pulse-canola
WARRAMBINE_S2_P2312_R2,WARRAMBINE,S2,P2312,R2,,Pulse-canola
WARRAMBINE_S2_P2312_R3,WARRAMBINE,S2,P2312,R3,,Pulse-canola
WARRAMBINE_S2_P3123_R1,WARRAMBINE,S2,P3123,R1,,Pulse-canola
WARRAMBINE_S2_P3123_R2,WARRAMBINE,S2,P3123,R2,,Pulse-canola
WARRAMBINE_S2_P3123_R3,WARRAMBINE,S2,P3123,R3,,Pulse-canola
WARRAMBINE_S3_P1231_R1,WARRAMBINE,S3,P1231,R1,,Alternative pulse
WARRAMBINE_S3_P1231_R2,WARRAMBINE,S3,P1231,R2,,Alternative pulse
WARRAMBINE_S3_P1231_R3,WARRAMBINE,S3,P1231,R3,,Alternative pulse
WARRAMBINE_S3_P2312_R1,WARRAMBINE,S3,P2312,R1,,Alternative pulse
WARRAMBINE_S3_P2312_R2,WARRAMBINE,S3,P2312,R2,,Alternative pulse
WARRAMBINE_S3_P2312_R3,WARRAMBINE,S3,P2312,R3,,Alternative pulse
WARRAMBINE_S3_P3123_R1,WARRAMBINE,S3,P3123,R1,,Alternative pulse
WARRAMBINE_S3_P3123_R2,WARRAMBINE,S3,P3123,R2,,Alternative pulse
WARRAMBINE_S3_P3123_R3,WARRAMBINE,S3,P3123,R3,,Alternative pulse
WARRAMBINE_S4_P1231_R1,WARRAMBINE,S4,P1231,R1,,Pasture 1/3
WARRAMBINE_S4_P1231_R2,WARRAMBINE,S4,P1231,R2,,Pasture 1/3
WARRAMBINE_S4_P1231_R3,WARRAMBINE,S4,P1231,R3,,Pasture 1/3
WARRAMBINE_S4_P2312_R1,WARRAMBINE,S4,P2312,R1,,Pasture 1/3
WARRAMBINE_S4_P2312_R2,WARRAMBINE,S4,P2312,R2,,Pasture 1/3
WARRAMBINE_S4_P2312_R3,WARRAMBINE,S4,P2312,R3,,Pasture 1/3
WARRAMBINE_S4_P3123_R1,WARRAMBINE,S4,P3123,R1,,Pasture 1/3
WARRAMBINE_S4_P3123_R2,WARRAMBINE,S4,P3123,R2,,Pasture 1/3
WARRAMBINE_S4_P3123_R3,WARRAMBINE,S4,P3123,R3,,Pasture 1/3
WARRAMBINE_S5_P1231_R1,WARRAMBINE,S5,P1231,R1,,Winter cover cropping
WARRAMBINE_S5_P1231_R2,WARRAMBINE,S5,P1231,R2,,Winter cover cropping
WARRAMBINE_S5_P1231_R3,WARRAMBINE,S5,P1231,R3,,Winter cover cropping
WARRAMBINE_S5_P2312_R1,WARRAMBINE,S5,P2312,R1,,Winter cover cropping
WARRAMBINE_S5_P2312_R2,WARRAMBINE,S5,P2312,R2,,Winter cover cropping
WARRAMBINE_S5_P2312_R3,WARRAMBINE,S5,P2312,R3,,Winter cover cropping
WARRAMBINE_S5_P3123_R1,WARRAMBINE,S5,P3123,R1,,Winter cover cropping
WARRAMBINE_S5_P3123_R2,WARRAMBINE,S5,P3123,R2,,Winter cover cropping
WARRAMBINE_S5_P3123_R3,WARRAMBINE,S5,P3123,R3,,Winter cover cropping
WARRAMBINE_S6_P0000_R1,WARRAMBINE,S6,P0000,R1,,Responsive: Enhance soil health
WARRAMBINE_S6_P0000_R2,WARRAMBINE,S6,P0000,R2,,Responsive: Enhance soil health
WARRAMBINE_S6_P0000_R3,WARRAMBINE,S6,P0000,R3,,Responsive: Enhance soil health
WARRAMBINE_S7_P0000_R1,WARRAMBINE,S7,P0000,R1,,Responsive: Adviser (risk-neutral)
WARRAMBINE_S7_P0000_R2,WARRAMBINE,S7,P0000,R2,,Responsive: Adviser (risk-neutral)
WARRAMBINE_S7_P0000_R3,WARRAMBINE,S7,P0000,R3,,Responsive: Adviser (risk-neutral)
ROSEWORTHY_S8_P0212_R3,ROSEWORTHY,S8,P0212,R3,,High value broadleaf
ROSEWORTHY_S8_P0212_R1,ROSEWORTHY,S8,P0212,R1,,High value broadleaf
ROSEWORTHY_S8_P0121_R3,ROSEWORTHY,S8,P0121,R3,,High value broadleaf
ROSEWORTHY_S8_P0121_R2,ROSEWORTHY,S8,P0121,R2,,High value broadleaf
ROSEWORTHY_S8_P0121_R1,ROSEWORTHY,S8,P0121,R1,,High value broadleaf
ROSEWORTHY_S8_P0212_R2,ROSEWORTHY,S8,P0212,R2,,High value broadleaf
