,site,plot,year,annual_plot_operational_costs_dollars,annual_plot_material_input_costs_dollars,annual_plot_revenue_dollars,annual_plot_gross_margin_dollars
0,hart,HART_S8_P4123_R3,2023,290.0,246.75835,1150.05,613.2916499999999
1,hart,HART_S7_P2341_R3,2023,292.5,209.9862,790.152,287.66580000000005
2,hart,HART_S10.1_P2312_R2,2023,281.5,190.25835,927.3,455.54164999999995
3,hart,HART_S8_P1234_R2,2023,292.5,222.5193,931.45,416.43070000000006
4,hart,HART_S6_P4123_R3,2023,290.0,235.75835,1207.794,682.03565
5,hart,HART_S1.3_P3123_R2,2023,290.0,258.75835,939.594,390.83565000000004
6,hart,HART_S4.1_P3412_R2,2023,301.0,215.00179999999997,334.014,-181.98779999999996
7,hart,HART_S1.1_P1231_R2,2023,292.5,222.5193,857.35,342.33070000000004
8,hart,HART_S2.2_P0000_R1,2023,290.0,264.25835,1190.64,636.38165
9,hart,HART_S10.2_P3123_R1,2023,290.0,213.25835,1319.246,815.98765
10,hart,HART_S4.3_P4123_R3,2023,290.0,258.75835,1142.234,593.4756499999999
11,hart,HART_S9_P2341_R2,2023,301.0,236.50179999999997,289.852,-247.6498
12,hart,HART_S9_P1234_R1,2023,325.5,235.9362,0.0,-561.4362
13,hart,HART_S10.2_P2312_R3,2023,290.0,218.75835,950.73,441.97165
14,hart,HART_S2.1_P0000_R3,2023,290.0,238.25835,1432.2,903.94165
15,hart,HART_S6_P4123_R1,2023,290.0,235.75835,1334.444,808.6856499999999
16,hart,HART_S1.2_P1231_R2,2023,292.5,222.5193,1045.2,530.1807000000001
17,hart,HART_S10.2_P3123_R3,2023,290.0,213.25835,1258.156,754.8976499999999
18,hart,HART_S9_P4123_R2,2023,290.0,235.75835,1130.0159999999998,604.2576499999998
19,hart,HART_S3_P1234_R1,2023,292.5,222.5193,984.75,469.7307
20,hart,HART_S6_P2341_R1,2023,301.0,236.50179999999997,311.0,-226.50179999999997
21,hart,HART_S9_P3412_R1,2023,290.0,246.75835,1082.4,545.64165
22,hart,HART_S10.3_P1231_R3,2023,281.5,227.7693,938.976,429.7067
23,hart,HART_S10.1_P1231_R3,2023,281.5,227.7693,949.408,440.13870000000003
24,hart,HART_S1.3_P1231_R3,2023,292.5,222.5193,810.5500000000001,295.5307000000001
25,hart,HART_S10.1_P1231_R1,2023,281.5,227.7693,793.39,284.1207
26,hart,HART_S6_P2341_R3,2023,301.0,236.50179999999997,388.128,-149.3738
27,hart,HART_S8_P3412_R1,2023,290.0,235.75835,1057.006,531.24765
28,hart,HART_S8_P4123_R2,2023,290.0,246.75835,898.59,361.83165
29,hart,HART_S8_P4123_R1,2023,290.0,246.75835,1116.39,579.63165
30,hart,HART_S7_P3412_R1,2023,290.0,246.75835,1249.71,712.95165
31,hart,HART_S4.2_P4123_R1,2023,290.0,235.75835,1000.386,474.62764999999996
32,hart,HART_S4.1_P2341_R3,2023,290.0,225.25835,1084.38,569.12165
33,hart,HART_S7_P3412_R2,2023,290.0,246.75835,930.6,393.84165
34,hart,HART_S1.2_P3123_R2,2023,290.0,235.75835,1005.154,479.39565
35,hart,HART_S2.1_P0000_R1,2023,290.0,238.25835,1337.16,808.90165
36,hart,HART_S2.3_P0000_R1,2023,290.0,285.75835,1461.24,885.48165
37,hart,HART_S4.3_P2341_R3,2023,290.0,259.75835,1106.16,556.40165
38,hart,HART_S1.1_P1231_R3,2023,292.5,222.5193,1015.3,500.28069999999997
39,hart,HART_S5_P0000_R9,2023,292.5,222.5193,787.15,272.1307
40,hart,HART_S9_P3412_R2,2023,290.0,246.75835,807.1800000000001,270.42165000000006
41,hart,HART_S3_P3412_R2,2023,292.5,222.5193,1014.65,499.6307
42,hart,HART_S2.3_P0000_R3,2023,290.0,285.75835,1222.98,647.22165
43,hart,HART_S7_P1234_R2,2023,292.5,222.5193,937.95,422.93070000000006
44,hart,HART_S4.3_P1234_R2,2023,292.5,222.5193,1151.15,636.1307000000002
45,hart,HART_S6_P3412_R2,2023,290.0,246.75835,983.07,446.31165000000004
46,hart,HART_S5_P0000_R6,2023,292.5,222.5193,1340.3,825.2807
47,hart,HART_S3_P2341_R3,2023,290.0,246.75835,1047.09,510.3316499999999
48,hart,HART_S1.3_P1231_R2,2023,292.5,222.5193,827.45,312.43070000000006
49,hart,HART_S1.3_P3123_R3,2023,290.0,258.75835,1244.448,695.68965
50,hart,HART_S6_P1234_R2,2023,292.5,222.5193,877.5,362.4807
51,hart,HART_S1.3_P2312_R2,2023,290.0,259.75835,912.12,362.36165
52,hart,HART_S10.2_P3123_R2,2023,290.0,213.25835,997.406,494.14764999999994
53,hart,HART_S4.2_P3412_R1,2023,301.0,236.50179999999997,544.25,6.7482000000000255
54,hart,HART_S9_P4123_R1,2023,290.0,235.75835,1102.6,576.8416499999998
55,hart,HART_S4.2_P2341_R2,2023,290.0,246.75835,781.77,245.01164999999997
56,hart,HART_S4.1_P4123_R2,2023,290.0,209.25835,956.282,457.02365000000003
57,hart,HART_S10.2_P2312_R2,2023,290.0,218.75835,940.83,432.07165000000003
58,hart,HART_S4.3_P3412_R3,2023,301.0,249.50179999999997,350.186,-200.3158
59,hart,HART_S6_P4123_R2,2023,290.0,235.75835,1082.932,557.17365
60,hart,HART_S4.1_P1234_R2,2023,292.5,222.5193,821.6,306.58070000000004
61,hart,HART_S2.3_P0000_R2,2023,290.0,285.75835,1233.21,657.45165
62,hart,HART_S1.3_P2312_R1,2023,290.0,259.75835,1148.4,598.64165
63,hart,HART_S8_P1234_R1,2023,292.5,222.5193,828.1,313.08070000000004
64,hart,HART_S3_P4123_R3,2023,290.0,235.75835,1180.378,654.6196499999999
65,hart,HART_S4.1_P1234_R1,2023,292.5,222.5193,1041.3,526.2807
66,hart,HART_S10.3_P2312_R2,2023,290.0,246.75835,989.67,452.91164999999995
67,hart,HART_S3_P2341_R2,2023,290.0,246.75835,891.6600000000001,354.9016500000001
68,hart,HART_S10.1_P3123_R1,2023,281.5,190.25835,1326.696,854.9376499999998
69,hart,HART_S3_P3412_R1,2023,292.5,222.5193,1044.55,529.5307
70,hart,HART_S4.3_P4123_R1,2023,290.0,258.75835,1296.3,747.5416499999999
71,hart,HART_S10.1_P2312_R3,2023,281.5,190.25835,869.88,398.12165
72,hart,HART_S4.2_P2341_R3,2023,290.0,246.75835,1148.4,611.64165
73,hart,HART_S4.2_P1234_R3,2023,292.5,222.5193,1250.6,735.5807
74,hart,HART_S4.2_P3412_R3,2023,301.0,236.50179999999997,190.954,-346.54779999999994
75,hart,HART_S6_P3412_R3,2023,290.0,246.75835,852.72,315.96165
76,hart,HART_S9_P1234_R2,2023,325.5,235.9362,0.0,-561.4362
77,hart,HART_S5_P0000_R2,2023,292.5,222.5193,1092.0,576.9807000000001
78,hart,HART_S8_P3412_R2,2023,290.0,235.75835,1116.308,590.5496499999999
79,hart,HART_S3_P1234_R2,2023,292.5,222.5193,851.5,336.4807
80,hart,HART_S2.2_P0000_R3,2023,290.0,264.25835,1299.54,745.2816499999999
81,hart,HART_S4.3_P3412_R2,2023,301.0,249.50179999999997,416.74,-133.76179999999997
82,hart,HART_S8_P2341_R1,2023,290.0,246.75835,1074.15,537.39165
83,hart,HART_S10.3_P3123_R1,2023,290.0,235.75835,1287.062,761.3036499999998
84,hart,HART_S5_P0000_R3,2023,292.5,222.5193,984.75,469.7307
85,hart,HART_S7_P1234_R1,2023,292.5,222.5193,1196.0,680.9807000000001
86,hart,HART_S8_P2341_R2,2023,290.0,246.75835,851.07,314.31165000000004
87,hart,HART_S2.1_P0000_R2,2023,290.0,238.25835,1032.57,504.31164999999993
88,hart,HART_S4.1_P3412_R3,2023,301.0,215.00179999999997,436.022,-79.97979999999998
89,hart,HART_S4.2_P3412_R2,2023,301.0,236.50179999999997,356.406,-181.09579999999997
90,hart,HART_S5_P0000_R7,2023,292.5,222.5193,1142.7,627.6807000000001
91,hart,HART_S1.1_P2312_R3,2023,290.0,246.75835,935.55,398.79164999999995
92,hart,HART_S10.1_P2312_R1,2023,281.5,190.25835,858.0,386.24165
93,hart,HART_S10.3_P2312_R3,2023,290.0,246.75835,1047.09,510.3316499999999
94,hart,HART_S5_P0000_R8,2023,292.5,222.5193,817.7,302.68070000000006
95,hart,HART_S1.2_P3123_R3,2023,290.0,235.75835,1191.106,665.3476499999999
96,hart,HART_S1.2_P2312_R2,2023,290.0,246.75835,947.43,410.67164999999994
97,hart,HART_S5_P0000_R1,2023,292.5,222.5193,1192.75,677.7307000000001
98,hart,HART_S1.1_P2312_R1,2023,290.0,246.75835,1097.91,561.15165
99,hart,HART_S4.2_P4123_R3,2023,290.0,235.75835,1191.106,665.3476499999999
100,hart,HART_S4.1_P1234_R3,2023,292.5,222.5193,1137.5,622.4807000000001
101,hart,HART_S5_P0000_R5,2023,292.5,222.5193,1068.6,553.5807
102,hart,HART_S4.2_P4123_R2,2023,290.0,235.75835,1035.55,509.79164999999995
103,hart,HART_S1.2_P1231_R1,2023,292.5,222.5193,804.0500000000001,289.0307000000001
104,hart,HART_S4.1_P2341_R1,2023,290.0,225.25835,903.54,388.28164999999996
105,hart,HART_S7_P2341_R2,2023,292.5,209.9862,713.482,210.99579999999997
106,hart,HART_S3_P4123_R2,2023,290.0,235.75835,985.188,459.42965
107,hart,HART_S5_P0000_R4,2023,292.5,222.5193,951.6,436.58070000000004
108,hart,HART_S3_P3412_R3,2023,292.5,222.5193,881.4,366.3807
109,hart,HART_S9_P4123_R3,2023,290.0,235.75835,1281.102,755.34365
110,hart,HART_S1.2_P1231_R3,2023,292.5,222.5193,1082.25,567.2307000000001
111,hart,HART_S4.2_P2341_R1,2023,290.0,246.75835,830.94,294.18165000000005
112,hart,HART_S1.2_P2312_R3,2023,290.0,246.75835,1033.56,496.80164999999994
113,hart,HART_S9_P3412_R3,2023,290.0,246.75835,1008.15,471.39164999999997
114,hart,HART_S4.2_P1234_R2,2023,292.5,222.5193,758.5500000000001,243.53070000000008
115,hart,HART_S7_P4123_R1,2023,290.0,235.75835,1335.934,810.1756499999999
116,hart,HART_S6_P1234_R3,2023,292.5,222.5193,1212.9,697.8807000000002
117,hart,HART_S10.1_P3123_R2,2023,281.5,190.25835,1044.788,573.02965
118,hart,HART_S10.2_P1231_R2,2023,281.5,227.7693,828.686,319.41670000000005
119,hart,HART_S4.3_P4123_R2,2023,290.0,258.75835,1005.154,456.39565
120,hart,HART_S3_P1234_R3,2023,292.5,222.5193,1124.5,609.4807000000001
121,hart,HART_S3_P4123_R1,2023,290.0,235.75835,1027.802,502.0436499999999
122,hart,HART_S7_P2341_R1,2023,292.5,209.9862,664.774,162.2878
123,hart,HART_S10.2_P1231_R3,2023,281.5,227.7693,836.6500000000001,327.3807000000001
124,hart,HART_S8_P3412_R3,2023,290.0,235.75835,1186.636,660.8776499999999
125,hart,HART_S10.1_P1231_R2,2023,281.5,227.7693,1017.254,507.98470000000003
126,hart,HART_S4.3_P1234_R1,2023,292.5,222.5193,791.7,276.68070000000006
127,hart,HART_S10.3_P3123_R2,2023,290.0,235.75835,971.48,445.72165
128,hart,HART_S8_P1234_R3,2023,292.5,222.5193,914.55,399.53069999999997
129,hart,HART_S10.3_P1231_R1,2023,281.5,227.7693,922.236,412.9667
130,hart,HART_S1.1_P3123_R2,2023,290.0,235.75835,1091.8719999999998,566.1136499999998
131,hart,HART_S6_P3412_R1,2023,290.0,246.75835,1185.69,648.93165
132,hart,HART_S4.2_P1234_R1,2023,292.5,222.5193,1190.8,675.7807
133,hart,HART_S1.1_P1231_R1,2023,292.5,222.5193,1259.7,744.6807000000001
134,hart,HART_S3_P2341_R1,2023,290.0,246.75835,1028.61,491.8516499999999
135,hart,HART_S10.2_P2312_R1,2023,290.0,218.75835,1246.41,737.65165
136,hart,HART_S8_P2341_R3,2023,290.0,246.75835,1128.27,591.5116499999999
137,hart,HART_S10.3_P3123_R3,2023,290.0,235.75835,974.46,448.70165000000003
138,hart,HART_S9_P2341_R3,2023,301.0,236.50179999999997,388.128,-149.3738
139,hart,HART_S1.2_P3123_R1,2023,290.0,235.75835,1329.974,804.2156499999999
140,hart,HART_S4.1_P2341_R2,2023,290.0,225.25835,886.71,371.45165000000003
141,hart,HART_S4.1_P4123_R1,2023,290.0,209.25835,1064.456,565.1976499999998
142,hart,HART_S7_P3412_R3,2023,290.0,246.75835,1080.75,543.9916499999999
143,hart,HART_S7_P4123_R3,2023,290.0,235.75835,1130.0159999999998,604.2576499999998
144,hart,HART_S2.2_P0000_R2,2023,290.0,264.25835,950.73,396.47165
145,hart,HART_S6_P2341_R2,2023,301.0,236.50179999999997,394.348,-143.15379999999996
146,hart,HART_S4.1_P4123_R3,2023,290.0,209.25835,1031.08,531.8216499999999
147,hart,HART_S4.3_P3412_R1,2023,301.0,249.50179999999997,359.516,-190.98579999999995
148,hart,HART_S9_P1234_R3,2023,325.5,235.9362,0.0,-561.4362
149,hart,HART_S7_P4123_R2,2023,290.0,235.75835,963.732,437.97364999999996
150,hart,HART_S1.1_P3123_R1,2023,290.0,235.75835,1053.728,527.96965
151,hart,HART_S10.1_P3123_R3,2023,281.5,190.25835,1151.472,679.7136499999999
152,hart,HART_S10.2_P1231_R1,2023,281.5,227.7693,911.618,402.34870000000006
153,hart,HART_S9_P2341_R1,2023,301.0,236.50179999999997,490.136,-47.36579999999995
154,hart,HART_S7_P1234_R3,2023,292.5,222.5193,1138.8,623.7807
155,hart,HART_S6_P1234_R1,2023,292.5,222.5193,928.2,413.18070000000006
156,hart,HART_S1.1_P2312_R2,2023,290.0,246.75835,984.72,447.96165
157,hart,HART_S4.3_P1234_R3,2023,292.5,222.5193,1160.9,645.8807000000002
158,hart,HART_S1.3_P2312_R3,2023,290.0,259.75835,1026.96,477.20165000000003
159,hart,HART_S4.3_P2341_R2,2023,290.0,259.75835,859.6500000000001,309.8916500000001
160,hart,HART_S1.1_P3123_R3,2023,290.0,235.75835,1073.694,547.9356499999999
161,hart,HART_S10.3_P1231_R2,2023,281.5,227.7693,842.056,332.78670000000005
162,hart,HART_S4.1_P3412_R1,2023,301.0,215.00179999999997,652.478,136.47619999999998
163,hart,HART_S1.2_P2312_R1,2023,290.0,246.75835,1072.5,535.7416499999999
164,hart,HART_S1.3_P1231_R1,2023,292.5,222.5193,998.4,483.3807
165,hart,HART_S10.3_P2312_R1,2023,290.0,246.75835,923.67,386.91164999999995
166,hart,HART_S4.3_P2341_R1,2023,290.0,259.75835,859.6500000000001,309.8916500000001
167,hart,HART_S1.3_P3123_R1,2023,290.0,258.75835,1085.912,537.15365
168,edillilie,EDILLILIE_S2.2_P3412_R3,2023,293.5,439.9786,1247.73,514.2514000000001
169,edillilie,EDILLILIE_S3_P3412_R2,2023,293.5,439.9786,1163.25,429.7714
170,edillilie,EDILLILIE_S3_P3412_R3,2023,293.5,439.9786,1145.1,411.62139999999994
171,edillilie,EDILLILIE_S1.1_P1212_R2,2023,296.0,445.997,937.976,195.97899999999998
172,edillilie,EDILLILIE_S1.3_P1212_R2,2023,304.5,545.9970000000001,1155.676,305.17899999999986
173,edillilie,EDILLILIE_S2.1_P3412_R3,2023,276.5,289.97860000000003,1252.68,686.2014
174,edillilie,EDILLILIE_S3_P4123_R3,2023,293.5,439.9786,1206.81,473.3314
175,edillilie,EDILLILIE_S2.1_P4123_R3,2023,276.5,289.97860000000003,1191.63,625.1514000000001
176,edillilie,EDILLILIE_S1.1_P2121_R2,2023,285.0,339.97860000000003,1219.35,594.3713999999999
177,edillilie,EDILLILIE_S2.1_P4123_R2,2023,276.5,289.97860000000003,1329.9,763.4214000000001
178,edillilie,EDILLILIE_S2.1_P4123_R1,2023,276.5,289.97860000000003,1677.0600000000002,1110.5814
179,edillilie,EDILLILIE_S1.1 _P2121_R1,2023,285.0,339.97860000000003,1330.89,705.9114000000001
180,edillilie,EDILLILIE_S1.3_P1212_R1,2023,304.5,545.9970000000001,1288.162,437.66499999999996
181,edillilie,EDILLILIE_S1.3_P1212_R3,2023,304.5,545.9970000000001,1110.892,260.395
182,edillilie,EDILLILIE_S3_P1234_R1,2023,259.5,139.22799999999998,1126.98,728.2520000000001
183,edillilie,EDILLILIE_S3_P4123_R1,2023,293.5,439.9786,1269.18,535.7014000000001
184,edillilie,EDILLILIE_S2.2_P4123_R3,2023,293.5,439.9786,1261.92,528.4414000000002
185,edillilie,EDILLILIE_S2.1_P2341_R1,2023,287.5,395.997,1189.264,505.7669999999999
186,edillilie,EDILLILIE_S2.2_P1234_R2,2023,259.5,139.22799999999998,1114.1,715.372
187,edillilie,EDILLILIE_S2.1_P2341_R3,2023,287.5,395.997,928.024,244.527
188,edillilie,EDILLILIE_S1.3_P2121_R2,2023,293.5,439.9786,1239.15,505.6714000000001
189,edillilie,EDILLILIE_S1.3_P2121_R3,2023,293.5,439.9786,1340.13,606.6514000000002
190,edillilie,EDILLILIE_S3_P3412_R1,2023,293.5,439.9786,1310.76,577.2814000000001
191,edillilie,EDILLILIE_S1.2 _P1212_R2,2023,287.5,395.997,842.188,158.69099999999997
192,edillilie,EDILLILIE_S2.2 _P2341_R1,2023,304.5,545.9970000000001,1168.738,318.241
193,edillilie,EDILLILIE_S2.1_P3412_R2,2023,276.5,289.97860000000003,1422.3,855.8213999999999
194,edillilie,EDILLILIE_S2.2_P3412_R1,2023,293.5,439.9786,1341.45,607.9714000000001
195,edillilie,EDILLILIE_S3_P4123_R2,2023,293.5,439.9786,1155.0,421.5214
196,edillilie,EDILLILIE_S1.2 _P2121_R2,2023,276.5,289.97860000000003,1364.22,797.7414
197,edillilie,EDILLILIE_S2.1_P1234_R3,2023,259.5,139.22799999999998,1019.85,621.1220000000001
198,edillilie,EDILLILIE_S2.2_P2341_R2,2023,304.5,545.9970000000001,997.688,147.19099999999992
199,edillilie,EDILLILIE_S3_P2341_R3,2023,304.5,545.9970000000001,1164.384,313.88699999999994
200,edillilie,EDILLILIE_S2.1_P1234_R1,2023,259.5,139.22799999999998,975.0,576.272
201,edillilie,EDILLILIE_S3_P2341_R1,2023,304.5,545.9970000000001,1178.068,327.5709999999999
202,edillilie,EDILLILIE_S3_P1234_R2,2023,259.5,139.22799999999998,804.0600000000001,405.3320000000001
203,edillilie,EDILLILIE_S1.3_P2121_R1,2023,293.5,439.9786,1105.5,372.0214
204,edillilie,EDILLILIE_S2.2_P2341_R3,2023,304.5,545.9970000000001,986.492,135.9949999999999
205,edillilie,EDILLILIE_S2.1_P2341_R2,2023,287.5,395.997,905.01,221.51299999999998
206,edillilie,EDILLILIE_S1.1_P1212_R1,2023,296.0,445.997,1498.398,756.4009999999998
207,edillilie,EDILLILIE_S2.2_P3412_R2,2023,293.5,439.9786,1228.26,494.7814
208,edillilie,EDILLILIE_S1.2 _P1212_R3,2023,287.5,395.997,914.34,230.84300000000002
209,edillilie,EDILLILIE_S1.1_P1212_R3,2023,296.0,445.997,1053.046,311.04900000000004
210,edillilie,EDILLILIE_S1.1_P2121_R3,2023,285.0,339.97860000000003,1335.84,710.8613999999999
211,edillilie,EDILLILIE_S3_P1234_R3,2023,259.5,139.22799999999998,1191.24,792.5120000000001
212,edillilie,EDILLILIE_S2.1_P1234_R2,2023,259.5,139.22799999999998,1069.9,671.1720000000001
213,edillilie,EDILLILIE_S2.2_P4123_R2,2023,293.5,439.9786,1046.1,312.62139999999994
214,edillilie,EDILLILIE_S3_P2341_R2,2023,304.5,545.9970000000001,848.408,-2.0890000000000555
215,edillilie,EDILLILIE_S1.2 _P2121_R3,2023,276.5,289.97860000000003,1329.9,763.4214000000001
216,edillilie,EDILLILIE_S2.2_P1234_R1,2023,259.5,139.22799999999998,1021.8,623.072
217,edillilie,EDILLILIE_S2.2_P1234_R3,2023,259.5,139.22799999999998,1109.55,710.822
218,edillilie,EDILLILIE_S1.2 _P1212_R1,2023,287.5,395.997,1288.162,604.665
219,edillilie,EDILLILIE_S2.2_P4123_R1,2023,293.5,439.9786,1199.55,466.0714
220,edillilie,EDILLILIE_S2.1_P3412_R1,2023,276.5,289.97860000000003,1405.14,838.6614000000001
221,edillilie,EDILLILIE_S1.2 _P2121_R1,2023,276.5,289.97860000000003,1400.19,833.7114
222,roseworthy,ROSEWORTHY_S1.2_P1231_R2,2023,314.5,870.8794,988.65,-196.72940000000006
223,roseworthy,ROSEWORTHY_S3_P1212_R2,2023,314.5,660.9044,0.0,-975.4044
224,roseworthy,ROSEWORTHY_S3_P2121_R2,2023,334.0,676.1894,1771.492,761.3026
225,roseworthy,ROSEWORTHY_S7_P0000_R1,2023,334.0,6892.229399999999,1407.264,-5818.965399999999
226,roseworthy,ROSEWORTHY_S3_P1212_R3,2023,314.5,660.9044,0.0,-975.4044
227,roseworthy,ROSEWORTHY_S2_P1212_R3,2023,314.5,870.8794,1021.8,-163.57940000000008
228,roseworthy,ROSEWORTHY_S4_P2312_R3,2023,303.5,900.4513999999999,1490.72,286.7686000000001
229,roseworthy,ROSEWORTHY_S4_P1231_R3,2023,314.5,663.2794,1240.061,262.2815999999999
230,roseworthy,ROSEWORTHY_S6_P0000_R2,2023,334.0,676.1894,1750.98,740.7906
231,roseworthy,ROSEWORTHY_S1.1_P2312_R3,2023,334.0,676.1894,1537.47,527.2806
232,roseworthy,ROSEWORTHY_S3_P2121_R3,2023,334.0,676.1894,971.56,-38.62940000000003
233,roseworthy,ROSEWORTHY_S2_P1212_R1,2023,314.5,870.8794,1319.5,134.12059999999997
234,roseworthy,ROSEWORTHY_S4_P3123_R1,2023,303.5,642.6094,1395.464,449.3545999999999
235,roseworthy,ROSEWORTHY_S1.2_P2312_R2,2023,334.0,676.1894,1852.29,842.1006
236,roseworthy,ROSEWORTHY_S5_P0000_R1,2023,329.0,779.1294,1263.282,155.1525999999999
237,roseworthy,ROSEWORTHY_S1.1_P3123_R3,2023,334.0,676.1894,1405.666,395.47659999999996
238,roseworthy,ROSEWORTHY_S2_P2121_R2,2023,334.0,676.1894,1550.216,540.0265999999999
239,roseworthy,ROSEWORTHY_S2_P2121_R3,2023,334.0,676.1894,1078.132,67.94260000000008
240,roseworthy,ROSEWORTHY_S3_P2121_R1,2023,334.0,676.1894,1574.184,563.9946
241,roseworthy,ROSEWORTHY_S3_P1212_R1,2023,314.5,660.9044,0.0,-975.4044
242,roseworthy,ROSEWORTHY_S1.2_P3123_R1,2023,334.0,676.1894,1510.562,500.3725999999999
243,roseworthy,ROSEWORTHY_S1.2_P3123_R3,2023,334.0,676.1894,1564.5,554.3106
244,roseworthy,ROSEWORTHY_S6_P0000_R3,2023,334.0,676.1894,1152.69,142.50060000000008
245,roseworthy,ROSEWORTHY_S1.2_P2312_R3,2023,334.0,676.1894,1238.8200000000002,228.6306000000002
246,roseworthy,ROSEWORTHY_S1.1_P2312_R2,2023,334.0,676.1894,1684.3200000000002,674.1306000000002
247,roseworthy,ROSEWORTHY_S2_P2121_R1,2023,334.0,676.1894,1452.632,442.4426000000001
248,roseworthy,ROSEWORTHY_S4_P1231_R1,2023,314.5,663.2794,1245.4720000000002,267.6926000000002
249,roseworthy,ROSEWORTHY_S1.2_P2312_R1,2023,334.0,676.1894,1844.7,834.5106000000001
250,roseworthy,ROSEWORTHY_S4_P3123_R3,2023,303.5,642.6094,1381.474,435.3645999999999
251,roseworthy,ROSEWORTHY_S7_P0000_R2,2023,334.0,6892.229399999999,1530.1,-5696.1294
252,roseworthy,ROSEWORTHY_S1.2_P1231_R3,2023,314.5,870.8794,961.35,-224.0294
253,roseworthy,ROSEWORTHY_S2_P1212_R2,2023,314.5,870.8794,949.0,-236.37940000000003
254,roseworthy,ROSEWORTHY_S5_P0000_R3,2023,329.0,779.1294,987.114,-121.0154
255,roseworthy,ROSEWORTHY_S4_P1231_R2,2023,314.5,663.2794,1151.472,173.69259999999997
256,roseworthy,ROSEWORTHY_S1.1_P1231_R3,2023,314.5,870.8794,1169.35,-16.029400000000123
257,roseworthy,ROSEWORTHY_S1.1_P2312_R1,2023,334.0,676.1894,1657.59,647.4005999999999
258,roseworthy,ROSEWORTHY_S4_P2312_R1,2023,303.5,900.4513999999999,1398.38,194.4286000000002
259,roseworthy,ROSEWORTHY_S4_P2312_R2,2023,303.5,900.4513999999999,1381.5700000000002,177.61860000000024
260,roseworthy,ROSEWORTHY_S1.1_P1231_R1,2023,314.5,870.8794,1288.95,103.57060000000001
261,roseworthy,ROSEWORTHY_S7_P0000_R3,2023,334.0,6892.229399999999,1796.316,-5429.9133999999995
262,roseworthy,ROSEWORTHY_S4_P3123_R2,2023,303.5,642.6094,1436.9699999999998,490.86059999999975
263,roseworthy,ROSEWORTHY_S6_P0000_R1,2023,334.0,676.1894,1949.64,939.4506000000001
264,roseworthy,ROSEWORTHY_S1.2_P1231_R1,2023,314.5,870.8794,1053.65,-131.72939999999994
265,roseworthy,ROSEWORTHY_S1.1_P1231_R2,2023,314.5,870.8794,726.7,-458.6794
266,roseworthy,ROSEWORTHY_S1.2_P3123_R2,2023,334.0,676.1894,1532.018,521.8286
267,roseworthy,ROSEWORTHY_S5_P0000_R2,2023,329.0,779.1294,1300.602,192.47260000000006
268,roseworthy,ROSEWORTHY_S1.1_P3123_R2,2023,334.0,676.1894,1623.206,613.0165999999999
269,roseworthy,ROSEWORTHY_S1.1_P3123_R1,2023,334.0,676.1894,1567.48,557.2906
270,manang,MANANG_S3_P1231_R2,2023,314.5,501.3472,575.25,-240.5972
271,manang,MANANG_S13_P0000_R9,2023,259.5,513.0999999999999,801.758,29.15800000000013
272,manang,MANANG_S8.2_P2312_R2,2023,268.0,434.32,1105.17,402.8500000000001
273,manang,MANANG_S5_P4123_R3,2023,268.0,434.32,895.2900000000001,192.97000000000008
274,manang,MANANG_S13_P0000_R2,2023,259.5,513.0999999999999,732.094,-40.50599999999986
275,manang,MANANG_S5_P3412_R1,2023,268.0,434.32,834.24,131.92000000000002
276,manang,MANANG_S4_P1234_R3,2023,314.5,501.3472,574.6,-241.24719999999996
277,manang,MANANG_S8.1_P3123_R3,2023,268.0,434.32,1104.51,402.19
278,manang,MANANG_S1.1_P3123_R1,2023,268.0,458.82,1201.2,474.38000000000005
279,manang,MANANG_S1.2_P1231_R2,2023,314.5,501.3472,616.2,-199.64719999999994
280,manang,MANANG_S6_P1111_R2,2023,268.0,434.32,1199.88,497.5600000000001
281,manang,MANANG_S8.2_P1231_R1,2023,358.5,524.4999999999999,0.0,-882.9999999999999
282,manang,MANANG_S2_P2121_R3,2023,268.0,434.32,1050.06,347.73999999999995
283,manang,MANANG_S7_P3123_R3,2023,268.0,434.32,996.27,293.95
284,manang,MANANG_S1.1_P3123_R2,2023,268.0,458.82,1248.06,521.24
285,manang,MANANG_S1.3_P1231_R3,2023,314.5,501.3472,564.2,-251.64719999999994
286,manang,MANANG_S1.3_P1231_R1,2023,314.5,518.5971999999999,708.5,-124.59719999999993
287,manang,MANANG_S1.1_P1231_R1,2023,314.5,518.5971999999999,770.9,-62.19719999999995
288,manang,MANANG_S1.1_P2312_R2,2023,268.0,458.82,1110.45,383.63000000000005
289,manang,MANANG_S7_P2312_R1,2023,268.0,434.32,905.52,203.2
290,manang,MANANG_S8.2_P1231_R3,2023,358.5,524.4999999999999,0.0,-882.9999999999999
291,manang,MANANG_S9_P1231_R2,2023,358.5,524.4999999999999,0.0,-882.9999999999999
292,manang,MANANG_S9_P3123_R2,2023,345.0,517.72,0.0,-862.72
293,manang,MANANG_S7_P3123_R2,2023,268.0,434.32,887.7,185.38000000000005
294,manang,MANANG_S4_P4123_R1,2023,268.0,434.32,1032.57,330.24999999999994
295,manang,MANANG_S1.1_P1231_R3,2023,314.5,501.3472,659.1,-156.74719999999996
296,manang,MANANG_S5_P2341_R1,2023,268.0,434.32,1029.93,327.61000000000007
297,manang,MANANG_S13_P0000_R4,2023,259.5,513.0999999999999,918.072,145.4720000000001
298,manang,MANANG_S5_P1234_R2,2023,314.5,501.3472,702.65,-113.19720000000001
299,manang,MANANG_S8.1_P2312_R3,2023,268.0,434.32,1068.54,366.21999999999997
300,manang,MANANG_S8.2_P2312_R3,2023,268.0,434.32,768.9000000000001,66.5800000000001
301,manang,MANANG_S2_P2121_R1,2023,268.0,434.32,1271.8200000000002,569.5000000000002
302,manang,MANANG_S3_P3123_R3,2023,268.0,434.32,821.0400000000001,118.72000000000008
303,manang,MANANG_S12_P0000_R9,2023,259.5,412.09999999999997,896.302,224.70200000000006
304,manang,MANANG_S11_P2121_R2,2023,268.0,434.32,913.44,211.12000000000006
305,manang,MANANG_S8.1_P2312_R1,2023,268.0,434.32,1166.88,464.5600000000001
306,manang,MANANG_S8.1_P3123_R2,2023,268.0,434.32,1278.75,576.4300000000001
307,manang,MANANG_S6_P1111_R5,2023,268.0,434.32,843.48,141.16000000000003
308,manang,MANANG_S13_P0000_R6,2023,259.5,513.0999999999999,747.644,-24.955999999999904
309,manang,MANANG_S1.3_P2312_R1,2023,268.0,479.32,1229.5800000000002,482.26000000000016
310,manang,MANANG_S4_P2341_R1,2023,268.0,450.5,776.256,57.75599999999997
311,manang,MANANG_S5_P2341_R3,2023,268.0,434.32,1168.2,465.88000000000005
312,manang,MANANG_S7_P2312_R2,2023,268.0,434.32,1049.73,347.41
313,manang,MANANG_S4_P1234_R1,2023,314.5,501.3472,436.8,-379.0472
314,manang,MANANG_S4_P2341_R3,2023,268.0,450.5,832.236,113.73599999999999
315,manang,MANANG_S10.1_P2312_R1,2023,259.5,409.82,896.94,227.62000000000006
316,manang,MANANG_S13_P0000_R5,2023,259.5,513.0999999999999,785.586,12.986000000000104
317,manang,MANANG_S10.1_P1231_R1,2023,268.0,448.4972,0.0,-716.4972
318,manang,MANANG_S8.1_P2312_R2,2023,268.0,434.32,1041.48,339.16
319,manang,MANANG_S9_P3123_R1,2023,345.0,517.72,0.0,-862.72
320,manang,MANANG_S10.2_P3123_R3,2023,268.0,434.32,944.46,242.14000000000004
321,manang,MANANG_S3_P3123_R2,2023,268.0,434.32,1192.62,490.2999999999999
322,manang,MANANG_S2_P1212_R2,2023,314.5,501.3472,744.25,-71.59719999999999
323,manang,MANANG_S10.2_P2312_R2,2023,268.0,434.32,857.34,155.02000000000004
324,manang,MANANG_S1.3_P2312_R2,2023,268.0,479.32,1050.72,303.40000000000003
325,manang,MANANG_S1.2_P3123_R2,2023,268.0,434.32,1053.36,351.0399999999999
326,manang,MANANG_S10.2_P1231_R2,2023,268.0,448.4972,0.0,-716.4972
327,manang,MANANG_S8.2_P3123_R3,2023,268.0,434.32,1158.96,456.64000000000004
328,manang,MANANG_S9_P1231_R1,2023,358.5,524.4999999999999,0.0,-882.9999999999999
329,manang,MANANG_S8.2_P3123_R1,2023,268.0,434.32,948.42,246.09999999999997
330,manang,MANANG_S11_P1212_R1,2023,268.0,448.4972,0.0,-716.4972
331,manang,MANANG_S1.2_P1231_R3,2023,314.5,501.3472,450.45,-365.3972
332,manang,MANANG_S1.2_P1231_R1,2023,314.5,518.5971999999999,498.55,-334.5471999999999
333,manang,MANANG_S8.1_P1231_R1,2023,358.5,524.4999999999999,0.0,-882.9999999999999
334,manang,MANANG_S1.3_P3123_R3,2023,268.0,479.32,1038.18,290.86000000000007
335,manang,MANANG_S12_P0000_R1,2023,259.5,412.09999999999997,581.57,-90.02999999999992
336,manang,MANANG_S1.1_P3123_R3,2023,268.0,458.82,839.85,113.03000000000003
337,manang,MANANG_S13_P0000_R8,2023,259.5,513.0999999999999,896.302,123.70200000000011
338,manang,MANANG_S13_P0000_R7,2023,259.5,513.0999999999999,882.618,110.01800000000014
339,manang,MANANG_S4_P2341_R2,2023,268.0,450.5,835.968,117.46799999999996
340,manang,MANANG_S6_P1111_R4,2023,268.0,434.32,1197.24,494.92
341,manang,MANANG_S6_P1111_R1,2023,268.0,434.32,1136.85,434.5299999999999
342,manang,MANANG_S1.2_P3123_R1,2023,268.0,434.32,1039.8300000000002,337.51000000000016
343,manang,MANANG_S1.3_P3123_R2,2023,268.0,479.32,913.44,166.12000000000006
344,manang,MANANG_S4_P3412_R1,2023,268.0,434.32,1035.54,333.21999999999997
345,manang,MANANG_S13_P0000_R3,2023,259.5,513.0999999999999,720.276,-52.323999999999955
346,manang,MANANG_S1.2_P3123_R3,2023,268.0,434.32,1215.72,513.4000000000001
347,manang,MANANG_S10.2_P2312_R3,2023,268.0,434.32,1058.31,355.98999999999995
348,manang,MANANG_S3_P1231_R3,2023,314.5,501.3472,529.75,-286.0972
349,manang,MANANG_S6_P1111_R3,2023,268.0,434.32,931.59,229.27000000000004
350,manang,MANANG_S7_P1231_R3,2023,88.0,307.45,0.0,-395.45
351,manang,MANANG_S3_P3123_R1,2023,268.0,434.32,860.3100000000001,157.99000000000007
352,manang,MANANG_S12_P0000_R4,2023,259.5,412.09999999999997,918.694,247.094
353,manang,MANANG_S8.2_P2312_R1,2023,268.0,434.32,933.24,230.92000000000002
354,manang,MANANG_S9_P1231_R3,2023,358.5,524.4999999999999,0.0,-882.9999999999999
355,manang,MANANG_S5_P4123_R2,2023,268.0,434.32,776.49,74.17000000000002
356,manang,MANANG_S4_P3412_R2,2023,268.0,434.32,1032.57,330.24999999999994
357,manang,MANANG_S8.1_P1231_R3,2023,358.5,524.4999999999999,0.0,-882.9999999999999
358,manang,MANANG_S11_P1212_R2,2023,268.0,448.4972,0.0,-716.4972
359,manang,MANANG_S9_P2312_R3,2023,268.0,434.32,1002.21,299.89000000000004
360,manang,MANANG_S12_P0000_R5,2023,259.5,412.09999999999997,1021.324,349.724
361,manang,MANANG_S7_P2312_R3,2023,268.0,434.32,983.73,281.41
362,manang,MANANG_S10.1_P3123_R3,2023,259.5,409.82,862.95,193.63000000000005
363,manang,MANANG_S1.3_P2312_R3,2023,268.0,479.32,1080.42,333.1000000000001
364,manang,MANANG_S13_P0000_R1,2023,259.5,513.0999999999999,567.264,-205.3359999999999
365,manang,MANANG_S9_P2312_R1,2023,268.0,434.32,938.19,235.87000000000006
366,manang,MANANG_S2_P1212_R1,2023,314.5,501.3472,565.5,-250.3472
367,manang,MANANG_S5_P4123_R1,2023,268.0,434.32,921.03,218.70999999999998
368,manang,MANANG_S5_P2341_R2,2023,268.0,434.32,1055.01,352.69
369,manang,MANANG_S10.2_P1231_R1,2023,268.0,448.4972,0.0,-716.4972
370,manang,MANANG_S1.2_P2312_R2,2023,268.0,434.32,1267.53,565.21
371,manang,MANANG_S4_P3412_R3,2023,268.0,434.32,816.09,113.77000000000004
372,manang,MANANG_S3_P1231_R1,2023,314.5,501.3472,577.2,-238.64719999999994
373,manang,MANANG_S9_P2312_R2,2023,268.0,434.32,1065.5700000000002,363.25000000000017
374,manang,MANANG_S3_P2312_R1,2023,314.5,501.3472,613.6,-202.24719999999996
375,manang,MANANG_S11_P2121_R1,2023,268.0,434.32,1253.34,551.02
376,manang,MANANG_S2_P2121_R2,2023,268.0,434.32,992.31,289.98999999999995
377,manang,MANANG_S1.1_P2312_R3,2023,268.0,458.82,1099.23,372.41
378,manang,MANANG_S10.1_P2312_R2,2023,259.5,409.82,978.78,309.46
379,manang,MANANG_S11_P1212_R3,2023,268.0,448.4972,0.0,-716.4972
380,manang,MANANG_S4_P4123_R2,2023,268.0,434.32,942.48,240.16000000000003
381,manang,MANANG_S10.2_P2312_R1,2023,268.0,434.32,1206.48,504.16
382,manang,MANANG_S1.1_P1231_R2,2023,314.5,501.3472,468.0,-347.8472
383,manang,MANANG_S5_P1234_R1,2023,314.5,518.5971999999999,589.5500000000001,-243.54719999999986
384,manang,MANANG_S5_P3412_R3,2023,268.0,434.32,1146.75,444.43
385,manang,MANANG_S1.3_P3123_R1,2023,268.0,479.32,1187.34,440.0199999999999
386,manang,MANANG_S8.1_P3123_R1,2023,268.0,434.32,1071.51,369.19
387,manang,MANANG_S10.1_P3123_R1,2023,259.5,409.82,1079.1,409.7799999999999
388,manang,MANANG_S8.2_P3123_R2,2023,268.0,434.32,1170.84,468.5199999999999
389,manang,MANANG_S12_P0000_R8,2023,259.5,412.09999999999997,712.1899999999999,40.589999999999975
390,manang,MANANG_S1.1_P2312_R1,2023,268.0,458.82,1162.26,435.44
391,manang,MANANG_S2_P1212_R3,2023,314.5,501.3472,438.1,-377.74719999999996
392,manang,MANANG_S12_P0000_R7,2023,259.5,412.09999999999997,859.604,188.00400000000008
393,manang,MANANG_S9_P3123_R3,2023,345.0,517.72,0.0,-862.72
394,manang,MANANG_S10.1_P1231_R3,2023,268.0,448.4972,0.0,-716.4972
395,manang,MANANG_S3_P2312_R3,2023,314.5,501.3472,568.75,-247.0972
396,manang,MANANG_S1.3_P1231_R2,2023,314.5,501.3472,670.15,-145.6972
397,manang,MANANG_S6_P1111_R6,2023,268.0,434.32,965.91,263.59
398,manang,MANANG_S8.1_P1231_R2,2023,358.5,524.4999999999999,0.0,-882.9999999999999
399,manang,MANANG_S7_P1231_R1,2023,88.0,307.45,0.0,-395.45
400,manang,MANANG_S11_P2121_R3,2023,268.0,434.32,949.74,247.42000000000002
401,manang,MANANG_S3_P2312_R2,2023,314.5,501.3472,451.75,-364.0972
402,manang,MANANG_S4_P1234_R2,2023,314.5,501.3472,701.35,-114.49719999999996
403,manang,MANANG_S1.2_P2312_R1,2023,268.0,434.32,1105.17,402.8500000000001
404,manang,MANANG_S5_P3412_R2,2023,268.0,434.32,895.62,193.3
405,manang,MANANG_S7_P1231_R2,2023,88.0,307.45,0.0,-395.45
406,manang,MANANG_S1.2_P2312_R3,2023,268.0,434.32,970.2,267.88000000000005
407,manang,MANANG_S12_P0000_R6,2023,259.5,412.09999999999997,671.138,-0.46199999999993224
408,manang,MANANG_S10.1_P1231_R2,2023,268.0,448.4972,0.0,-716.4972
409,manang,MANANG_S10.2_P3123_R2,2023,268.0,434.32,910.14,207.82
410,manang,MANANG_S12_P0000_R2,2023,259.5,412.09999999999997,865.202,193.60200000000003
411,manang,MANANG_S10.1_P2312_R3,2023,259.5,409.82,1116.39,447.0700000000001
412,manang,MANANG_S8.2_P1231_R2,2023,358.5,524.4999999999999,0.0,-882.9999999999999
413,manang,MANANG_S10.1_P3123_R2,2023,259.5,409.82,1138.8300000000002,469.51000000000016
414,manang,MANANG_S7_P3123_R1,2023,268.0,434.32,1123.65,421.3300000000001
415,manang,MANANG_S12_P0000_R3,2023,259.5,412.09999999999997,711.568,39.96800000000002
416,manang,MANANG_S10.2_P3123_R1,2023,268.0,434.32,1219.02,516.7
417,manang,MANANG_S4_P4123_R3,2023,268.0,434.32,960.3,257.97999999999996
418,manang,MANANG_S5_P1234_R3,2023,314.5,501.3472,616.2,-199.64719999999994
419,manang,MANANG_S10.2_P1231_R3,2023,268.0,448.4972,0.0,-716.4972
420,appila,APPILA_S2_P2121_R2,2023,224.0,192.4,214.5,-201.9
421,appila,APPILA_S6_P0000_R3,2023,224.0,226.4,37.32,-413.08000000000004
422,appila,APPILA_S4_P1231_R3,2023,204.5,102.69999999999999,0.0,-307.2
423,appila,APPILA_S1_P3123_R1,2023,224.0,169.9,77.47999999999999,-316.42
424,appila,APPILA_S3_P1234_R2,2023,204.5,125.6,26.0,-304.1
425,appila,APPILA_S2_P1212_R2,2023,204.5,125.6,253.5,-76.6
426,appila,APPILA_S3_P3412_R3,2023,224.0,192.4,217.8,-198.6
427,appila,APPILA_S3_P4123_R3,2023,224.0,192.4,201.3,-215.1
428,appila,APPILA_S4_P1231_R1,2023,204.5,102.69999999999999,0.0,-307.2
429,appila,APPILA_S4_P2312_R2,2023,224.0,192.4,194.7,-221.70000000000002
430,appila,APPILA_S1_P2312_R1,2023,224.0,169.9,151.8,-242.1
431,appila,APPILA_S1_P3123_R3,2023,224.0,169.9,131.12,-262.78
432,appila,APPILA_S4_P3123_R2,2023,224.0,192.4,191.4,-225.0
433,appila,APPILA_S6_P0000_R2,2023,224.0,226.4,62.2,-388.20000000000005
434,appila,APPILA_S5_P0000_R2,2023,215.5,144.9,191.4,-169.0
435,appila,APPILA_S3_P4123_R2,2023,224.0,192.4,207.9,-208.5
436,appila,APPILA_S1_P2312_R3,2023,224.0,169.9,224.4,-169.5
437,appila,APPILA_S3_P1234_R1,2023,204.5,125.6,32.5,-297.6
438,appila,APPILA_S3_P3412_R1,2023,224.0,192.4,181.5,-234.9
439,appila,APPILA_S1_P1231_R3,2023,204.5,125.6,0.0,-330.1
440,appila,APPILA_S5_P0000_R3,2023,215.5,144.9,181.5,-178.9
441,appila,APPILA_S3_P3412_R2,2023,224.0,192.4,240.9,-175.5
442,appila,APPILA_S1_P2312_R2,2023,224.0,169.9,181.5,-212.4
443,appila,APPILA_S3_P2341_R1,2023,224.0,182.9,0.0,-406.9
444,appila,APPILA_S3_P2341_R3,2023,224.0,182.9,62.2,-344.70000000000005
445,appila,APPILA_S4_P2312_R1,2023,224.0,192.4,194.7,-221.70000000000002
446,appila,APPILA_S4_P1231_R2,2023,204.5,102.69999999999999,0.0,-307.2
447,appila,APPILA_S4_P3123_R3,2023,224.0,192.4,270.6,-145.79999999999998
448,appila,APPILA_S2_P2121_R3,2023,224.0,192.4,0.0,-416.4
449,appila,APPILA_S3_P1234_R3,2023,204.5,125.6,13.0,-317.1
450,appila,APPILA_S1_P3123_R2,2023,224.0,169.9,65.56,-328.34000000000003
451,appila,APPILA_S3_P2341_R2,2023,224.0,182.9,62.2,-344.70000000000005
452,appila,APPILA_S3_P4123_R1,2023,224.0,192.4,181.5,-234.9
453,appila,APPILA_S2_P2121_R1,2023,224.0,192.4,211.2,-205.20000000000002
454,appila,APPILA_S2_P1212_R3,2023,204.5,125.6,0.0,-330.1
455,appila,APPILA_S1_P1231_R1,2023,204.5,125.6,0.0,-330.1
456,appila,APPILA_S5_P0000_R1,2023,215.5,144.9,168.3,-192.1
457,appila,APPILA_S1_P1231_R2,2023,204.5,125.6,0.0,-330.1
458,appila,APPILA_S2_P1212_R1,2023,204.5,125.6,6.5,-323.6
459,appila,APPILA_S4_P3123_R1,2023,224.0,192.4,0.0,-416.4
460,appila,APPILA_S6_P0000_R1,2023,224.0,226.4,68.42,-381.98
461,appila,APPILA_S4_P2312_R3,2023,224.0,192.4,191.4,-225.0
462,wallup,WALLUP_S4_P2312_R1,2024,33.0,25.525,0.0,-58.525
463,wallup,WALLUP_S4_P2312_R1,2023,213.0,377.97,1618.65,1027.68
464,wallup,WALLUP_S4_P3123_R2,2024,33.0,25.525,0.0,-58.525
465,wallup,WALLUP_S4_P3123_R2,2023,213.0,377.97,1637.13,1046.16
466,wallup,WALLUP_S2_P1234_R3,2024,33.0,25.525,0.0,-58.525
467,wallup,WALLUP_S2_P1234_R3,2023,248.5,205.7472,1396.85,942.6027999999999
468,wallup,WALLUP_S3_P1234_R2,2024,33.0,25.525,0.0,-58.525
469,wallup,WALLUP_S3_P1234_R2,2023,259.5,204.3972,0.0,-463.8972
470,wallup,WALLUP_S3_P3412_R1,2024,33.0,25.525,0.0,-58.525
471,wallup,WALLUP_S3_P3412_R1,2023,213.0,377.97,1680.36,1089.3899999999999
472,wallup,WALLUP_S3_P2341_R1,2024,33.0,25.525,0.0,-58.525
473,wallup,WALLUP_S3_P2341_R1,2023,191.0,521.3,1551.89,839.5900000000001
474,wallup,WALLUP_S4_P1231_R1,2024,33.0,25.525,0.0,-58.525
475,wallup,WALLUP_S4_P1231_R1,2023,248.5,205.7472,2217.15,1762.9028
476,wallup,WALLUP_S5_P0000_R1,2024,33.0,25.525,0.0,-58.525
477,wallup,WALLUP_S5_P0000_R1,2023,213.0,201.47,1503.8100000000002,1089.3400000000001
478,wallup,WALLUP_S5_P0000_R2,2024,33.0,25.525,0.0,-58.525
479,wallup,WALLUP_S5_P0000_R2,2023,213.0,201.47,1542.75,1128.28
480,wallup,WALLUP_S5_P0000_R3,2024,33.0,25.525,0.0,-58.525
481,wallup,WALLUP_S5_P0000_R3,2023,213.0,201.47,1326.27,911.8
482,wallup,WALLUP_S1_P1231_R2,2024,33.0,25.525,0.0,-58.525
483,wallup,WALLUP_S1_P1231_R2,2023,248.5,205.7472,1973.4,1519.1528
484,wallup,WALLUP_S2_P2341_R3,2024,33.0,25.525,0.0,-58.525
485,wallup,WALLUP_S2_P2341_R3,2023,191.0,521.3,1634.616,922.316
486,wallup,WALLUP_S6_P0000_R1,2024,33.0,25.525,0.0,-58.525
487,wallup,WALLUP_S6_P0000_R1,2023,213.0,245.97,1592.5800000000002,1133.6100000000001
488,wallup,WALLUP_S6_P0000_R3,2024,33.0,25.525,0.0,-58.525
489,wallup,WALLUP_S6_P0000_R3,2023,202.0,218.72,1539.45,1118.73
490,wallup,WALLUP_S2_P3412_R2,2024,33.0,25.525,0.0,-58.525
491,wallup,WALLUP_S2_P3412_R2,2023,213.0,377.97,1581.36,990.3899999999999
492,wallup,WALLUP_S1_P1231_R3,2024,33.0,25.525,0.0,-58.525
493,wallup,WALLUP_S1_P1231_R3,2023,248.5,205.7472,1798.55,1344.3028
494,wallup,WALLUP_S2_P3412_R3,2024,33.0,25.525,0.0,-58.525
495,wallup,WALLUP_S2_P3412_R3,2023,213.0,377.97,1618.65,1027.68
496,wallup,WALLUP_S2_P2341_R2,2024,33.0,25.525,0.0,-58.525
497,wallup,WALLUP_S2_P2341_R2,2023,191.0,521.3,1360.314,648.0140000000001
498,wallup,WALLUP_S2_P4123_R2,2024,33.0,25.525,0.0,-58.525
499,wallup,WALLUP_S2_P4123_R2,2023,213.0,377.97,1716.99,1126.02
500,wallup,WALLUP_S1_P3123_R1,2024,33.0,25.525,0.0,-58.525
501,wallup,WALLUP_S1_P3123_R1,2023,213.0,190.47,1405.47,1002.0
502,wallup,WALLUP_S4_P3123_R3,2024,33.0,25.525,0.0,-58.525
503,wallup,WALLUP_S4_P3123_R3,2023,213.0,377.97,1577.73,986.76
504,wallup,WALLUP_S1_P3123_R3,2024,33.0,25.525,0.0,-58.525
505,wallup,WALLUP_S1_P3123_R3,2023,213.0,190.47,1537.8000000000002,1134.3300000000002
506,wallup,WALLUP_S2_P4123_R1,2024,33.0,25.525,0.0,-58.525
507,wallup,WALLUP_S2_P4123_R1,2023,213.0,377.97,1518.99,928.02
508,wallup,WALLUP_S3_P3412_R2,2024,33.0,25.525,0.0,-58.525
509,wallup,WALLUP_S3_P3412_R2,2023,213.0,377.97,1351.02,760.05
510,wallup,WALLUP_S1_P2312_R2,2024,33.0,25.525,0.0,-58.525
511,wallup,WALLUP_S1_P2312_R2,2023,213.0,190.47,1398.87,995.3999999999999
512,wallup,WALLUP_S3_P2341_R3,2024,33.0,25.525,0.0,-58.525
513,wallup,WALLUP_S3_P2341_R3,2023,191.0,521.3,1633.372,921.0720000000001
514,wallup,WALLUP_S1_P1231_R1,2024,33.0,25.525,0.0,-58.525
515,wallup,WALLUP_S1_P1231_R1,2023,248.5,205.7472,1577.55,1123.3028
516,wallup,WALLUP_S3_P4123_R3,2024,33.0,25.525,0.0,-58.525
517,wallup,WALLUP_S3_P4123_R3,2023,213.0,377.97,1696.2,1105.23
518,wallup,WALLUP_S2_P3412_R1,2024,33.0,25.525,0.0,-58.525
519,wallup,WALLUP_S2_P3412_R1,2023,213.0,377.97,1552.3200000000002,961.3500000000001
520,wallup,WALLUP_S3_P4123_R1,2024,33.0,25.525,0.0,-58.525
521,wallup,WALLUP_S3_P4123_R1,2023,213.0,377.97,1525.26,934.29
522,wallup,WALLUP_S3_P1234_R1,2024,33.0,25.525,0.0,-58.525
523,wallup,WALLUP_S3_P1234_R1,2023,259.5,204.3972,0.0,-463.8972
524,wallup,WALLUP_S3_P4123_R2,2024,33.0,25.525,0.0,-58.525
525,wallup,WALLUP_S3_P4123_R2,2023,213.0,377.97,1578.0600000000002,987.0900000000001
526,wallup,WALLUP_S3_P2341_R2,2024,33.0,25.525,0.0,-58.525
527,wallup,WALLUP_S3_P2341_R2,2023,191.0,521.3,1530.742,818.442
528,wallup,WALLUP_S3_P3412_R3,2024,33.0,25.525,0.0,-58.525
529,wallup,WALLUP_S3_P3412_R3,2023,213.0,377.97,1659.24,1068.27
530,wallup,WALLUP_S2_P1234_R1,2024,33.0,25.525,0.0,-58.525
531,wallup,WALLUP_S2_P1234_R1,2023,248.5,205.7472,1735.5,1281.2528
532,wallup,WALLUP_S2_P1234_R2,2024,33.0,25.525,0.0,-58.525
533,wallup,WALLUP_S2_P1234_R2,2023,248.5,205.7472,2028.0,1573.7528
534,wallup,WALLUP_S4_P1231_R3,2024,33.0,25.525,0.0,-58.525
535,wallup,WALLUP_S4_P1231_R3,2023,237.5,178.2472,1895.4,1479.6528
536,wallup,WALLUP_S4_P3123_R1,2024,33.0,25.525,0.0,-58.525
537,wallup,WALLUP_S4_P3123_R1,2023,213.0,377.97,1619.64,1028.67
538,wallup,WALLUP_S1_P2312_R3,2024,33.0,25.525,0.0,-58.525
539,wallup,WALLUP_S1_P2312_R3,2023,213.0,190.47,1624.92,1221.45
540,wallup,WALLUP_S2_P4123_R3,2024,33.0,25.525,0.0,-58.525
541,wallup,WALLUP_S2_P4123_R3,2023,213.0,377.97,1649.67,1058.7
542,wallup,WALLUP_S4_P2312_R2,2024,33.0,25.525,0.0,-58.525
543,wallup,WALLUP_S4_P2312_R2,2023,213.0,377.97,1625.91,1034.94
544,wallup,WALLUP_S2_P2341_R1,2024,33.0,25.525,0.0,-58.525
545,wallup,WALLUP_S2_P2341_R1,2023,191.0,521.3,1621.554,909.2540000000001
546,wallup,WALLUP_S4_P1231_R2,2024,33.0,25.525,0.0,-58.525
547,wallup,WALLUP_S4_P1231_R2,2023,259.5,233.24720000000002,1751.1,1258.3528
548,wallup,WALLUP_S1_P2312_R1,2024,33.0,25.525,0.0,-58.525
549,wallup,WALLUP_S1_P2312_R1,2023,213.0,190.47,1427.91,1024.44
550,wallup,WALLUP_S3_P1234_R3,2024,33.0,25.525,0.0,-58.525
551,wallup,WALLUP_S3_P1234_R3,2023,259.5,204.3972,0.0,-463.8972
552,wallup,WALLUP_S6_P0000_R2,2024,33.0,25.525,0.0,-58.525
553,wallup,WALLUP_S6_P0000_R2,2023,213.0,245.97,1632.51,1173.54
554,wallup,WALLUP_S1_P3123_R2,2024,33.0,25.525,0.0,-58.525
555,wallup,WALLUP_S1_P3123_R2,2023,213.0,190.47,1547.7,1144.23
556,wallup,WALLUP_S4_P2312_R3,2024,33.0,25.525,0.0,-58.525
557,wallup,WALLUP_S4_P2312_R3,2023,213.0,377.97,1565.52,974.55
558,warrambine,WARRAMBINE_S6_P0000_R2,2023,248.5,557.813,1427.366,621.053
559,warrambine,WARRAMBINE_S7_P0000_R3,2023,298.5,741.1006,1625.25,585.6494
560,warrambine,WARRAMBINE_S1_P2121_R1,2023,298.5,775.8506,1361.5800000000002,287.22940000000017
561,warrambine,WARRAMBINE_S3_P3123_R3,2023,298.5,775.8506,1443.75,369.3994
562,warrambine,WARRAMBINE_S2_P1231_R2,2023,281.5,703.828,2118.42,1133.092
563,warrambine,WARRAMBINE_S3_P1231_R3,2023,281.5,609.9659999999999,1489.202,597.7360000000001
564,warrambine,WARRAMBINE_S2_P3123_R1,2023,298.5,775.8506,1491.27,416.9194
565,warrambine,WARRAMBINE_S4_P2312_R1,2023,309.5,708.2729999999999,1146.968,129.19500000000016
566,warrambine,WARRAMBINE_S1_P1212_R1,2023,309.5,708.2729999999999,1541.316,523.5430000000001
567,warrambine,WARRAMBINE_S3_P1231_R1,2023,281.5,609.9659999999999,1798.137,906.671
568,warrambine,WARRAMBINE_S4_P3123_R2,2023,298.5,775.8506,1171.8300000000002,97.47940000000017
569,warrambine,WARRAMBINE_S1_P1212_R3,2023,309.5,708.2729999999999,1463.566,445.7930000000001
570,warrambine,WARRAMBINE_S5_P3123_R1,2023,298.5,775.8506,1346.73,272.37940000000003
571,warrambine,WARRAMBINE_S5_P3123_R2,2023,298.5,775.8506,1339.14,264.7894000000001
572,warrambine,WARRAMBINE_S5_P3123_R3,2023,298.5,775.8506,1432.53,358.1794
573,warrambine,WARRAMBINE_S6_P0000_R3,2023,248.5,557.813,1203.014,396.7009999999999
574,warrambine,WARRAMBINE_S4_P2312_R3,2023,309.5,708.2729999999999,1990.4,972.6270000000002
575,warrambine,WARRAMBINE_S2_P2312_R2,2023,309.5,708.2729999999999,1551.89,534.1170000000002
576,warrambine,WARRAMBINE_S3_P2312_R3,2023,309.5,708.2729999999999,1775.188,757.4150000000002
577,warrambine,WARRAMBINE_S2_P1231_R3,2023,281.5,703.828,1691.8200000000002,706.4920000000002
578,warrambine,WARRAMBINE_S3_P3123_R1,2023,298.5,775.8506,1215.72,141.36940000000004
579,warrambine,WARRAMBINE_S4_P1231_R3,2023,226.5,458.20300000000003,0.0,-684.703
580,warrambine,WARRAMBINE_S4_P2312_R2,2023,309.5,708.2729999999999,1594.186,576.413
581,warrambine,WARRAMBINE_S3_P2312_R1,2023,309.5,708.2729999999999,1812.508,794.7350000000001
582,warrambine,WARRAMBINE_S1_P1212_R2,2023,309.5,708.2729999999999,1237.158,219.385
583,warrambine,WARRAMBINE_S2_P2312_R1,2023,309.5,708.2729999999999,1077.304,59.531000000000176
584,warrambine,WARRAMBINE_S4_P1231_R2,2023,226.5,458.20300000000003,0.0,-684.703
585,warrambine,WARRAMBINE_S1_P2121_R2,2023,298.5,775.8506,1243.77,169.4194
586,warrambine,WARRAMBINE_S5_P1231_R1,2023,281.5,611.1659999999999,0.0,-892.6659999999999
587,warrambine,WARRAMBINE_S5_P2312_R3,2023,309.5,708.2729999999999,1661.362,643.5890000000002
588,warrambine,WARRAMBINE_S6_P0000_R1,2023,248.5,557.813,1085.314,279.0010000000001
589,warrambine,WARRAMBINE_S4_P3123_R3,2023,298.5,775.8506,1784.97,710.6194
590,warrambine,WARRAMBINE_S5_P1231_R2,2023,281.5,611.1659999999999,0.0,-892.6659999999999
591,warrambine,WARRAMBINE_S2_P3123_R2,2023,298.5,775.8506,1218.69,144.33940000000007
592,warrambine,WARRAMBINE_S2_P2312_R3,2023,309.5,708.2729999999999,1750.308,732.5350000000001
593,warrambine,WARRAMBINE_S3_P2312_R2,2023,309.5,708.2729999999999,1548.158,530.385
594,warrambine,WARRAMBINE_S7_P0000_R2,2023,298.5,771.1006,1559.91,490.3094000000001
595,warrambine,WARRAMBINE_S7_P0000_R1,2023,298.5,815.3506,1250.37,136.5193999999999
596,warrambine,WARRAMBINE_S2_P3123_R3,2023,298.5,775.8506,1228.59,154.23939999999993
597,warrambine,WARRAMBINE_S5_P2312_R2,2023,309.5,708.2729999999999,1831.168,813.395
598,warrambine,WARRAMBINE_S5_P2312_R1,2023,309.5,708.2729999999999,1706.768,688.9950000000001
599,warrambine,WARRAMBINE_S4_P3123_R1,2023,298.5,775.8506,1369.8300000000002,295.47940000000017
600,warrambine,WARRAMBINE_S1_P2121_R3,2023,298.5,775.8506,1259.94,185.58940000000007
601,warrambine,WARRAMBINE_S2_P1231_R1,2023,281.5,703.828,2650.86,1665.5320000000002
602,warrambine,WARRAMBINE_S3_P3123_R2,2023,298.5,775.8506,1009.8,-64.55060000000003
603,warrambine,WARRAMBINE_S5_P1231_R3,2023,281.5,611.1659999999999,0.0,-892.6659999999999
604,warrambine,WARRAMBINE_S4_P1231_R1,2023,226.5,458.20300000000003,0.0,-684.703
605,warrambine,WARRAMBINE_S3_P1231_R2,2023,281.5,609.9659999999999,1614.5800000000002,723.1140000000003
606,streatham,STREATHAM_S6.2_P2312_R1,2023,329.0,1275.565,2705.078,1100.513
607,streatham,STREATHAM_S3_P1234_R3,2023,336.5,1266.515,1589.7600000000002,-13.254999999999882
608,streatham,STREATHAM_S6.1_P1231_R3,2023,237.5,961.9,0.0,-1199.4
609,streatham,STREATHAM_S5_P1231_R3,2023,329.0,1275.565,2907.228,1302.663
610,streatham,STREATHAM_S7_P1234_R2,2023,237.5,961.9,0.0,-1199.4
611,streatham,STREATHAM_S2.3_P4123_R2,2024,80.0,0.0,1638.45,1558.45
612,streatham,STREATHAM_S2.3_P4123_R2,2023,260.0,1414.8675999999998,0.0,-1674.8675999999998
613,streatham,STREATHAM_S11_P0000_R1,2024,80.0,0.0,1560.78,1480.78
614,streatham,STREATHAM_S11_P0000_R1,2023,234.5,1225.4225,0.0,-1459.9225
615,streatham,STREATHAM_S13_P0000_R8,2023,237.5,961.9,0.0,-1199.4
616,streatham,STREATHAM_S2.4_P3412_R3,2024,80.0,0.0,1903.11,1823.11
617,streatham,STREATHAM_S2.4_P3412_R3,2023,260.0,1442.3675999999998,0.0,-1702.3675999999998
618,streatham,STREATHAM_S11_P0000_R4,2024,80.0,0.0,1616.22,1536.22
619,streatham,STREATHAM_S11_P0000_R4,2023,234.5,1225.4225,0.0,-1459.9225
620,streatham,STREATHAM_S2.1_P1234_R1,2023,336.5,1266.515,1370.52,-232.49500000000012
621,streatham,STREATHAM_S1.2_P2121_R2,2024,80.0,0.0,2000.46,1920.46
622,streatham,STREATHAM_S1.2_P2121_R2,2023,260.0,1399.8675999999998,0.0,-1659.8675999999998
623,streatham,STREATHAM_S2.1_P3412_R1,2024,80.0,0.0,1795.2,1715.2
624,streatham,STREATHAM_S2.1_P3412_R1,2023,260.0,1352.3675999999998,0.0,-1612.3675999999998
625,streatham,STREATHAM_S6.1_P3123_R3,2024,80.0,0.0,1903.11,1823.11
626,streatham,STREATHAM_S6.1_P3123_R3,2023,260.0,1399.8675999999998,0.0,-1659.8675999999998
627,streatham,STREATHAM_S1.2_P1212_R3,2023,329.0,1275.565,2361.734,757.1689999999999
628,streatham,STREATHAM_S2.4_P2341_R3,2023,329.0,1315.565,2785.938,1141.373
629,streatham,STREATHAM_S1.1_P1212_R3,2023,329.0,1225.565,2267.19,712.625
630,streatham,STREATHAM_S6.1_P1231_R1,2023,237.5,961.9,0.0,-1199.4
631,streatham,STREATHAM_S6.2_P3123_R1,2024,80.0,0.0,1974.72,1894.72
632,streatham,STREATHAM_S6.2_P3123_R1,2023,260.0,1399.8675999999998,0.0,-1659.8675999999998
633,streatham,STREATHAM_S1.1_P1212_R1,2023,329.0,1225.565,2729.958,1175.393
634,streatham,STREATHAM_S1.2_P2121_R3,2024,80.0,0.0,1707.75,1627.75
635,streatham,STREATHAM_S1.2_P2121_R3,2023,260.0,1399.8675999999998,0.0,-1659.8675999999998
636,streatham,STREATHAM_S1.2_P2121_R1,2024,80.0,0.0,1995.51,1915.51
637,streatham,STREATHAM_S1.2_P2121_R1,2023,260.0,1399.8675999999998,0.0,-1659.8675999999998
638,streatham,STREATHAM_S2.4_P2341_R2,2023,329.0,1315.565,2623.596,979.031
639,streatham,STREATHAM_S4_P2312_R2,2023,329.0,1275.565,2581.922,977.357
640,streatham,STREATHAM_S10_P1212_R1,2023,309.5,1124.115,2735.556,1301.941
641,streatham,STREATHAM_S2.3_P3412_R2,2024,80.0,0.0,1551.0,1471.0
642,streatham,STREATHAM_S2.3_P3412_R2,2023,260.0,1414.8675999999998,0.0,-1674.8675999999998
643,streatham,STREATHAM_S6.2_P1231_R3,2023,237.5,961.9,0.0,-1199.4
644,streatham,STREATHAM_S2.2_P1234_R2,2023,336.5,1266.515,1380.7800000000002,-222.2349999999999
645,streatham,STREATHAM_S2.3_P3412_R3,2024,80.0,0.0,1623.6,1543.6
646,streatham,STREATHAM_S2.3_P3412_R3,2023,260.0,1414.8675999999998,0.0,-1674.8675999999998
647,streatham,STREATHAM_S9.2_P1212_R1,2023,309.5,1124.115,0.0,-1433.615
648,streatham,STREATHAM_S3_P2341_R3,2024,80.0,0.0,1948.65,1868.65
649,streatham,STREATHAM_S3_P2341_R3,2023,260.0,1399.8675999999998,0.0,-1659.8675999999998
650,streatham,STREATHAM_S2.2_P3412_R1,2024,80.0,0.0,1930.83,1850.83
651,streatham,STREATHAM_S2.2_P3412_R1,2023,260.0,1399.8675999999998,0.0,-1659.8675999999998
652,streatham,STREATHAM_S7_P2341_R3,2023,237.5,961.9,0.0,-1199.4
653,streatham,STREATHAM_S11_P0000_R2,2024,80.0,0.0,1523.82,1443.82
654,streatham,STREATHAM_S11_P0000_R2,2023,234.5,1225.4225,0.0,-1459.9225
655,streatham,STREATHAM_S3_P1234_R2,2023,336.5,1266.515,1124.8200000000002,-478.19499999999994
656,streatham,STREATHAM_S2.1_P3412_R2,2024,80.0,0.0,1874.73,1794.73
657,streatham,STREATHAM_S2.1_P3412_R2,2023,260.0,1352.3675999999998,0.0,-1612.3675999999998
658,streatham,STREATHAM_S1.1_P2121_R3,2024,80.0,0.0,1730.19,1650.19
659,streatham,STREATHAM_S1.1_P2121_R3,2023,260.0,1352.3675999999998,0.0,-1612.3675999999998
660,streatham,STREATHAM_S2.4_P3412_R2,2024,80.0,0.0,1596.21,1516.21
661,streatham,STREATHAM_S2.4_P3412_R2,2023,260.0,1442.3675999999998,0.0,-1702.3675999999998
662,streatham,STREATHAM_S6.1_P3123_R1,2024,80.0,0.0,1655.61,1575.61
663,streatham,STREATHAM_S6.1_P3123_R1,2023,260.0,1399.8675999999998,0.0,-1659.8675999999998
664,streatham,STREATHAM_S12_P0000_R4,2024,80.0,0.0,1829.52,1749.52
665,streatham,STREATHAM_S12_P0000_R4,2023,260.0,1399.8675999999998,0.0,-1659.8675999999998
666,streatham,STREATHAM_S1.1_P2121_R2,2024,80.0,0.0,1815.0,1735.0
667,streatham,STREATHAM_S1.1_P2121_R2,2023,260.0,1352.3675999999998,0.0,-1612.3675999999998
668,streatham,STREATHAM_S12_P0000_R7,2024,80.0,0.0,1668.15,1588.15
669,streatham,STREATHAM_S12_P0000_R7,2023,260.0,1399.8675999999998,0.0,-1659.8675999999998
670,streatham,STREATHAM_S1.3_P2121_R3,2024,80.0,0.0,1439.13,1359.13
671,streatham,STREATHAM_S1.3_P2121_R3,2023,260.0,1414.8675999999998,0.0,-1674.8675999999998
672,streatham,STREATHAM_S9.3_P2121_R2,2024,80.0,0.0,1722.93,1642.93
673,streatham,STREATHAM_S9.3_P2121_R2,2023,260.0,1399.8675999999998,0.0,-1659.8675999999998
674,streatham,STREATHAM_S1.4_P1212_R3,2023,329.0,1315.565,2775.364,1130.799
675,streatham,STREATHAM_S1.4_P2121_R2,2024,80.0,0.0,1754.61,1674.61
676,streatham,STREATHAM_S1.4_P2121_R2,2023,260.0,1442.3675999999998,0.0,-1702.3675999999998
677,streatham,STREATHAM_S3_P2341_R2,2024,80.0,0.0,1752.63,1672.63
678,streatham,STREATHAM_S3_P2341_R2,2023,260.0,1399.8675999999998,0.0,-1659.8675999999998
679,streatham,STREATHAM_S7_P4123_R3,2024,80.0,0.0,1557.27,1477.27
680,streatham,STREATHAM_S7_P4123_R3,2023,260.0,1399.8675999999998,0.0,-1659.8675999999998
681,streatham,STREATHAM_S5_P3123_R1,2024,80.0,0.0,2050.538,1970.538
682,streatham,STREATHAM_S5_P3123_R1,2023,249.0,1354.4699999999998,0.0,-1603.4699999999998
683,streatham,STREATHAM_S1.4_P2121_R1,2024,80.0,0.0,1811.37,1731.37
684,streatham,STREATHAM_S1.4_P2121_R1,2023,260.0,1442.3675999999998,0.0,-1702.3675999999998
685,streatham,STREATHAM_S7_P2341_R2,2023,237.5,961.9,0.0,-1199.4
686,streatham,STREATHAM_S2.1_P4123_R2,2024,80.0,0.0,1489.62,1409.62
687,streatham,STREATHAM_S2.1_P4123_R2,2023,260.0,1352.3675999999998,0.0,-1612.3675999999998
688,streatham,STREATHAM_S2.2_P3412_R2,2024,80.0,0.0,1839.09,1759.09
689,streatham,STREATHAM_S2.2_P3412_R2,2023,260.0,1399.8675999999998,0.0,-1659.8675999999998
690,streatham,STREATHAM_S7_P1234_R3,2023,237.5,961.9,0.0,-1199.4
691,streatham,STREATHAM_S9.1_P1212_R2,2023,292.5,1074.115,2670.246,1303.631
692,streatham,STREATHAM_S8_P2312_R2,2023,329.0,1275.565,2795.268,1190.703
693,streatham,STREATHAM_S6.2_P3123_R2,2024,80.0,0.0,1982.97,1902.97
694,streatham,STREATHAM_S6.2_P3123_R2,2023,260.0,1399.8675999999998,0.0,-1659.8675999999998
695,streatham,STREATHAM_S2.2_P4123_R1,2024,80.0,0.0,1884.96,1804.96
696,streatham,STREATHAM_S2.2_P4123_R1,2023,260.0,1399.8675999999998,0.0,-1659.8675999999998
697,streatham,STREATHAM_S1.3_P1212_R2,2023,312.0,1160.5649999999998,2524.076,1051.5110000000002
698,streatham,STREATHAM_S3_P3412_R3,2023,329.0,1275.565,2440.106,835.5410000000002
699,streatham,STREATHAM_S1.2_P1212_R2,2023,329.0,1275.565,2679.576,1075.011
700,streatham,STREATHAM_S7_P1234_R1,2023,237.5,961.9,0.0,-1199.4
701,streatham,STREATHAM_S6.2_P2312_R2,2023,329.0,1275.565,2568.86,964.2950000000001
702,streatham,STREATHAM_S2.3_P2341_R3,2023,312.0,1185.5649999999998,2390.346,892.7810000000002
703,streatham,STREATHAM_S2.3_P1234_R1,2023,336.5,1241.7175,1388.88,-189.33749999999986
704,streatham,STREATHAM_S3_P3412_R2,2023,329.0,1275.565,2822.636,1218.071
705,streatham,STREATHAM_S8_P1231_R2,2023,259.5,994.926,0.0,-1254.426
706,streatham,STREATHAM_S8_P3123_R1,2024,80.0,0.0,1674.75,1594.75
707,streatham,STREATHAM_S8_P3123_R1,2023,260.0,1399.8675999999998,0.0,-1659.8675999999998
708,streatham,STREATHAM_S4_P1231_R3,2024,80.0,0.0,0.0,-80.0
709,streatham,STREATHAM_S4_P1231_R3,2023,179.5,994.926,0.0,-1174.426
710,streatham,STREATHAM_S1.1_P2121_R1,2024,80.0,0.0,1961.19,1881.19
711,streatham,STREATHAM_S1.1_P2121_R1,2023,260.0,1352.3675999999998,0.0,-1612.3675999999998
712,streatham,STREATHAM_S1.3_P2121_R2,2024,80.0,0.0,1357.29,1277.29
713,streatham,STREATHAM_S1.3_P2121_R2,2023,260.0,1414.8675999999998,0.0,-1674.8675999999998
714,streatham,STREATHAM_S1.4_P2121_R3,2024,80.0,0.0,1623.6,1543.6
715,streatham,STREATHAM_S1.4_P2121_R3,2023,260.0,1442.3675999999998,0.0,-1702.3675999999998
716,streatham,STREATHAM_S2.4_P4123_R1,2024,80.0,0.0,1934.46,1854.46
717,streatham,STREATHAM_S2.4_P4123_R1,2023,260.0,1442.3675999999998,0.0,-1702.3675999999998
718,streatham,STREATHAM_S11_P0000_R9,2024,80.0,0.0,1590.15,1510.15
719,streatham,STREATHAM_S11_P0000_R9,2023,234.5,1225.4225,0.0,-1459.9225
720,streatham,STREATHAM_S11_P0000_R6,2024,80.0,0.0,1514.58,1434.58
721,streatham,STREATHAM_S11_P0000_R6,2023,234.5,1225.4225,0.0,-1459.9225
722,streatham,STREATHAM_S9.2_P2121_R1,2024,80.0,0.0,1632.84,1552.84
723,streatham,STREATHAM_S9.2_P2121_R1,2023,260.0,1399.8675999999998,0.0,-1659.8675999999998
724,streatham,STREATHAM_S10_P2121_R1,2024,80.0,0.0,948.09,868.09
725,streatham,STREATHAM_S10_P2121_R1,2023,199.0,1090.8799999999999,0.0,-1289.8799999999999
726,streatham,STREATHAM_S4_P1231_R2,2024,80.0,0.0,0.0,-80.0
727,streatham,STREATHAM_S4_P1231_R2,2023,179.5,994.926,0.0,-1174.426
728,streatham,STREATHAM_S8_P1231_R1,2023,259.5,994.926,0.0,-1254.426
729,streatham,STREATHAM_S6.2_P1231_R2,2023,237.5,961.9,0.0,-1199.4
730,streatham,STREATHAM_S7_P3412_R3,2023,329.0,1275.565,2575.702,971.1370000000002
731,streatham,STREATHAM_S2.1_P4123_R3,2024,80.0,0.0,1215.39,1135.39
732,streatham,STREATHAM_S2.1_P4123_R3,2023,260.0,1352.3675999999998,0.0,-1612.3675999999998
733,streatham,STREATHAM_S13_P0000_R4,2023,237.5,961.9,0.0,-1199.4
734,streatham,STREATHAM_S2.1_P1234_R3,2023,336.5,1266.515,1317.6,-285.4150000000002
735,streatham,STREATHAM_S3_P1234_R1,2023,336.5,1266.515,1189.0800000000002,-413.93499999999995
736,streatham,STREATHAM_S9.1_P2121_R1,2024,80.0,0.0,2047.32,1967.32
737,streatham,STREATHAM_S9.1_P2121_R1,2023,260.0,1399.8675999999998,0.0,-1659.8675999999998
738,streatham,STREATHAM_S8_P3123_R2,2024,80.0,0.0,1897.5,1817.5
739,streatham,STREATHAM_S8_P3123_R2,2023,260.0,1399.8675999999998,0.0,-1659.8675999999998
740,streatham,STREATHAM_S12_P0000_R9,2024,80.0,0.0,1739.76,1659.76
741,streatham,STREATHAM_S12_P0000_R9,2023,260.0,1399.8675999999998,0.0,-1659.8675999999998
742,streatham,STREATHAM_S8_P1231_R3,2023,259.5,994.926,0.0,-1254.426
743,streatham,STREATHAM_S1.3_P1212_R3,2023,312.0,1160.5649999999998,1109.648,-362.9169999999999
744,streatham,STREATHAM_S3_P4123_R1,2024,80.0,0.0,1928.85,1848.85
745,streatham,STREATHAM_S3_P4123_R1,2023,260.0,1399.8675999999998,0.0,-1659.8675999999998
746,streatham,STREATHAM_S9.3_P1212_R1,2023,309.5,1174.115,2991.198,1507.5829999999999
747,streatham,STREATHAM_S2.1_P4123_R1,2024,80.0,0.0,1856.25,1776.25
748,streatham,STREATHAM_S2.1_P4123_R1,2023,260.0,1352.3675999999998,0.0,-1612.3675999999998
749,streatham,STREATHAM_S9.2_P1212_R3,2023,309.5,1124.115,0.0,-1433.615
750,streatham,STREATHAM_S3_P3412_R1,2023,329.0,1275.565,2663.404,1058.839
751,streatham,STREATHAM_S2.2_P1234_R1,2023,336.5,1266.515,1274.94,-328.07500000000005
752,streatham,STREATHAM_S2.2_P2341_R3,2023,329.0,1275.565,2703.834,1099.2689999999998
753,streatham,STREATHAM_S2.4_P4123_R3,2024,80.0,0.0,1861.53,1781.53
754,streatham,STREATHAM_S2.4_P4123_R3,2023,260.0,1442.3675999999998,0.0,-1702.3675999999998
755,streatham,STREATHAM_S5_P1231_R2,2023,329.0,1275.565,2909.094,1304.529
756,streatham,STREATHAM_S3_P2341_R1,2024,80.0,0.0,1890.57,1810.57
757,streatham,STREATHAM_S3_P2341_R1,2023,260.0,1399.8675999999998,0.0,-1659.8675999999998
758,streatham,STREATHAM_S5_P3123_R3,2024,80.0,0.0,1722.1419999999998,1642.1419999999998
759,streatham,STREATHAM_S5_P3123_R3,2023,249.0,1354.4699999999998,0.0,-1603.4699999999998
760,streatham,STREATHAM_S6.1_P2312_R3,2023,329.0,1275.565,2450.68,846.1149999999998
761,streatham,STREATHAM_S13_P0000_R5,2023,237.5,961.9,0.0,-1199.4
762,streatham,STREATHAM_S7_P3412_R1,2023,329.0,1275.565,2578.812,974.2469999999998
763,streatham,STREATHAM_S2.1_P3412_R3,2024,80.0,0.0,1609.41,1529.41
764,streatham,STREATHAM_S2.1_P3412_R3,2023,260.0,1352.3675999999998,0.0,-1612.3675999999998
765,streatham,STREATHAM_S9.3_P2121_R1,2024,80.0,0.0,1906.74,1826.74
766,streatham,STREATHAM_S9.3_P2121_R1,2023,260.0,1399.8675999999998,0.0,-1659.8675999999998
767,streatham,STREATHAM_S9.2_P2121_R3,2024,80.0,0.0,1341.78,1261.78
768,streatham,STREATHAM_S9.2_P2121_R3,2023,260.0,1399.8675999999998,0.0,-1659.8675999999998
769,streatham,STREATHAM_S2.3_P1234_R2,2023,336.5,1241.7175,1016.28,-561.9375
770,streatham,STREATHAM_S1.3_P1212_R1,2023,312.0,1160.5649999999998,2420.824,948.2590000000002
771,streatham,STREATHAM_S11_P0000_R8,2024,80.0,0.0,1546.92,1466.92
772,streatham,STREATHAM_S11_P0000_R8,2023,234.5,1225.4225,0.0,-1459.9225
773,streatham,STREATHAM_S12_P0000_R2,2024,80.0,0.0,1683.66,1603.66
774,streatham,STREATHAM_S12_P0000_R2,2023,260.0,1399.8675999999998,0.0,-1659.8675999999998
775,streatham,STREATHAM_S2.2_P1234_R3,2023,336.5,1266.515,932.58,-670.4350000000001
776,streatham,STREATHAM_S12_P0000_R3,2024,80.0,0.0,1365.54,1285.54
777,streatham,STREATHAM_S12_P0000_R3,2023,260.0,1399.8675999999998,0.0,-1659.8675999999998
778,streatham,STREATHAM_S4_P2312_R1,2023,329.0,1275.565,2636.658,1032.0929999999998
779,streatham,STREATHAM_S2.3_P4123_R3,2024,80.0,0.0,1920.27,1840.27
780,streatham,STREATHAM_S2.3_P4123_R3,2023,260.0,1414.8675999999998,0.0,-1674.8675999999998
781,streatham,STREATHAM_S6.1_P2312_R1,2023,329.0,1275.565,2690.772,1086.2069999999999
782,streatham,STREATHAM_S6.2_P2312_R3,2023,320.5,1200.565,2281.496,760.431
783,streatham,STREATHAM_S9.1_P2121_R3,2024,80.0,0.0,1657.59,1577.59
784,streatham,STREATHAM_S9.1_P2121_R3,2023,260.0,1399.8675999999998,0.0,-1659.8675999999998
785,streatham,STREATHAM_S10_P2121_R3,2024,80.0,0.0,1148.0700000000002,1068.0700000000002
786,streatham,STREATHAM_S10_P2121_R3,2023,199.0,1090.8799999999999,0.0,-1289.8799999999999
787,streatham,STREATHAM_S11_P0000_R7,2024,80.0,0.0,1477.62,1397.62
788,streatham,STREATHAM_S11_P0000_R7,2023,234.5,1225.4225,0.0,-1459.9225
789,streatham,STREATHAM_S4_P3123_R1,2024,80.0,0.0,1813.35,1733.35
790,streatham,STREATHAM_S4_P3123_R1,2023,260.0,1399.8675999999998,0.0,-1659.8675999999998
791,streatham,STREATHAM_S2.1_P2341_R1,2023,329.0,1225.565,2690.772,1136.2069999999999
792,streatham,STREATHAM_S6.1_P3123_R2,2024,80.0,0.0,1719.96,1639.96
793,streatham,STREATHAM_S6.1_P3123_R2,2023,260.0,1399.8675999999998,0.0,-1659.8675999999998
794,streatham,STREATHAM_S2.2_P2341_R1,2023,329.0,1275.565,2460.01,855.4450000000002
795,streatham,STREATHAM_S8_P3123_R3,2024,80.0,0.0,1766.16,1686.16
796,streatham,STREATHAM_S8_P3123_R3,2023,260.0,1399.8675999999998,0.0,-1659.8675999999998
797,streatham,STREATHAM_S1.2_P1212_R1,2023,329.0,1275.565,2713.786,1109.221
798,streatham,STREATHAM_S11_P0000_R5,2024,80.0,0.0,1633.38,1553.38
799,streatham,STREATHAM_S11_P0000_R5,2023,234.5,1225.4225,0.0,-1459.9225
800,streatham,STREATHAM_S6.2_P3123_R3,2024,80.0,0.0,1474.11,1394.11
801,streatham,STREATHAM_S6.2_P3123_R3,2023,260.0,1399.8675999999998,0.0,-1659.8675999999998
802,streatham,STREATHAM_S4_P1231_R1,2024,80.0,0.0,0.0,-80.0
803,streatham,STREATHAM_S4_P1231_R1,2023,179.5,994.926,0.0,-1174.426
804,streatham,STREATHAM_S2.2_P3412_R3,2024,80.0,0.0,1592.25,1512.25
805,streatham,STREATHAM_S2.2_P3412_R3,2023,260.0,1399.8675999999998,0.0,-1659.8675999999998
806,streatham,STREATHAM_S9.2_P1212_R2,2023,309.5,1124.115,2670.246,1236.631
807,streatham,STREATHAM_S2.3_P3412_R1,2024,80.0,0.0,1283.37,1203.37
808,streatham,STREATHAM_S2.3_P3412_R1,2023,260.0,1414.8675999999998,0.0,-1674.8675999999998
809,streatham,STREATHAM_S2.4_P1234_R1,2023,336.5,1266.515,1340.8200000000002,-262.19499999999994
810,streatham,STREATHAM_S12_P0000_R5,2024,80.0,0.0,1554.96,1474.96
811,streatham,STREATHAM_S12_P0000_R5,2023,260.0,1399.8675999999998,0.0,-1659.8675999999998
812,streatham,STREATHAM_S3_P4123_R2,2024,80.0,0.0,2029.17,1949.17
813,streatham,STREATHAM_S3_P4123_R2,2023,260.0,1399.8675999999998,0.0,-1659.8675999999998
814,streatham,STREATHAM_S5_P2312_R2,2024,80.0,0.0,1795.86,1715.86
815,streatham,STREATHAM_S5_P2312_R2,2023,260.0,1399.8675999999998,0.0,-1659.8675999999998
816,streatham,STREATHAM_S13_P0000_R1,2023,237.5,961.9,0.0,-1199.4
817,streatham,STREATHAM_S7_P2341_R1,2023,237.5,961.9,0.0,-1199.4
818,streatham,STREATHAM_S2.4_P3412_R1,2024,80.0,0.0,1840.08,1760.08
819,streatham,STREATHAM_S2.4_P3412_R1,2023,260.0,1442.3675999999998,0.0,-1702.3675999999998
820,streatham,STREATHAM_S9.1_P1212_R1,2023,292.5,1074.115,2863.688,1497.073
821,streatham,STREATHAM_S2.3_P1234_R3,2023,336.5,1241.7175,1586.5200000000002,8.302500000000236
822,streatham,STREATHAM_S7_P3412_R2,2023,329.0,1275.565,2876.75,1272.185
823,streatham,STREATHAM_S6.1_P2312_R2,2023,329.0,1275.565,2592.496,987.931
824,streatham,STREATHAM_S2.4_P1234_R3,2023,336.5,1266.515,1210.68,-392.33500000000004
825,streatham,STREATHAM_S2.2_P2341_R2,2023,329.0,1275.565,2762.924,1158.359
826,streatham,STREATHAM_S4_P3123_R3,2024,80.0,0.0,1794.5400000000002,1714.5400000000002
827,streatham,STREATHAM_S4_P3123_R3,2023,260.0,1399.8675999999998,0.0,-1659.8675999999998
828,streatham,STREATHAM_S12_P0000_R8,2024,80.0,0.0,1762.2,1682.2
829,streatham,STREATHAM_S12_P0000_R8,2023,260.0,1399.8675999999998,0.0,-1659.8675999999998
830,streatham,STREATHAM_S13_P0000_R6,2023,237.5,961.9,0.0,-1199.4
831,streatham,STREATHAM_S6.1_P1231_R2,2023,237.5,961.9,0.0,-1199.4
832,streatham,STREATHAM_S8_P2312_R3,2023,329.0,1275.565,2598.716,994.1509999999998
833,streatham,STREATHAM_S9.3_P1212_R2,2023,309.5,1174.115,2963.208,1479.593
834,streatham,STREATHAM_S9.3_P1212_R3,2023,309.5,1174.115,2935.218,1451.6029999999998
835,streatham,STREATHAM_S2.1_P2341_R3,2023,329.0,1225.565,2561.396,1006.8310000000001
836,streatham,STREATHAM_S11_P0000_R3,2024,80.0,0.0,1525.8,1445.8
837,streatham,STREATHAM_S11_P0000_R3,2023,234.5,1225.4225,0.0,-1459.9225
838,streatham,STREATHAM_S1.1_P1212_R2,2023,329.0,1225.565,2480.536,925.971
839,streatham,STREATHAM_S12_P0000_R1,2024,80.0,0.0,1592.5800000000002,1512.5800000000002
840,streatham,STREATHAM_S12_P0000_R1,2023,260.0,1399.8675999999998,0.0,-1659.8675999999998
841,streatham,STREATHAM_S2.2_P4123_R3,2024,80.0,0.0,1785.3000000000002,1705.3000000000002
842,streatham,STREATHAM_S2.2_P4123_R3,2023,260.0,1399.8675999999998,0.0,-1659.8675999999998
843,streatham,STREATHAM_S2.3_P2341_R2,2023,312.0,1185.5649999999998,2520.344,1022.7790000000002
844,streatham,STREATHAM_S6.2_P1231_R1,2023,237.5,961.9,0.0,-1199.4
845,streatham,STREATHAM_S5_P1231_R1,2023,329.0,1275.565,2868.664,1264.0990000000002
846,streatham,STREATHAM_S2.4_P1234_R2,2023,336.5,1266.515,1542.24,-60.77500000000009
847,streatham,STREATHAM_S13_P0000_R9,2023,237.5,961.9,0.0,-1199.4
848,streatham,STREATHAM_S10_P1212_R3,2023,309.5,1124.115,2833.832,1400.2169999999999
849,streatham,STREATHAM_S4_P2312_R3,2023,329.0,1275.565,2594.984,990.4189999999999
850,streatham,STREATHAM_S7_P4123_R1,2024,80.0,0.0,1855.26,1775.26
851,streatham,STREATHAM_S7_P4123_R1,2023,260.0,1399.8675999999998,0.0,-1659.8675999999998
852,streatham,STREATHAM_S13_P0000_R7,2023,237.5,961.9,0.0,-1199.4
853,streatham,STREATHAM_S9.1_P2121_R2,2024,80.0,0.0,1506.12,1426.12
854,streatham,STREATHAM_S9.1_P2121_R2,2023,260.0,1399.8675999999998,0.0,-1659.8675999999998
855,streatham,STREATHAM_S5_P2312_R3,2024,80.0,0.0,1941.06,1861.06
856,streatham,STREATHAM_S5_P2312_R3,2023,260.0,1399.8675999999998,0.0,-1659.8675999999998
857,streatham,STREATHAM_S2.2_P4123_R2,2024,80.0,0.0,1818.96,1738.96
858,streatham,STREATHAM_S2.2_P4123_R2,2023,260.0,1399.8675999999998,0.0,-1659.8675999999998
859,streatham,STREATHAM_S9.3_P2121_R3,2024,80.0,0.0,1958.22,1878.22
860,streatham,STREATHAM_S9.3_P2121_R3,2023,260.0,1399.8675999999998,0.0,-1659.8675999999998
861,streatham,STREATHAM_S2.1_P1234_R2,2023,336.5,1266.515,1185.84,-417.1750000000002
862,streatham,STREATHAM_S2.1_P2341_R2,2023,329.0,1225.565,2576.324,1021.759
863,streatham,STREATHAM_S2.4_P2341_R1,2023,329.0,1315.565,2797.134,1152.569
864,streatham,STREATHAM_S2.4_P4123_R2,2024,80.0,0.0,2082.96,2002.96
865,streatham,STREATHAM_S2.4_P4123_R2,2023,260.0,1442.3675999999998,0.0,-1702.3675999999998
866,streatham,STREATHAM_S5_P3123_R2,2024,80.0,0.0,1841.044,1761.044
867,streatham,STREATHAM_S5_P3123_R2,2023,249.0,1354.4699999999998,0.0,-1603.4699999999998
868,streatham,STREATHAM_S10_P1212_R2,2023,309.5,1124.115,2811.44,1377.825
869,streatham,STREATHAM_S1.4_P1212_R2,2023,329.0,1315.565,267.46,-1377.105
870,streatham,STREATHAM_S12_P0000_R6,2024,80.0,0.0,1605.45,1525.45
871,streatham,STREATHAM_S12_P0000_R6,2023,260.0,1399.8675999999998,0.0,-1659.8675999999998
872,streatham,STREATHAM_S9.1_P1212_R3,2023,292.5,1074.115,2985.6,1618.985
873,streatham,STREATHAM_S13_P0000_R2,2023,237.5,961.9,0.0,-1199.4
874,streatham,STREATHAM_S2.3_P2341_R1,2023,312.0,1185.5649999999998,2713.786,1216.2210000000002
875,streatham,STREATHAM_S2.3_P4123_R1,2024,80.0,0.0,1507.77,1427.77
876,streatham,STREATHAM_S2.3_P4123_R1,2023,260.0,1414.8675999999998,0.0,-1674.8675999999998
877,streatham,STREATHAM_S8_P2312_R1,2023,329.0,1275.565,2501.684,897.1190000000001
878,streatham,STREATHAM_S10_P2121_R2,2024,80.0,0.0,1187.34,1107.34
879,streatham,STREATHAM_S10_P2121_R2,2023,199.0,1090.8799999999999,0.0,-1289.8799999999999
880,streatham,STREATHAM_S7_P4123_R2,2024,80.0,0.0,1854.6,1774.6
881,streatham,STREATHAM_S7_P4123_R2,2023,260.0,1399.8675999999998,0.0,-1659.8675999999998
882,streatham,STREATHAM_S13_P0000_R3,2023,248.5,1137.9,0.0,-1386.4
883,streatham,STREATHAM_S5_P2312_R1,2024,80.0,0.0,1702.47,1622.47
884,streatham,STREATHAM_S5_P2312_R1,2023,260.0,1399.8675999999998,0.0,-1659.8675999999998
885,streatham,STREATHAM_S9.2_P2121_R2,2024,80.0,0.0,1608.75,1528.75
886,streatham,STREATHAM_S9.2_P2121_R2,2023,260.0,1399.8675999999998,0.0,-1659.8675999999998
887,streatham,STREATHAM_S4_P3123_R2,2024,80.0,0.0,1755.6,1675.6
888,streatham,STREATHAM_S4_P3123_R2,2023,260.0,1399.8675999999998,0.0,-1659.8675999999998
889,streatham,STREATHAM_S3_P4123_R3,2024,80.0,0.0,2186.9100000000003,2106.9100000000003
890,streatham,STREATHAM_S3_P4123_R3,2023,260.0,1399.8675999999998,0.0,-1659.8675999999998
891,streatham,STREATHAM_S1.4_P1212_R1,2023,329.0,1315.565,2919.046,1274.4809999999998
892,streatham,STREATHAM_S1.3_P2121_R1,2024,80.0,0.0,1446.72,1366.72
893,streatham,STREATHAM_S1.3_P2121_R1,2023,260.0,1414.8675999999998,0.0,-1674.8675999999998
894,kinnabulla,KINNABULLA_S2.1_P1212_R1,2024,11.0,11.25,0.0,-22.25
895,kinnabulla,KINNABULLA_S2.1_P1212_R1,2023,292.5,269.402,848.9,286.998
896,kinnabulla,KINNABULLA_S1.2_P1231_R1,2024,11.0,11.25,0.0,-22.25
897,kinnabulla,KINNABULLA_S1.2_P1231_R1,2023,292.5,269.402,1075.1,513.1979999999999
898,kinnabulla,KINNABULLA_S3_P3123_R1,2024,11.0,11.25,0.0,-22.25
899,kinnabulla,KINNABULLA_S3_P3123_R1,2023,246.0,306.66999999999996,1618.3200000000002,1065.65
900,kinnabulla,KINNABULLA_S6_P3412_R3,2024,11.0,11.25,0.0,-22.25
901,kinnabulla,KINNABULLA_S6_P3412_R3,2023,246.0,306.66999999999996,1525.92,973.2500000000001
902,kinnabulla,KINNABULLA_S4_P2341_R3,2024,11.0,11.25,0.0,-22.25
903,kinnabulla,KINNABULLA_S4_P2341_R3,2023,235.0,467.67759036144577,1000.798,298.12040963855424
904,kinnabulla,KINNABULLA_S4_P4123_R3,2024,11.0,11.25,0.0,-22.25
905,kinnabulla,KINNABULLA_S4_P4123_R3,2023,246.0,306.66999999999996,1404.15,851.4800000000001
906,kinnabulla,KINNABULLA_S10_P3123_R1,2024,11.0,11.25,0.0,-22.25
907,kinnabulla,KINNABULLA_S10_P3123_R1,2023,246.0,306.66999999999996,1943.04,1390.37
908,kinnabulla,KINNABULLA_S9.1_P2312_R3,2024,11.0,11.25,0.0,-22.25
909,kinnabulla,KINNABULLA_S9.1_P2312_R3,2023,237.5,178.17000000000002,1602.48,1186.81
910,kinnabulla,KINNABULLA_S1.3_P3123_R3,2024,11.0,11.25,0.0,-22.25
911,kinnabulla,KINNABULLA_S1.3_P3123_R3,2023,246.0,348.67,1630.2,1035.53
912,kinnabulla,KINNABULLA_S1.1_P2312_R3,2024,11.0,11.25,0.0,-22.25
913,kinnabulla,KINNABULLA_S1.1_P2312_R3,2023,246.0,227.17,1550.34,1077.1699999999998
914,kinnabulla,KINNABULLA_S4_P1234_R2,2024,11.0,11.25,0.0,-22.25
915,kinnabulla,KINNABULLA_S4_P1234_R2,2023,292.5,269.402,940.55,378.64799999999997
916,kinnabulla,KINNABULLA_S7_P1111_R3,2024,11.0,11.25,0.0,-22.25
917,kinnabulla,KINNABULLA_S7_P1111_R3,2023,246.0,306.66999999999996,1617.66,1064.9900000000002
918,kinnabulla,KINNABULLA_S1.3_P3123_R2,2024,11.0,11.25,0.0,-22.25
919,kinnabulla,KINNABULLA_S1.3_P3123_R2,2023,246.0,348.67,1702.47,1107.8
920,kinnabulla,KINNABULLA_S10_P1231_R3,2024,11.0,11.25,0.0,-22.25
921,kinnabulla,KINNABULLA_S10_P1231_R3,2023,270.5,226.0,0.0,-496.5
922,kinnabulla,KINNABULLA_S9.2_P1231_R1,2024,11.0,11.25,0.0,-22.25
923,kinnabulla,KINNABULLA_S9.2_P1231_R1,2023,292.5,262.85,0.0,-555.35
924,kinnabulla,KINNABULLA_S1.2_P1231_R3,2024,11.0,11.25,0.0,-22.25
925,kinnabulla,KINNABULLA_S1.2_P1231_R3,2023,292.5,269.402,1001.0,439.098
926,kinnabulla,KINNABULLA_S13_P0000_R2,2024,11.0,11.25,0.0,-22.25
927,kinnabulla,KINNABULLA_S13_P0000_R2,2023,235.0,359.67759036144577,1285.052,690.3744096385542
928,kinnabulla,KINNABULLA_S12_P0000_R2,2024,11.0,11.25,0.0,-22.25
929,kinnabulla,KINNABULLA_S12_P0000_R2,2023,235.0,467.67759036144577,1031.276,328.5984096385543
930,kinnabulla,KINNABULLA_S11_P2312_R2,2024,11.0,11.25,0.0,-22.25
931,kinnabulla,KINNABULLA_S11_P2312_R2,2023,246.0,306.66999999999996,1792.89,1240.2200000000003
932,kinnabulla,KINNABULLA_S9.1_P2312_R2,2024,11.0,11.25,0.0,-22.25
933,kinnabulla,KINNABULLA_S9.1_P2312_R2,2023,237.5,178.17000000000002,1689.93,1274.26
934,kinnabulla,KINNABULLA_S8_P2312_R1,2024,11.0,11.25,0.0,-22.25
935,kinnabulla,KINNABULLA_S8_P2312_R1,2023,246.0,306.66999999999996,1714.35,1161.6799999999998
936,kinnabulla,KINNABULLA_S9.2_P2312_R1,2024,11.0,11.25,0.0,-22.25
937,kinnabulla,KINNABULLA_S9.2_P2312_R1,2023,237.5,178.17000000000002,1782.99,1367.32
938,kinnabulla,KINNABULLA_S9.2_P2312_R3,2024,11.0,11.25,0.0,-22.25
939,kinnabulla,KINNABULLA_S9.2_P2312_R3,2023,237.5,178.17000000000002,1679.0400000000002,1263.3700000000001
940,kinnabulla,KINNABULLA_S10_P3123_R2,2024,11.0,11.25,0.0,-22.25
941,kinnabulla,KINNABULLA_S10_P3123_R2,2023,246.0,306.66999999999996,1848.0,1295.33
942,kinnabulla,KINNABULLA_S11_P3123_R1,2024,11.0,11.25,0.0,-22.25
943,kinnabulla,KINNABULLA_S11_P3123_R1,2023,246.0,306.66999999999996,2020.92,1468.25
944,kinnabulla,KINNABULLA_S1.1_P2312_R1,2024,11.0,11.25,0.0,-22.25
945,kinnabulla,KINNABULLA_S1.1_P2312_R1,2023,246.0,227.17,1728.21,1255.04
946,kinnabulla,KINNABULLA_S1.3_P1231_R3,2024,11.0,11.25,0.0,-22.25
947,kinnabulla,KINNABULLA_S1.3_P1231_R3,2023,292.5,269.402,728.65,166.748
948,kinnabulla,KINNABULLA_S10_P2312_R3,2024,11.0,11.25,0.0,-22.25
949,kinnabulla,KINNABULLA_S10_P2312_R3,2023,246.0,306.66999999999996,1527.24,974.57
950,kinnabulla,KINNABULLA_S2.2_P2121_R3,2024,11.0,11.25,0.0,-22.25
951,kinnabulla,KINNABULLA_S2.2_P2121_R3,2023,246.0,348.67,1501.8300000000002,907.1600000000001
952,kinnabulla,KINNABULLA_S9.1_P2312_R1,2024,11.0,11.25,0.0,-22.25
953,kinnabulla,KINNABULLA_S9.1_P2312_R1,2023,237.5,178.17000000000002,1815.33,1399.6599999999999
954,kinnabulla,KINNABULLA_S9.1_P3123_R2,2024,11.0,11.25,0.0,-22.25
955,kinnabulla,KINNABULLA_S9.1_P3123_R2,2023,237.5,178.17000000000002,1677.72,1262.05
956,kinnabulla,KINNABULLA_S6_P3412_R2,2024,11.0,11.25,0.0,-22.25
957,kinnabulla,KINNABULLA_S6_P3412_R2,2023,246.0,306.66999999999996,1643.73,1091.06
958,kinnabulla,KINNABULLA_S1.3_P2312_R1,2024,11.0,11.25,0.0,-22.25
959,kinnabulla,KINNABULLA_S1.3_P2312_R1,2023,246.0,348.67,1642.74,1048.07
960,kinnabulla,KINNABULLA_S12_P0000_R5,2024,11.0,11.25,0.0,-22.25
961,kinnabulla,KINNABULLA_S12_P0000_R5,2023,235.0,467.67759036144577,867.6899999999999,165.01240963855417
962,kinnabulla,KINNABULLA_S14_P0000_R8,2024,11.0,11.25,0.0,-22.25
963,kinnabulla,KINNABULLA_S14_P0000_R8,2023,235.0,467.67759036144577,923.67,220.9924096385542
964,kinnabulla,KINNABULLA_S13_P0000_R6,2024,11.0,11.25,0.0,-22.25
965,kinnabulla,KINNABULLA_S13_P0000_R6,2023,235.0,359.67759036144577,894.436,299.75840963855427
966,kinnabulla,KINNABULLA_S12_P0000_R8,2024,11.0,11.25,0.0,-22.25
967,kinnabulla,KINNABULLA_S12_P0000_R8,2023,235.0,467.67759036144577,975.918,273.24040963855424
968,kinnabulla,KINNABULLA_S5_P1212_R1,2024,11.0,11.25,0.0,-22.25
969,kinnabulla,KINNABULLA_S5_P1212_R1,2023,292.5,269.402,812.5,250.598
970,kinnabulla,KINNABULLA_S1.2_P3123_R1,2024,11.0,11.25,0.0,-22.25
971,kinnabulla,KINNABULLA_S1.2_P3123_R1,2023,246.0,306.66999999999996,1882.65,1329.98
972,kinnabulla,KINNABULLA_S5_P1212_R3,2024,11.0,11.25,0.0,-22.25
973,kinnabulla,KINNABULLA_S5_P1212_R3,2023,292.5,269.402,961.35,399.44800000000004
974,kinnabulla,KINNABULLA_S1.1_P3123_R3,2024,11.0,11.25,0.0,-22.25
975,kinnabulla,KINNABULLA_S1.1_P3123_R3,2023,246.0,227.17,1528.89,1055.72
976,kinnabulla,KINNABULLA_S9.2_P1231_R3,2024,11.0,11.25,0.0,-22.25
977,kinnabulla,KINNABULLA_S9.2_P1231_R3,2023,292.5,262.85,0.0,-555.35
978,kinnabulla,KINNABULLA_S6_P3412_R1,2024,11.0,11.25,0.0,-22.25
979,kinnabulla,KINNABULLA_S6_P3412_R1,2023,246.0,306.66999999999996,1562.5500000000002,1009.8800000000002
980,kinnabulla,KINNABULLA_S3_P2312_R3,2024,11.0,11.25,0.0,-22.25
981,kinnabulla,KINNABULLA_S3_P2312_R3,2023,292.5,269.402,850.2,288.29800000000006
982,kinnabulla,KINNABULLA_S1.1_P1231_R3,2024,11.0,11.25,0.0,-22.25
983,kinnabulla,KINNABULLA_S1.1_P1231_R3,2023,292.5,269.402,919.1,357.19800000000004
984,kinnabulla,KINNABULLA_S6_P2341_R3,2024,11.0,11.25,0.0,-22.25
985,kinnabulla,KINNABULLA_S6_P2341_R3,2023,246.0,306.66999999999996,1552.98,1000.3100000000001
986,kinnabulla,KINNABULLA_S8_P1231_R3,2024,11.0,11.25,0.0,-22.25
987,kinnabulla,KINNABULLA_S8_P1231_R3,2023,77.0,100.69999999999999,0.0,-177.7
988,kinnabulla,KINNABULLA_S1.3_P2312_R2,2024,11.0,11.25,0.0,-22.25
989,kinnabulla,KINNABULLA_S1.3_P2312_R2,2023,246.0,348.67,1719.3000000000002,1124.63
990,kinnabulla,KINNABULLA_S10_P1231_R1,2024,11.0,11.25,0.0,-22.25
991,kinnabulla,KINNABULLA_S10_P1231_R1,2023,270.5,226.0,0.0,-496.5
992,kinnabulla,KINNABULLA_S9.1_P3123_R1,2024,11.0,11.25,0.0,-22.25
993,kinnabulla,KINNABULLA_S9.1_P3123_R1,2023,237.5,178.17000000000002,1641.75,1226.08
994,kinnabulla,KINNABULLA_S14_P0000_R4,2024,11.0,11.25,0.0,-22.25
995,kinnabulla,KINNABULLA_S14_P0000_R4,2023,235.0,467.67759036144577,885.106,182.42840963855423
996,kinnabulla,KINNABULLA_S7_P1111_R6,2024,11.0,11.25,0.0,-22.25
997,kinnabulla,KINNABULLA_S7_P1111_R6,2023,246.0,306.66999999999996,1650.0,1097.33
998,kinnabulla,KINNABULLA_S1.2_P1231_R2,2024,11.0,11.25,0.0,-22.25
999,kinnabulla,KINNABULLA_S1.2_P1231_R2,2023,292.5,269.402,1142.7,580.798
1000,kinnabulla,KINNABULLA_S5_P2121_R1,2024,11.0,11.25,0.0,-22.25
1001,kinnabulla,KINNABULLA_S5_P2121_R1,2023,246.0,296.66999999999996,1448.28,905.61
1002,kinnabulla,KINNABULLA_S7_P1111_R2,2024,11.0,11.25,0.0,-22.25
1003,kinnabulla,KINNABULLA_S7_P1111_R2,2023,246.0,306.66999999999996,1886.28,1333.6100000000001
1004,kinnabulla,KINNABULLA_S11_P2312_R3,2024,11.0,11.25,0.0,-22.25
1005,kinnabulla,KINNABULLA_S11_P2312_R3,2023,246.0,306.66999999999996,1499.19,946.5200000000001
1006,kinnabulla,KINNABULLA_S2.2_P2121_R2,2024,11.0,11.25,0.0,-22.25
1007,kinnabulla,KINNABULLA_S2.2_P2121_R2,2023,246.0,348.67,1674.42,1079.75
1008,kinnabulla,KINNABULLA_S8_P3123_R1,2024,11.0,11.25,0.0,-22.25
1009,kinnabulla,KINNABULLA_S8_P3123_R1,2023,246.0,306.66999999999996,1639.77,1087.1
1010,kinnabulla,KINNABULLA_S9.1_P3123_R3,2024,11.0,11.25,0.0,-22.25
1011,kinnabulla,KINNABULLA_S9.1_P3123_R3,2023,237.5,178.17000000000002,1589.28,1173.61
1012,kinnabulla,KINNABULLA_S1.3_P3123_R1,2024,11.0,11.25,0.0,-22.25
1013,kinnabulla,KINNABULLA_S1.3_P3123_R1,2023,246.0,348.67,1864.17,1269.5
1014,kinnabulla,KINNABULLA_S10_P2312_R1,2024,11.0,11.25,0.0,-22.25
1015,kinnabulla,KINNABULLA_S10_P2312_R1,2023,246.0,306.66999999999996,1941.72,1389.0500000000002
1016,kinnabulla,KINNABULLA_S2.1_P2121_R1,2024,11.0,11.25,0.0,-22.25
1017,kinnabulla,KINNABULLA_S2.1_P2121_R1,2023,246.0,306.66999999999996,1858.23,1305.56
1018,kinnabulla,KINNABULLA_S10_P1231_R2,2024,11.0,11.25,0.0,-22.25
1019,kinnabulla,KINNABULLA_S10_P1231_R2,2023,270.5,226.0,0.0,-496.5
1020,kinnabulla,KINNABULLA_S6_P4123_R1,2024,11.0,11.25,0.0,-22.25
1021,kinnabulla,KINNABULLA_S6_P4123_R1,2023,246.0,306.66999999999996,1905.75,1353.08
1022,kinnabulla,KINNABULLA_S1.3_P2312_R3,2024,11.0,11.25,0.0,-22.25
1023,kinnabulla,KINNABULLA_S1.3_P2312_R3,2023,246.0,348.67,1438.14,843.47
1024,kinnabulla,KINNABULLA_S2.2_P1212_R3,2024,11.0,11.25,0.0,-22.25
1025,kinnabulla,KINNABULLA_S2.2_P1212_R3,2023,292.5,269.402,785.85,223.94800000000004
1026,kinnabulla,KINNABULLA_S14_P0000_R5,2024,11.0,11.25,0.0,-22.25
1027,kinnabulla,KINNABULLA_S14_P0000_R5,2023,235.0,467.67759036144577,1007.018,304.34040963855426
1028,kinnabulla,KINNABULLA_S4_P3412_R3,2024,11.0,11.25,0.0,-22.25
1029,kinnabulla,KINNABULLA_S4_P3412_R3,2023,246.0,306.66999999999996,1574.76,1022.09
1030,kinnabulla,KINNABULLA_S8_P1231_R1,2024,11.0,11.25,0.0,-22.25
1031,kinnabulla,KINNABULLA_S8_P1231_R1,2023,77.0,100.69999999999999,0.0,-177.7
1032,kinnabulla,KINNABULLA_S11_P1231_R1,2024,11.0,11.25,0.0,-22.25
1033,kinnabulla,KINNABULLA_S11_P1231_R1,2023,270.5,226.0,0.0,-496.5
1034,kinnabulla,KINNABULLA_S12_P0000_R4,2024,11.0,11.25,0.0,-22.25
1035,kinnabulla,KINNABULLA_S12_P0000_R4,2023,235.0,467.67759036144577,1038.74,336.06240963855424
1036,kinnabulla,KINNABULLA_S1.2_P3123_R2,2024,11.0,11.25,0.0,-22.25
1037,kinnabulla,KINNABULLA_S1.2_P3123_R2,2023,246.0,306.66999999999996,1655.94,1103.27
1038,kinnabulla,KINNABULLA_S14_P0000_R6,2024,11.0,11.25,0.0,-22.25
1039,kinnabulla,KINNABULLA_S14_P0000_R6,2023,235.0,467.67759036144577,925.536,222.85840963855418
1040,kinnabulla,KINNABULLA_S4_P3412_R2,2024,11.0,11.25,0.0,-22.25
1041,kinnabulla,KINNABULLA_S4_P3412_R2,2023,246.0,306.66999999999996,1649.67,1097.0
1042,kinnabulla,KINNABULLA_S9.2_P3123_R2,2024,11.0,11.25,0.0,-22.25
1043,kinnabulla,KINNABULLA_S9.2_P3123_R2,2023,237.5,178.17000000000002,1648.35,1232.6799999999998
1044,kinnabulla,KINNABULLA_S13_P0000_R4,2024,11.0,11.25,0.0,-22.25
1045,kinnabulla,KINNABULLA_S13_P0000_R4,2023,235.0,359.67759036144577,1087.878,493.20040963855416
1046,kinnabulla,KINNABULLA_S4_P1234_R1,2024,11.0,11.25,0.0,-22.25
1047,kinnabulla,KINNABULLA_S4_P1234_R1,2023,292.5,269.402,770.9,208.998
1048,kinnabulla,KINNABULLA_S6_P2341_R1,2024,11.0,11.25,0.0,-22.25
1049,kinnabulla,KINNABULLA_S6_P2341_R1,2023,246.0,306.66999999999996,1869.45,1316.7800000000002
1050,kinnabulla,KINNABULLA_S9.2_P3123_R3,2024,11.0,11.25,0.0,-22.25
1051,kinnabulla,KINNABULLA_S9.2_P3123_R3,2023,237.5,178.17000000000002,1585.65,1169.98
1052,kinnabulla,KINNABULLA_S5_P2121_R2,2024,11.0,11.25,0.0,-22.25
1053,kinnabulla,KINNABULLA_S5_P2121_R2,2023,246.0,296.66999999999996,1351.4299999999998,808.7599999999999
1054,kinnabulla,KINNABULLA_S10_P3123_R3,2024,11.0,11.25,0.0,-22.25
1055,kinnabulla,KINNABULLA_S10_P3123_R3,2023,246.0,306.66999999999996,1634.49,1081.8200000000002
1056,kinnabulla,KINNABULLA_S6_P4123_R3,2024,11.0,11.25,0.0,-22.25
1057,kinnabulla,KINNABULLA_S6_P4123_R3,2023,246.0,306.66999999999996,1459.59,906.92
1058,kinnabulla,KINNABULLA_S11_P2312_R1,2024,11.0,11.25,0.0,-22.25
1059,kinnabulla,KINNABULLA_S11_P2312_R1,2023,246.0,306.66999999999996,1560.5700000000002,1007.9000000000002
1060,kinnabulla,KINNABULLA_S9.1_P1231_R2,2024,11.0,11.25,0.0,-22.25
1061,kinnabulla,KINNABULLA_S9.1_P1231_R2,2023,314.5,280.85,0.0,-595.35
1062,kinnabulla,KINNABULLA_S12_P0000_R3,2024,11.0,11.25,0.0,-22.25
1063,kinnabulla,KINNABULLA_S12_P0000_R3,2023,235.0,467.67759036144577,1264.526,561.8484096385544
1064,kinnabulla,KINNABULLA_S3_P3123_R3,2024,11.0,11.25,0.0,-22.25
1065,kinnabulla,KINNABULLA_S3_P3123_R3,2023,246.0,306.66999999999996,1536.48,983.8100000000001
1066,kinnabulla,KINNABULLA_S11_P1231_R3,2024,11.0,11.25,0.0,-22.25
1067,kinnabulla,KINNABULLA_S11_P1231_R3,2023,270.5,226.0,0.0,-496.5
1068,kinnabulla,KINNABULLA_S4_P3412_R1,2024,11.0,11.25,0.0,-22.25
1069,kinnabulla,KINNABULLA_S4_P3412_R1,2023,246.0,306.66999999999996,1759.5600000000002,1206.8900000000003
1070,kinnabulla,KINNABULLA_S2.2_P1212_R1,2024,11.0,11.25,0.0,-22.25
1071,kinnabulla,KINNABULLA_S2.2_P1212_R1,2023,292.5,269.402,723.45,161.54800000000006
1072,kinnabulla,KINNABULLA_S14_P0000_R1,2024,11.0,11.25,0.0,-22.25
1073,kinnabulla,KINNABULLA_S14_P0000_R1,2023,235.0,467.67759036144577,1308.688,606.0104096385544
1074,kinnabulla,KINNABULLA_S9.2_P1231_R2,2024,11.0,11.25,0.0,-22.25
1075,kinnabulla,KINNABULLA_S9.2_P1231_R2,2023,292.5,262.85,0.0,-555.35
1076,kinnabulla,KINNABULLA_S13_P0000_R7,2024,11.0,11.25,0.0,-22.25
1077,kinnabulla,KINNABULLA_S13_P0000_R7,2023,235.0,359.67759036144577,873.288,278.61040963855424
1078,kinnabulla,KINNABULLA_S14_P0000_R3,2024,11.0,11.25,0.0,-22.25
1079,kinnabulla,KINNABULLA_S14_P0000_R3,2023,235.0,467.67759036144577,1301.846,599.1684096385543
1080,kinnabulla,KINNABULLA_S2.2_P2121_R1,2024,11.0,11.25,0.0,-22.25
1081,kinnabulla,KINNABULLA_S2.2_P2121_R1,2023,246.0,348.67,1691.5800000000002,1096.91
1082,kinnabulla,KINNABULLA_S9.1_P1231_R3,2024,11.0,11.25,0.0,-22.25
1083,kinnabulla,KINNABULLA_S9.1_P1231_R3,2023,314.5,280.85,0.0,-595.35
1084,kinnabulla,KINNABULLA_S2.2_P1212_R2,2024,11.0,11.25,0.0,-22.25
1085,kinnabulla,KINNABULLA_S2.2_P1212_R2,2023,292.5,269.402,1118.65,556.748
1086,kinnabulla,KINNABULLA_S5_P2121_R3,2024,11.0,11.25,0.0,-22.25
1087,kinnabulla,KINNABULLA_S5_P2121_R3,2023,246.0,296.66999999999996,1208.092,665.4220000000001
1088,kinnabulla,KINNABULLA_S2.1_P1212_R2,2024,11.0,11.25,0.0,-22.25
1089,kinnabulla,KINNABULLA_S2.1_P1212_R2,2023,292.5,269.402,900.9,338.998
1090,kinnabulla,KINNABULLA_S12_P0000_R1,2024,11.0,11.25,0.0,-22.25
1091,kinnabulla,KINNABULLA_S12_P0000_R1,2023,235.0,467.67759036144577,1065.486,362.80840963855434
1092,kinnabulla,KINNABULLA_S12_P0000_R7,2024,11.0,11.25,0.0,-22.25
1093,kinnabulla,KINNABULLA_S12_P0000_R7,2023,235.0,467.67759036144577,919.938,217.26040963855422
1094,kinnabulla,KINNABULLA_S5_P1212_R2,2024,11.0,11.25,0.0,-22.25
1095,kinnabulla,KINNABULLA_S5_P1212_R2,2023,292.5,269.402,882.7,320.79800000000006
1096,kinnabulla,KINNABULLA_S8_P2312_R2,2024,11.0,11.25,0.0,-22.25
1097,kinnabulla,KINNABULLA_S8_P2312_R2,2023,246.0,306.66999999999996,1646.37,1093.6999999999998
1098,kinnabulla,KINNABULLA_S13_P0000_R9,2024,11.0,11.25,0.0,-22.25
1099,kinnabulla,KINNABULLA_S13_P0000_R9,2023,235.0,359.67759036144577,911.23,316.55240963855425
1100,kinnabulla,KINNABULLA_S13_P0000_R1,2024,11.0,11.25,0.0,-22.25
1101,kinnabulla,KINNABULLA_S13_P0000_R1,2023,235.0,359.67759036144577,1330.458,735.7804096385544
1102,kinnabulla,KINNABULLA_S1.2_P2312_R1,2024,11.0,11.25,0.0,-22.25
1103,kinnabulla,KINNABULLA_S1.2_P2312_R1,2023,246.0,306.66999999999996,1708.41,1155.7400000000002
1104,kinnabulla,KINNABULLA_S13_P0000_R3,2024,11.0,11.25,0.0,-22.25
1105,kinnabulla,KINNABULLA_S13_P0000_R3,2023,235.0,359.67759036144577,1016.97,422.29240963855426
1106,kinnabulla,KINNABULLA_S1.2_P2312_R3,2024,11.0,11.25,0.0,-22.25
1107,kinnabulla,KINNABULLA_S1.2_P2312_R3,2023,246.0,306.66999999999996,1476.09,923.42
1108,kinnabulla,KINNABULLA_S3_P3123_R2,2024,11.0,11.25,0.0,-22.25
1109,kinnabulla,KINNABULLA_S3_P3123_R2,2023,246.0,306.66999999999996,1534.8300000000002,982.1600000000002
1110,kinnabulla,KINNABULLA_S3_P2312_R2,2024,11.0,11.25,0.0,-22.25
1111,kinnabulla,KINNABULLA_S3_P2312_R2,2023,292.5,269.402,934.7,372.79800000000006
1112,kinnabulla,KINNABULLA_S10_P2312_R2,2024,11.0,11.25,0.0,-22.25
1113,kinnabulla,KINNABULLA_S10_P2312_R2,2023,246.0,306.66999999999996,1572.12,1019.4499999999999
1114,kinnabulla,KINNABULLA_S8_P2312_R3,2024,11.0,11.25,0.0,-22.25
1115,kinnabulla,KINNABULLA_S8_P2312_R3,2023,246.0,306.66999999999996,1445.0700000000002,892.4000000000002
1116,kinnabulla,KINNABULLA_S1.3_P1231_R1,2024,11.0,11.25,0.0,-22.25
1117,kinnabulla,KINNABULLA_S1.3_P1231_R1,2023,292.5,269.402,614.25,52.34800000000001
1118,kinnabulla,KINNABULLA_S7_P1111_R4,2024,11.0,11.25,0.0,-22.25
1119,kinnabulla,KINNABULLA_S7_P1111_R4,2023,246.0,306.66999999999996,1725.5700000000002,1172.9
1120,kinnabulla,KINNABULLA_S4_P4123_R1,2024,11.0,11.25,0.0,-22.25
1121,kinnabulla,KINNABULLA_S4_P4123_R1,2023,246.0,306.66999999999996,1617.99,1065.3200000000002
1122,kinnabulla,KINNABULLA_S8_P3123_R3,2024,11.0,11.25,0.0,-22.25
1123,kinnabulla,KINNABULLA_S8_P3123_R3,2023,246.0,306.66999999999996,1666.8300000000002,1114.1600000000003
1124,kinnabulla,KINNABULLA_S13_P0000_R8,2024,11.0,11.25,0.0,-22.25
1125,kinnabulla,KINNABULLA_S13_P0000_R8,2023,235.0,359.67759036144577,998.31,403.6324096385542
1126,kinnabulla,KINNABULLA_S1.2_P3123_R3,2024,11.0,11.25,0.0,-22.25
1127,kinnabulla,KINNABULLA_S1.2_P3123_R3,2023,246.0,306.66999999999996,1439.79,887.12
1128,kinnabulla,KINNABULLA_S14_P0000_R9,2024,11.0,11.25,0.0,-22.25
1129,kinnabulla,KINNABULLA_S14_P0000_R9,2023,235.0,467.67759036144577,910.608,207.93040963855418
1130,kinnabulla,KINNABULLA_S3_P1231_R1,2024,11.0,11.25,0.0,-22.25
1131,kinnabulla,KINNABULLA_S3_P1231_R1,2023,292.5,269.402,815.1,253.19800000000004
1132,kinnabulla,KINNABULLA_S11_P3123_R2,2024,11.0,11.25,0.0,-22.25
1133,kinnabulla,KINNABULLA_S11_P3123_R2,2023,246.0,306.66999999999996,1587.63,1034.96
1134,kinnabulla,KINNABULLA_S4_P2341_R1,2024,11.0,11.25,0.0,-22.25
1135,kinnabulla,KINNABULLA_S4_P2341_R1,2023,235.0,467.67759036144577,1077.926,375.24840963855416
1136,kinnabulla,KINNABULLA_S12_P0000_R9,2024,11.0,11.25,0.0,-22.25
1137,kinnabulla,KINNABULLA_S12_P0000_R9,2023,235.0,467.67759036144577,778.122,75.44440963855419
1138,kinnabulla,KINNABULLA_S12_P0000_R6,2024,11.0,11.25,0.0,-22.25
1139,kinnabulla,KINNABULLA_S12_P0000_R6,2023,235.0,467.67759036144577,1007.018,304.34040963855426
1140,kinnabulla,KINNABULLA_S7_P1111_R1,2024,11.0,11.25,0.0,-22.25
1141,kinnabulla,KINNABULLA_S7_P1111_R1,2023,246.0,306.66999999999996,1764.18,1211.5100000000002
1142,kinnabulla,KINNABULLA_S14_P0000_R2,2024,11.0,11.25,0.0,-22.25
1143,kinnabulla,KINNABULLA_S14_P0000_R2,2023,235.0,467.67759036144577,1202.326,499.64840963855426
1144,kinnabulla,KINNABULLA_S3_P1231_R3,2024,11.0,11.25,0.0,-22.25
1145,kinnabulla,KINNABULLA_S3_P1231_R3,2023,292.5,269.402,819.0,257.098
1146,kinnabulla,KINNABULLA_S1.2_P2312_R2,2024,11.0,11.25,0.0,-22.25
1147,kinnabulla,KINNABULLA_S1.2_P2312_R2,2023,246.0,306.66999999999996,1673.1,1120.4299999999998
1148,kinnabulla,KINNABULLA_S9.2_P2312_R2,2024,11.0,11.25,0.0,-22.25
1149,kinnabulla,KINNABULLA_S9.2_P2312_R2,2023,237.5,178.17000000000002,1689.93,1274.26
1150,kinnabulla,KINNABULLA_S1.1_P3123_R1,2024,11.0,11.25,0.0,-22.25
1151,kinnabulla,KINNABULLA_S1.1_P3123_R1,2023,246.0,227.17,1707.09,1233.9199999999998
1152,kinnabulla,KINNABULLA_S11_P1231_R2,2024,11.0,11.25,0.0,-22.25
1153,kinnabulla,KINNABULLA_S11_P1231_R2,2023,270.5,226.0,0.0,-496.5
1154,kinnabulla,KINNABULLA_S8_P1231_R2,2024,11.0,11.25,0.0,-22.25
1155,kinnabulla,KINNABULLA_S8_P1231_R2,2023,77.0,100.69999999999999,0.0,-177.7
1156,kinnabulla,KINNABULLA_S4_P2341_R2,2024,11.0,11.25,0.0,-22.25
1157,kinnabulla,KINNABULLA_S4_P2341_R2,2023,235.0,467.67759036144577,974.674,271.9964096385542
1158,kinnabulla,KINNABULLA_S6_P1234_R1,2024,11.0,11.25,0.0,-22.25
1159,kinnabulla,KINNABULLA_S6_P1234_R1,2023,292.5,269.402,760.5,198.598
1160,kinnabulla,KINNABULLA_S9.2_P3123_R1,2024,11.0,11.25,0.0,-22.25
1161,kinnabulla,KINNABULLA_S9.2_P3123_R1,2023,237.5,178.17000000000002,1900.8,1485.1299999999999
1162,kinnabulla,KINNABULLA_S8_P3123_R2,2024,11.0,11.25,0.0,-22.25
1163,kinnabulla,KINNABULLA_S8_P3123_R2,2023,246.0,306.66999999999996,1645.0500000000002,1092.38
1164,kinnabulla,KINNABULLA_S6_P1234_R2,2024,11.0,11.25,0.0,-22.25
1165,kinnabulla,KINNABULLA_S6_P1234_R2,2023,292.5,269.402,950.3,388.39799999999997
1166,kinnabulla,KINNABULLA_S7_P1111_R5,2024,11.0,11.25,0.0,-22.25
1167,kinnabulla,KINNABULLA_S7_P1111_R5,2023,246.0,306.66999999999996,1663.86,1111.19
1168,kinnabulla,KINNABULLA_S13_P0000_R5,2024,11.0,11.25,0.0,-22.25
1169,kinnabulla,KINNABULLA_S13_P0000_R5,2023,235.0,359.67759036144577,949.172,354.49440963855426
1170,kinnabulla,KINNABULLA_S4_P1234_R3,2024,11.0,11.25,0.0,-22.25
1171,kinnabulla,KINNABULLA_S4_P1234_R3,2023,292.5,269.402,895.0500000000001,333.1480000000001
1172,kinnabulla,KINNABULLA_S3_P1231_R2,2024,11.0,11.25,0.0,-22.25
1173,kinnabulla,KINNABULLA_S3_P1231_R2,2023,292.5,269.402,876.2,314.29800000000006
1174,kinnabulla,KINNABULLA_S6_P1234_R3,2024,11.0,11.25,0.0,-22.25
1175,kinnabulla,KINNABULLA_S6_P1234_R3,2023,292.5,269.402,1007.5,445.598
1176,kinnabulla,KINNABULLA_S4_P4123_R2,2024,11.0,11.25,0.0,-22.25
1177,kinnabulla,KINNABULLA_S4_P4123_R2,2023,246.0,306.66999999999996,1607.76,1055.0900000000001
1178,kinnabulla,KINNABULLA_S1.1_P2312_R2,2024,11.0,11.25,0.0,-22.25
1179,kinnabulla,KINNABULLA_S1.1_P2312_R2,2023,246.0,227.17,1539.45,1066.28
1180,kinnabulla,KINNABULLA_S2.1_P2121_R3,2024,11.0,11.25,0.0,-22.25
1181,kinnabulla,KINNABULLA_S2.1_P2121_R3,2023,246.0,306.66999999999996,1536.48,983.8100000000001
1182,kinnabulla,KINNABULLA_S1.1_P3123_R2,2024,11.0,11.25,0.0,-22.25
1183,kinnabulla,KINNABULLA_S1.1_P3123_R2,2023,246.0,227.17,1528.89,1055.72
1184,kinnabulla,KINNABULLA_S6_P2341_R2,2024,11.0,11.25,0.0,-22.25
1185,kinnabulla,KINNABULLA_S6_P2341_R2,2023,246.0,306.66999999999996,1625.5800000000002,1072.9100000000003
1186,kinnabulla,KINNABULLA_S6_P4123_R2,2024,11.0,11.25,0.0,-22.25
1187,kinnabulla,KINNABULLA_S6_P4123_R2,2023,246.0,306.66999999999996,1749.66,1196.9900000000002
1188,kinnabulla,KINNABULLA_S3_P2312_R1,2024,11.0,11.25,0.0,-22.25
1189,kinnabulla,KINNABULLA_S3_P2312_R1,2023,292.5,269.402,1084.85,522.9479999999999
1190,kinnabulla,KINNABULLA_S2.1_P1212_R3,2024,11.0,11.25,0.0,-22.25
1191,kinnabulla,KINNABULLA_S2.1_P1212_R3,2023,292.5,269.402,804.0500000000001,242.14800000000008
1192,kinnabulla,KINNABULLA_S11_P3123_R3,2024,11.0,11.25,0.0,-22.25
1193,kinnabulla,KINNABULLA_S11_P3123_R3,2023,246.0,306.66999999999996,1266.21,713.5400000000001
1194,kinnabulla,KINNABULLA_S14_P0000_R7,2024,11.0,11.25,0.0,-22.25
1195,kinnabulla,KINNABULLA_S14_P0000_R7,2023,235.0,467.67759036144577,815.442,112.76440963855424
1196,kinnabulla,KINNABULLA_S1.1_P1231_R2,2024,11.0,11.25,0.0,-22.25
1197,kinnabulla,KINNABULLA_S1.1_P1231_R2,2023,292.5,269.402,1052.35,490.4479999999999
1198,kinnabulla,KINNABULLA_S1.3_P1231_R2,2024,11.0,11.25,0.0,-22.25
1199,kinnabulla,KINNABULLA_S1.3_P1231_R2,2023,292.5,269.402,1021.8,459.89799999999997
1200,kinnabulla,KINNABULLA_S2.1_P2121_R2,2024,11.0,11.25,0.0,-22.25
1201,kinnabulla,KINNABULLA_S2.1_P2121_R2,2023,246.0,306.66999999999996,1771.11,1218.44
1202,kinnabulla,KINNABULLA_S1.1_P1231_R1,2024,11.0,11.25,0.0,-22.25
1203,kinnabulla,KINNABULLA_S1.1_P1231_R1,2023,292.5,269.402,766.35,204.44800000000004
1204,kinnabulla,KINNABULLA_S9.1_P1231_R1,2024,11.0,11.25,0.0,-22.25
1205,kinnabulla,KINNABULLA_S9.1_P1231_R1,2023,314.5,280.85,0.0,-595.35
