,site,plot,year,crop_sequence,operational_costs_dollars,material_input_costs_dollars,crop_1_name,crop_2_name,crop_3_name,crop_1_yield,crop_2_yield,crop_3_yield,plot_revenue_dollars,plot_gross_margin_dollars
0,manang,MANANG_S12_P0000_R2,2023,1,171.5,412.09999999999997,canola,NA,NA,1391.0,NA,NA,865.202,281.60200000000003
1,manang,MANANG_S4_P2341_R2,2023,1,191.0,450.5,canola,NA,NA,1344.0,NA,NA,835.968,194.46799999999996
2,manang,MANANG_S6_P1111_R6,2023,1,202.0,434.32,wheat,NA,NA,2927.0,NA,NA,965.91,329.59
3,manang,MANANG_S7_P3123_R1,2023,1,202.0,434.32,wheat,NA,NA,3405.0,NA,NA,1123.65,487.3300000000001
4,manang,MANANG_S9_P1231_R2,2023,1,226.5,524.4999999999999,vetch,NA,NA,0.0,NA,NA,0.0,-750.9999999999999
5,manang,MANANG_S5_P1234_R2,2023,1,215.5,501.3472,lentil,NA,NA,1081.0,NA,NA,702.65,-14.19720000000001
6,manang,MANANG_S13_P0000_R8,2023,1,182.5,513.0999999999999,canola,NA,NA,1441.0,NA,NA,896.302,200.7020000000001
7,manang,MANANG_S8.1_P3123_R1,2023,1,191.0,434.32,wheat,NA,NA,3247.0,NA,NA,1071.51,446.19
8,manang,MANANG_S5_P2341_R1,2023,1,202.0,434.32,wheat,NA,NA,3121.0,NA,NA,1029.93,393.61000000000007
9,manang,MANANG_S7_P1231_R3,NA,NA,NA,NA,NA,NA,NA,NA,NA,NA,NA,NA
10,manang,MANANG_S1.3_P2312_R3,2023,1,191.0,479.32,wheat,NA,NA,3274.0,NA,NA,1080.42,410.1000000000001
11,manang,MANANG_S1.1_P1231_R2,2023,1,215.5,501.3472,lentil,NA,NA,720.0,NA,NA,468.0,-248.8472
12,manang,MANANG_S4_P4123_R3,2023,1,202.0,434.32,wheat,NA,NA,2910.0,NA,NA,960.3,323.97999999999996
13,manang,MANANG_S11_P1212_R2,2023,1,224.0,448.4972,wheat,vetch,NA,3386.0,0.0,NA,0.0,-672.4972
14,manang,MANANG_S2_P1212_R2,2023,1,215.5,501.3472,lentil,NA,NA,1145.0,NA,NA,744.25,27.402800000000013
15,manang,MANANG_S10.1_P3123_R2,2023,1,193.5,409.82,wheat,NA,NA,3451.0,NA,NA,1138.8300000000002,535.5100000000002
16,manang,MANANG_S11_P1212_R1,2023,1,213.0,448.4972,wheat,vetch,NA,2935.0,0.0,NA,0.0,-661.4972
17,manang,MANANG_S8.2_P3123_R2,2023,1,202.0,434.32,wheat,NA,NA,3548.0,NA,NA,1170.84,534.52
18,manang,MANANG_S1.1_P1231_R3,2023,1,226.5,501.3472,lentil,NA,NA,1014.0,NA,NA,659.1,-68.74719999999996
19,manang,MANANG_S4_P3412_R1,2023,1,202.0,434.32,wheat,NA,NA,3138.0,NA,NA,1035.54,399.21999999999997
20,manang,MANANG_S8.1_P2312_R2,2023,1,191.0,434.32,wheat,NA,NA,3156.0,NA,NA,1041.48,416.16
21,manang,MANANG_S2_P2121_R2,2023,1,202.0,434.32,wheat,NA,NA,3007.0,NA,NA,992.31,355.98999999999995
22,manang,MANANG_S4_P1234_R2,2023,1,215.5,501.3472,lentil,NA,NA,1079.0,NA,NA,701.35,-15.497199999999964
23,manang,MANANG_S10.2_P2312_R1,2023,1,191.0,434.32,wheat,NA,NA,3656.0,NA,NA,1206.48,581.1600000000001
24,manang,MANANG_S8.2_P1231_R3,2023,1,204.5,524.4999999999999,vetch,NA,NA,0.0,NA,NA,0.0,-728.9999999999999
25,manang,MANANG_S5_P4123_R2,2023,1,191.0,434.32,wheat,NA,NA,2353.0,NA,NA,776.49,151.17000000000002
26,manang,MANANG_S13_P0000_R9,2023,1,171.5,513.0999999999999,canola,NA,NA,1289.0,NA,NA,801.758,117.15800000000013
27,manang,MANANG_S13_P0000_R2,2023,1,182.5,513.0999999999999,canola,NA,NA,1177.0,NA,NA,732.094,36.49400000000014
28,manang,MANANG_S13_P0000_R6,2023,1,193.5,513.1,canola,NA,NA,1202.0,NA,NA,747.644,41.04399999999998
29,manang,MANANG_S1.3_P1231_R1,2023,1,215.5,518.5972,lentil,NA,NA,1090.0,NA,NA,708.5,-25.597200000000043
30,manang,MANANG_S1.2_P1231_R1,2023,1,226.5,518.5972,lentil,NA,NA,767.0,NA,NA,498.55,-246.54720000000003
31,manang,MANANG_S7_P3123_R2,2023,1,202.0,434.32,wheat,NA,NA,2690.0,NA,NA,887.7,251.38000000000005
32,manang,MANANG_S1.2_P2312_R2,2023,1,202.0,434.32,wheat,NA,NA,3841.0,NA,NA,1267.53,631.21
33,manang,MANANG_S7_P2312_R2,2023,1,202.0,434.32,wheat,NA,NA,3181.0,NA,NA,1049.73,413.41
34,manang,MANANG_S3_P1231_R2,2023,1,215.5,501.3472,lentil,NA,NA,885.0,NA,NA,575.25,-141.5972
35,manang,MANANG_S10.2_P3123_R3,2023,1,191.0,434.32,wheat,NA,NA,2862.0,NA,NA,944.46,319.14000000000004
36,manang,MANANG_S3_P3123_R1,2023,1,202.0,434.32,wheat,NA,NA,2607.0,NA,NA,860.3100000000001,223.99000000000007
37,manang,MANANG_S7_P3123_R3,2023,1,191.0,434.32,wheat,NA,NA,3019.0,NA,NA,996.27,370.95
38,manang,MANANG_S12_P0000_R8,2023,1,182.5,412.09999999999997,canola,NA,NA,1145.0,NA,NA,712.1899999999999,117.58999999999997
39,manang,MANANG_S10.2_P3123_R2,2023,1,191.0,434.32,wheat,NA,NA,2758.0,NA,NA,910.14,284.82
40,manang,MANANG_S6_P1111_R1,2023,1,191.0,434.32,wheat,NA,NA,3445.0,NA,NA,1136.85,511.5299999999999
41,manang,MANANG_S9_P2312_R1,2023,1,202.0,434.32,wheat,NA,NA,2843.0,NA,NA,938.19,301.87000000000006
42,manang,MANANG_S10.1_P3123_R1,2023,1,193.5,409.82,wheat,NA,NA,3270.0,NA,NA,1079.1,475.7799999999999
43,manang,MANANG_S8.2_P2312_R2,2023,1,191.0,434.32,wheat,NA,NA,3349.0,NA,NA,1105.17,479.8500000000001
44,manang,MANANG_S12_P0000_R1,2023,1,182.5,412.09999999999997,canola,NA,NA,935.0,NA,NA,581.57,-13.029999999999916
45,manang,MANANG_S5_P3412_R1,2023,1,213.0,434.32,wheat,NA,NA,2528.0,NA,NA,834.24,186.92000000000002
46,manang,MANANG_S2_P1212_R3,2023,1,215.5,501.3472,lentil,NA,NA,674.0,NA,NA,438.1,-278.74719999999996
47,manang,MANANG_S10.1_P2312_R3,2023,1,182.5,409.82,wheat,NA,NA,3383.0,NA,NA,1116.39,524.0700000000002
48,manang,MANANG_S10.2_P2312_R3,2023,1,202.0,434.32,wheat,NA,NA,3207.0,NA,NA,1058.31,421.98999999999995
49,manang,MANANG_S1.1_P2312_R2,2023,1,213.0,458.82,wheat,NA,NA,3365.0,NA,NA,1110.45,438.63000000000005
50,manang,MANANG_S5_P1234_R3,2023,1,204.5,501.3472,lentil,NA,NA,948.0,NA,NA,616.2,-89.64719999999994
51,manang,MANANG_S1.1_P2312_R3,2023,1,213.0,458.82,wheat,NA,NA,3331.0,NA,NA,1099.23,427.41
52,manang,MANANG_S1.3_P1231_R2,2023,1,204.5,501.3472,lentil,NA,NA,1031.0,NA,NA,670.15,-35.69720000000001
53,manang,MANANG_S1.2_P1231_R2,2023,1,204.5,501.3472,lentil,NA,NA,948.0,NA,NA,616.2,-89.64719999999994
54,manang,MANANG_S1.2_P3123_R1,2023,1,191.0,434.32,wheat,NA,NA,3151.0,NA,NA,1039.8300000000002,414.51000000000016
55,manang,MANANG_S12_P0000_R6,2023,1,182.5,412.09999999999997,canola,NA,NA,1079.0,NA,NA,671.138,76.53800000000007
56,manang,MANANG_S1.3_P3123_R3,2023,1,202.0,479.32,wheat,NA,NA,3146.0,NA,NA,1038.18,356.86000000000007
57,manang,MANANG_S11_P2121_R3,2023,1,191.0,434.32,wheat,NA,NA,2878.0,NA,NA,949.74,324.42
58,manang,MANANG_S1.2_P3123_R3,2023,1,202.0,434.32,wheat,NA,NA,3684.0,NA,NA,1215.72,579.4000000000001
59,manang,MANANG_S12_P0000_R4,2023,1,171.5,412.09999999999997,canola,NA,NA,1477.0,NA,NA,918.694,335.094
60,manang,MANANG_S10.1_P1231_R1,2023,1,213.0,448.4972,wheat,vetch,NA,3026.0,0.0,NA,0.0,-661.4972
61,manang,MANANG_S8.2_P1231_R1,2023,1,226.5,524.4999999999999,vetch,NA,NA,0.0,NA,NA,0.0,-750.9999999999999
62,manang,MANANG_S9_P2312_R3,2023,1,191.0,434.32,wheat,NA,NA,3037.0,NA,NA,1002.21,376.89000000000004
63,manang,MANANG_S2_P2121_R1,2023,1,180.0,434.32,wheat,NA,NA,3854.0,NA,NA,1271.8200000000002,657.5000000000002
64,manang,MANANG_S8.2_P1231_R2,2023,1,215.5,524.4999999999999,vetch,NA,NA,0.0,NA,NA,0.0,-739.9999999999999
65,manang,MANANG_S10.2_P1231_R3,2023,1,213.0,448.4972,wheat,vetch,NA,3429.0,0.0,NA,0.0,-661.4972
66,manang,MANANG_S3_P1231_R3,2023,1,204.5,501.3472,lentil,NA,NA,815.0,NA,NA,529.75,-176.0972
67,manang,MANANG_S3_P3123_R2,2023,1,202.0,434.32,wheat,NA,NA,3614.0,NA,NA,1192.62,556.3
68,manang,MANANG_S6_P1111_R2,2023,1,202.0,434.32,wheat,NA,NA,3636.0,NA,NA,1199.88,563.5600000000002
69,manang,MANANG_S10.1_P1231_R3,2023,1,213.0,448.4972,wheat,vetch,NA,2602.0,0.0,NA,0.0,-661.4972
70,manang,MANANG_S1.1_P3123_R3,2023,1,213.0,458.82,wheat,NA,NA,2545.0,NA,NA,839.85,168.03000000000003
71,manang,MANANG_S9_P1231_R3,2023,1,204.5,524.4999999999999,vetch,NA,NA,0.0,NA,NA,0.0,-728.9999999999999
72,manang,MANANG_S9_P3123_R2,2023,1,213.0,517.72,oat,NA,NA,0.0,NA,NA,0.0,-730.72
73,manang,MANANG_S1.2_P2312_R1,2023,1,202.0,434.32,wheat,NA,NA,3349.0,NA,NA,1105.17,468.8500000000001
74,manang,MANANG_S11_P2121_R1,2023,1,191.0,434.32,wheat,NA,NA,3798.0,NA,NA,1253.34,628.02
75,manang,MANANG_S13_P0000_R4,2023,1,182.5,513.0999999999999,canola,NA,NA,1476.0,NA,NA,918.072,222.4720000000001
76,manang,MANANG_S1.3_P2312_R2,2023,1,202.0,479.32,wheat,NA,NA,3184.0,NA,NA,1050.72,369.40000000000003
77,manang,MANANG_S1.1_P3123_R2,2023,1,213.0,458.82,wheat,NA,NA,3782.0,NA,NA,1248.06,576.24
78,manang,MANANG_S7_P2312_R1,2023,1,191.0,434.32,wheat,NA,NA,2744.0,NA,NA,905.52,280.2
79,manang,MANANG_S5_P3412_R3,2023,1,180.0,434.32,wheat,NA,NA,3475.0,NA,NA,1146.75,532.4300000000001
80,manang,MANANG_S1.3_P1231_R3,2023,1,215.5,501.3472,lentil,NA,NA,868.0,NA,NA,564.2,-152.64719999999994
81,manang,MANANG_S11_P2121_R2,2023,1,180.0,434.32,wheat,NA,NA,2768.0,NA,NA,913.44,299.12000000000006
82,manang,MANANG_S13_P0000_R3,2023,1,182.5,513.0999999999999,canola,NA,NA,1158.0,NA,NA,720.276,24.676000000000045
83,manang,MANANG_S9_P3123_R3,2023,1,224.0,517.72,oat,NA,NA,0.0,NA,NA,0.0,-741.72
84,manang,MANANG_S1.1_P2312_R1,2023,1,202.0,458.82,wheat,NA,NA,3522.0,NA,NA,1162.26,501.44
85,manang,MANANG_S13_P0000_R5,2023,1,193.5,513.1,canola,NA,NA,1263.0,NA,NA,785.586,78.98599999999999
86,manang,MANANG_S2_P2121_R3,2023,1,202.0,434.32,wheat,NA,NA,3182.0,NA,NA,1050.06,413.73999999999995
87,manang,MANANG_S4_P3412_R2,2023,1,191.0,434.32,wheat,NA,NA,3129.0,NA,NA,1032.57,407.24999999999994
88,manang,MANANG_S7_P1231_R2,NA,NA,NA,NA,NA,NA,NA,NA,NA,NA,NA,NA
89,manang,MANANG_S7_P2312_R3,2023,1,191.0,434.32,wheat,NA,NA,2981.0,NA,NA,983.73,358.41
90,manang,MANANG_S8.1_P1231_R1,2023,1,215.5,524.4999999999999,vetch,NA,NA,0.0,NA,NA,0.0,-739.9999999999999
91,manang,MANANG_S3_P3123_R3,2023,1,191.0,434.32,wheat,NA,NA,2488.0,NA,NA,821.0400000000001,195.72000000000008
92,manang,MANANG_S8.2_P2312_R3,2023,1,191.0,434.32,wheat,NA,NA,2330.0,NA,NA,768.9000000000001,143.5800000000001
93,manang,MANANG_S4_P1234_R1,2023,1,204.5,501.3472,lentil,NA,NA,672.0,NA,NA,436.8,-269.0472
94,manang,MANANG_S10.2_P3123_R1,2023,1,180.0,434.32,wheat,NA,NA,3694.0,NA,NA,1219.02,604.7
95,manang,MANANG_S1.1_P1231_R1,2023,1,226.5,518.5972,lentil,NA,NA,1186.0,NA,NA,770.9,25.802799999999934
96,manang,MANANG_S10.2_P1231_R1,2023,1,213.0,448.4972,wheat,vetch,NA,2705.0,0.0,NA,0.0,-661.4972
97,manang,MANANG_S8.1_P1231_R3,2023,1,226.5,524.4999999999999,vetch,NA,NA,0.0,NA,NA,0.0,-750.9999999999999
98,manang,MANANG_S10.2_P1231_R2,2023,1,213.0,448.4972,wheat,vetch,NA,3005.0,0.0,NA,0.0,-661.4972
99,manang,MANANG_S1.2_P3123_R2,2023,1,213.0,434.32,wheat,NA,NA,3192.0,NA,NA,1053.36,406.0399999999999
100,manang,MANANG_S5_P4123_R1,2023,1,191.0,434.32,wheat,NA,NA,2791.0,NA,NA,921.03,295.71
101,manang,MANANG_S5_P1234_R1,2023,1,215.5,518.5971999999999,lentil,NA,NA,907.0,NA,NA,589.5500000000001,-144.54719999999986
102,manang,MANANG_S10.2_P2312_R2,2023,1,191.0,434.32,wheat,NA,NA,2598.0,NA,NA,857.34,232.02000000000004
103,manang,MANANG_S10.1_P2312_R1,2023,1,193.5,409.82,wheat,NA,NA,2718.0,NA,NA,896.94,293.62000000000006
104,manang,MANANG_S13_P0000_R1,2023,1,193.5,513.1,canola,NA,NA,912.0,NA,NA,567.264,-139.336
105,manang,MANANG_S10.1_P2312_R2,2023,1,193.5,409.82,wheat,NA,NA,2966.0,NA,NA,978.78,375.46
106,manang,MANANG_S3_P2312_R3,2023,1,193.5,501.3472,lentil,NA,NA,875.0,NA,NA,568.75,-126.09719999999999
107,manang,MANANG_S4_P3412_R3,2023,1,202.0,434.32,wheat,NA,NA,2473.0,NA,NA,816.09,179.77000000000004
108,manang,MANANG_S4_P1234_R3,2023,1,215.5,501.3472,lentil,NA,NA,884.0,NA,NA,574.6,-142.24719999999996
109,manang,MANANG_S8.1_P3123_R2,2023,1,202.0,434.32,wheat,NA,NA,3875.0,NA,NA,1278.75,642.4300000000001
110,manang,MANANG_S5_P2341_R3,2023,1,202.0,434.32,wheat,NA,NA,3540.0,NA,NA,1168.2,531.8800000000001
111,manang,MANANG_S1.2_P2312_R3,2023,1,202.0,434.32,wheat,NA,NA,2940.0,NA,NA,970.2,333.88000000000005
112,manang,MANANG_S9_P1231_R1,2023,1,215.5,524.5,vetch,NA,NA,0.0,NA,NA,0.0,-740.0
113,manang,MANANG_S8.1_P1231_R2,2023,1,204.5,524.4999999999999,vetch,NA,NA,0.0,NA,NA,0.0,-728.9999999999999
114,manang,MANANG_S8.2_P3123_R3,2023,1,202.0,434.32,wheat,NA,NA,3512.0,NA,NA,1158.96,522.6400000000001
115,manang,MANANG_S11_P1212_R3,2023,1,202.0,448.4972,wheat,vetch,NA,3615.0,0.0,NA,0.0,-650.4972
116,manang,MANANG_S12_P0000_R5,2023,1,182.5,412.09999999999997,canola,NA,NA,1642.0,NA,NA,1021.324,426.724
117,manang,MANANG_S8.2_P3123_R1,2023,1,191.0,434.32,wheat,NA,NA,2874.0,NA,NA,948.42,323.09999999999997
118,manang,MANANG_S8.1_P2312_R3,2023,1,202.0,434.32,wheat,NA,NA,3238.0,NA,NA,1068.54,432.21999999999997
119,manang,MANANG_S10.1_P3123_R3,2023,1,204.5,409.82,wheat,NA,NA,2615.0,NA,NA,862.95,248.63000000000005
120,manang,MANANG_S9_P3123_R1,2023,1,224.0,517.72,oat,NA,NA,0.0,NA,NA,0.0,-741.72
121,manang,MANANG_S5_P3412_R2,2023,1,213.0,434.32,wheat,NA,NA,2714.0,NA,NA,895.62,248.3
122,manang,MANANG_S9_P2312_R2,2023,1,191.0,434.32,wheat,NA,NA,3229.0,NA,NA,1065.5700000000002,440.25000000000017
123,manang,MANANG_S4_P4123_R1,2023,1,191.0,434.32,wheat,NA,NA,3129.0,NA,NA,1032.57,407.24999999999994
124,manang,MANANG_S7_P1231_R1,NA,NA,NA,NA,NA,NA,NA,NA,NA,NA,NA,NA
125,manang,MANANG_S2_P1212_R1,2023,1,215.5,501.3472,lentil,NA,NA,870.0,NA,NA,565.5,-151.3472
126,manang,MANANG_S4_P4123_R2,2023,1,202.0,434.32,wheat,NA,NA,2856.0,NA,NA,942.48,306.16
127,manang,MANANG_S8.1_P3123_R3,2023,1,202.0,434.32,wheat,NA,NA,3347.0,NA,NA,1104.51,468.19
128,manang,MANANG_S1.3_P3123_R2,2023,1,191.0,479.32,wheat,NA,NA,2768.0,NA,NA,913.44,243.12000000000006
129,manang,MANANG_S4_P2341_R3,2023,1,191.0,450.5,canola,NA,NA,1338.0,NA,NA,832.236,190.736
130,manang,MANANG_S12_P0000_R3,2023,1,182.5,412.09999999999997,canola,NA,NA,1144.0,NA,NA,711.568,116.96800000000002
131,manang,MANANG_S8.1_P2312_R1,2023,1,191.0,434.32,wheat,NA,NA,3536.0,NA,NA,1166.88,541.5600000000002
132,manang,MANANG_S5_P2341_R2,2023,1,202.0,434.32,wheat,NA,NA,3197.0,NA,NA,1055.01,418.69
133,manang,MANANG_S12_P0000_R7,2023,1,171.5,412.09999999999997,canola,NA,NA,1382.0,NA,NA,859.604,276.0040000000001
134,manang,MANANG_S6_P1111_R3,2023,1,202.0,434.32,wheat,NA,NA,2823.0,NA,NA,931.59,295.27000000000004
135,manang,MANANG_S1.3_P2312_R1,2023,1,202.0,479.32,wheat,NA,NA,3726.0,NA,NA,1229.5800000000002,548.2600000000002
136,manang,MANANG_S3_P2312_R2,2023,1,215.5,501.3472,lentil,NA,NA,695.0,NA,NA,451.75,-265.0972
137,manang,MANANG_S6_P1111_R5,2023,1,213.0,434.32,wheat,NA,NA,2556.0,NA,NA,843.48,196.16000000000003
138,manang,MANANG_S3_P1231_R1,2023,1,215.5,501.3472,lentil,NA,NA,888.0,NA,NA,577.2,-139.64719999999994
139,manang,MANANG_S10.1_P1231_R2,2023,1,213.0,448.4972,wheat,vetch,NA,3535.0,0.0,NA,0.0,-661.4972
140,manang,MANANG_S1.3_P3123_R1,2023,1,213.0,479.32,wheat,NA,NA,3598.0,NA,NA,1187.34,495.0199999999999
141,manang,MANANG_S1.1_P3123_R1,2023,1,191.0,458.82,wheat,NA,NA,3640.0,NA,NA,1201.2,551.3800000000001
142,manang,MANANG_S6_P1111_R4,2023,1,202.0,434.32,wheat,NA,NA,3628.0,NA,NA,1197.24,560.9200000000001
143,manang,MANANG_S5_P4123_R3,2023,1,191.0,434.32,wheat,NA,NA,2713.0,NA,NA,895.2900000000001,269.9700000000001
144,manang,MANANG_S4_P2341_R1,2023,1,180.0,450.5,canola,NA,NA,1248.0,NA,NA,776.256,145.75599999999997
145,manang,MANANG_S12_P0000_R9,2023,1,171.5,412.09999999999997,canola,NA,NA,1441.0,NA,NA,896.302,312.70200000000006
146,manang,MANANG_S13_P0000_R7,2023,1,193.5,513.1,canola,NA,NA,1419.0,NA,NA,882.618,176.01800000000003
147,manang,MANANG_S1.2_P1231_R3,2023,1,215.5,501.3472,lentil,NA,NA,693.0,NA,NA,450.45,-266.3972
148,manang,MANANG_S8.2_P2312_R1,2023,1,213.0,434.32,wheat,NA,NA,2828.0,NA,NA,933.24,285.92
149,manang,MANANG_S3_P2312_R1,2023,1,204.5,501.3472,lentil,NA,NA,944.0,NA,NA,613.6,-92.24719999999996
150,kinnabulla,KINNABULLA_S13_P0000_R8,2023,1,169.0,345.04759036144577,canola,NA,NA,1605.0,NA,NA,998.31,484.2624096385542
151,kinnabulla,KINNABULLA_S3_P2312_R3,2023,1,193.5,254.77200000000002,lentil,NA,NA,1308.0,NA,NA,850.2,401.928
152,kinnabulla,KINNABULLA_S12_P0000_R1,2023,1,169.0,453.0475903614458,canola,NA,NA,1713.0,NA,NA,1065.486,443.4384096385543
153,kinnabulla,KINNABULLA_S9.1_P3123_R3,2023,1,171.5,163.54,wheat,NA,NA,4816.0,NA,NA,1589.28,1254.24
154,kinnabulla,KINNABULLA_S1.3_P1231_R3,2023,1,182.5,254.77200000000002,lentil,NA,NA,1121.0,NA,NA,728.65,291.37799999999993
155,kinnabulla,KINNABULLA_S4_P4123_R1,2023,1,180.0,292.03999999999996,wheat,NA,NA,4903.0,NA,NA,1617.99,1145.95
156,kinnabulla,KINNABULLA_S9.1_P1231_R3,2023,1,182.5,266.22,vetch,NA,NA,2381.0,NA,NA,0.0,-448.72
157,kinnabulla,KINNABULLA_S8_P2312_R1,2023,1,180.0,292.03999999999996,wheat,NA,NA,5195.0,NA,NA,1714.35,1242.31
158,kinnabulla,KINNABULLA_S4_P2341_R2,2023,1,169.0,453.04759036144577,canola,NA,NA,1567.0,NA,NA,974.674,352.6264096385542
159,kinnabulla,KINNABULLA_S12_P0000_R8,2023,1,169.0,453.04759036144577,canola,NA,NA,1569.0,NA,NA,975.918,353.87040963855424
160,kinnabulla,KINNABULLA_S10_P3123_R2,2023,1,169.0,292.03999999999996,wheat,NA,NA,5600.0,NA,NA,1848.0,1386.96
161,kinnabulla,KINNABULLA_S9.1_P2312_R2,2023,1,171.5,163.54000000000002,wheat,NA,NA,5121.0,NA,NA,1689.93,1354.89
162,kinnabulla,KINNABULLA_S12_P0000_R9,2023,1,169.0,453.04759036144577,canola,NA,NA,1251.0,NA,NA,778.122,156.0744096385542
163,kinnabulla,KINNABULLA_S8_P1231_R1,NA,NA,NA,NA,NA,NA,NA,NA,NA,NA,NA,NA
164,kinnabulla,KINNABULLA_S1.3_P2312_R1,2023,1,169.0,334.03999999999996,wheat,NA,NA,4978.0,NA,NA,1642.74,1139.7
165,kinnabulla,KINNABULLA_S11_P1231_R1,2023,1,171.5,211.37,tillage radish,vetch,NA,2307.0,1503.0,NA,0.0,-382.87
166,kinnabulla,KINNABULLA_S4_P1234_R3,2023,1,193.5,254.77200000000002,lentil,NA,NA,1377.0,NA,NA,895.0500000000001,446.778
167,kinnabulla,KINNABULLA_S6_P2341_R1,2023,1,191.0,292.03999999999996,wheat,NA,NA,5665.0,NA,NA,1869.45,1386.41
168,kinnabulla,KINNABULLA_S9.2_P1231_R2,2023,1,171.5,248.22,vetch,NA,NA,3551.0,NA,NA,0.0,-419.72
169,kinnabulla,KINNABULLA_S2.2_P2121_R3,2023,1,180.0,334.03999999999996,wheat,NA,NA,4551.0,NA,NA,1501.8300000000002,987.7900000000002
170,kinnabulla,KINNABULLA_S8_P3123_R3,2023,1,180.0,292.03999999999996,wheat,NA,NA,5051.0,NA,NA,1666.8300000000002,1194.7900000000002
171,kinnabulla,KINNABULLA_S2.1_P2121_R2,2023,1,169.0,292.03999999999996,wheat,NA,NA,5367.0,NA,NA,1771.11,1310.07
172,kinnabulla,KINNABULLA_S10_P2312_R3,2023,1,180.0,292.03999999999996,wheat,NA,NA,4628.0,NA,NA,1527.24,1055.2
173,kinnabulla,KINNABULLA_S5_P2121_R2,2023,1,180.0,282.03999999999996,barley,NA,NA,4535.0,NA,NA,1351.4299999999998,889.3899999999999
174,kinnabulla,KINNABULLA_S8_P3123_R1,2023,1,180.0,292.03999999999996,wheat,NA,NA,4969.0,NA,NA,1639.77,1167.73
175,kinnabulla,KINNABULLA_S10_P2312_R1,2023,1,169.0,292.03999999999996,wheat,NA,NA,5884.0,NA,NA,1941.72,1480.68
176,kinnabulla,KINNABULLA_S8_P2312_R3,2023,1,180.0,292.03999999999996,wheat,NA,NA,4379.0,NA,NA,1445.0700000000002,973.0300000000002
177,kinnabulla,KINNABULLA_S2.2_P1212_R3,2023,1,182.5,254.77200000000002,lentil,NA,NA,1209.0,NA,NA,785.85,348.578
178,kinnabulla,KINNABULLA_S1.3_P3123_R2,2023,1,180.0,334.04,wheat,NA,NA,5159.0,NA,NA,1702.47,1188.43
179,kinnabulla,KINNABULLA_S14_P0000_R6,2023,1,169.0,453.04759036144577,canola,NA,NA,1488.0,NA,NA,925.536,303.4884096385542
180,kinnabulla,KINNABULLA_S4_P4123_R2,2023,1,180.0,292.03999999999996,wheat,NA,NA,4872.0,NA,NA,1607.76,1135.72
181,kinnabulla,KINNABULLA_S6_P3412_R2,2023,1,191.0,292.03999999999996,wheat,NA,NA,4981.0,NA,NA,1643.73,1160.69
182,kinnabulla,KINNABULLA_S9.1_P1231_R2,2023,1,182.5,266.22,vetch,NA,NA,4347.0,NA,NA,0.0,-448.72
183,kinnabulla,KINNABULLA_S10_P3123_R3,2023,1,169.0,292.03999999999996,wheat,NA,NA,4953.0,NA,NA,1634.49,1173.45
184,kinnabulla,KINNABULLA_S12_P0000_R4,2023,1,169.0,453.04759036144577,canola,NA,NA,1670.0,NA,NA,1038.74,416.69240963855424
185,kinnabulla,KINNABULLA_S5_P1212_R3,2023,1,215.5,254.77200000000002,lentil,NA,NA,1479.0,NA,NA,961.35,491.078
186,kinnabulla,KINNABULLA_S1.3_P2312_R2,2023,1,180.0,334.04,wheat,NA,NA,5210.0,NA,NA,1719.3000000000002,1205.2600000000002
187,kinnabulla,KINNABULLA_S9.1_P3123_R1,2023,1,160.5,163.54,wheat,NA,NA,4975.0,NA,NA,1641.75,1317.71
188,kinnabulla,KINNABULLA_S1.3_P1231_R2,2023,1,204.5,254.77200000000002,lentil,NA,NA,1572.0,NA,NA,1021.8,562.5279999999999
189,kinnabulla,KINNABULLA_S3_P2312_R1,2023,1,204.5,254.77200000000002,lentil,NA,NA,1669.0,NA,NA,1084.85,625.5779999999999
190,kinnabulla,KINNABULLA_S11_P2312_R2,2023,1,169.0,292.03999999999996,wheat,NA,NA,5433.0,NA,NA,1792.89,1331.8500000000001
191,kinnabulla,KINNABULLA_S14_P0000_R1,2023,1,169.0,453.04759036144577,canola,NA,NA,2104.0,NA,NA,1308.688,686.6404096385543
192,kinnabulla,KINNABULLA_S5_P2121_R1,2023,1,180.0,282.03999999999996,barley,NA,NA,4860.0,NA,NA,1448.28,986.24
193,kinnabulla,KINNABULLA_S1.3_P2312_R3,2023,1,169.0,334.04,wheat,NA,NA,4358.0,NA,NA,1438.14,935.1000000000001
194,kinnabulla,KINNABULLA_S2.2_P1212_R1,2023,1,193.5,254.77200000000002,lentil,NA,NA,1113.0,NA,NA,723.45,275.178
195,kinnabulla,KINNABULLA_S14_P0000_R4,2023,1,169.0,453.0475903614458,canola,NA,NA,1423.0,NA,NA,885.106,263.05840963855417
196,kinnabulla,KINNABULLA_S12_P0000_R5,2023,1,169.0,453.0475903614458,canola,NA,NA,1395.0,NA,NA,867.6899999999999,245.6424096385541
197,kinnabulla,KINNABULLA_S6_P1234_R2,2023,1,204.5,254.77200000000002,lentil,NA,NA,1462.0,NA,NA,950.3,491.0279999999999
198,kinnabulla,KINNABULLA_S3_P3123_R3,2023,1,180.0,292.03999999999996,wheat,NA,NA,4656.0,NA,NA,1536.48,1064.44
199,kinnabulla,KINNABULLA_S1.1_P3123_R1,2023,1,191.0,212.54000000000002,wheat,NA,NA,5173.0,NA,NA,1707.09,1303.55
200,kinnabulla,KINNABULLA_S1.2_P3123_R2,2023,1,169.0,292.03999999999996,wheat,NA,NA,5018.0,NA,NA,1655.94,1194.9
201,kinnabulla,KINNABULLA_S3_P1231_R3,2023,1,193.5,254.77200000000002,lentil,NA,NA,1260.0,NA,NA,819.0,370.72799999999995
202,kinnabulla,KINNABULLA_S3_P2312_R2,2023,1,182.5,254.77200000000002,lentil,NA,NA,1438.0,NA,NA,934.7,497.428
203,kinnabulla,KINNABULLA_S11_P3123_R1,2023,1,180.0,292.03999999999996,wheat,NA,NA,6124.0,NA,NA,2020.92,1548.88
204,kinnabulla,KINNABULLA_S13_P0000_R4,2023,1,169.0,345.04759036144577,canola,NA,NA,1749.0,NA,NA,1087.878,573.8304096385541
205,kinnabulla,KINNABULLA_S1.2_P1231_R1,2023,1,193.5,254.77200000000002,lentil,NA,NA,1654.0,NA,NA,1075.1,626.8279999999999
206,kinnabulla,KINNABULLA_S4_P1234_R2,2023,1,193.5,254.77200000000002,lentil,NA,NA,1447.0,NA,NA,940.55,492.2779999999999
207,kinnabulla,KINNABULLA_S7_P1111_R3,2023,1,180.0,292.03999999999996,wheat,NA,NA,4902.0,NA,NA,1617.66,1145.6200000000001
208,kinnabulla,KINNABULLA_S12_P0000_R3,2023,1,169.0,453.0475903614458,canola,NA,NA,2033.0,NA,NA,1264.526,642.4784096385542
209,kinnabulla,KINNABULLA_S3_P3123_R1,2023,1,180.0,292.03999999999996,wheat,NA,NA,4904.0,NA,NA,1618.3200000000002,1146.2800000000002
210,kinnabulla,KINNABULLA_S2.1_P1212_R2,2023,1,204.5,254.77200000000002,lentil,NA,NA,1386.0,NA,NA,900.9,441.62799999999993
211,kinnabulla,KINNABULLA_S2.2_P2121_R2,2023,1,180.0,334.03999999999996,wheat,NA,NA,5074.0,NA,NA,1674.42,1160.38
212,kinnabulla,KINNABULLA_S2.1_P2121_R1,2023,1,180.0,292.03999999999996,wheat,NA,NA,5631.0,NA,NA,1858.23,1386.19
213,kinnabulla,KINNABULLA_S6_P2341_R3,2023,1,191.0,292.03999999999996,wheat,NA,NA,4706.0,NA,NA,1552.98,1069.94
214,kinnabulla,KINNABULLA_S2.1_P1212_R3,2023,1,204.5,254.77200000000002,lentil,NA,NA,1237.0,NA,NA,804.0500000000001,344.778
215,kinnabulla,KINNABULLA_S1.3_P3123_R3,2023,1,180.0,334.04,wheat,NA,NA,4940.0,NA,NA,1630.2,1116.16
216,kinnabulla,KINNABULLA_S12_P0000_R6,2023,1,180.0,453.04759036144577,canola,NA,NA,1619.0,NA,NA,1007.018,373.97040963855426
217,kinnabulla,KINNABULLA_S5_P1212_R1,2023,1,215.5,254.77200000000002,lentil,NA,NA,1250.0,NA,NA,812.5,342.22799999999995
218,kinnabulla,KINNABULLA_S12_P0000_R7,2023,1,169.0,453.0475903614458,canola,NA,NA,1479.0,NA,NA,919.938,297.89040963855416
219,kinnabulla,KINNABULLA_S11_P1231_R2,2023,1,182.5,211.37,tillage radish,vetch,NA,1761.0,2415.0,NA,0.0,-393.87
220,kinnabulla,KINNABULLA_S6_P1234_R1,2023,1,204.5,254.77200000000002,lentil,NA,NA,1170.0,NA,NA,760.5,301.22799999999995
221,kinnabulla,KINNABULLA_S10_P1231_R3,2023,1,160.5,211.37,tillage radish,NA,NA,3557.0,NA,NA,0.0,-371.87
222,kinnabulla,KINNABULLA_S13_P0000_R1,2023,1,169.0,345.04759036144577,canola,NA,NA,2139.0,NA,NA,1330.458,816.4104096385543
223,kinnabulla,KINNABULLA_S13_P0000_R7,2023,1,169.0,345.04759036144577,canola,NA,NA,1404.0,NA,NA,873.288,359.24040963855424
224,kinnabulla,KINNABULLA_S4_P3412_R1,2023,1,191.0,292.03999999999996,wheat,NA,NA,5332.0,NA,NA,1759.5600000000002,1276.5200000000002
225,kinnabulla,KINNABULLA_S14_P0000_R3,2023,1,169.0,453.0475903614458,canola,NA,NA,2093.0,NA,NA,1301.846,679.7984096385542
226,kinnabulla,KINNABULLA_S8_P1231_R3,NA,NA,NA,NA,NA,NA,NA,NA,NA,NA,NA,NA
227,kinnabulla,KINNABULLA_S9.1_P3123_R2,2023,1,171.5,163.54000000000002,wheat,NA,NA,5084.0,NA,NA,1677.72,1342.68
228,kinnabulla,KINNABULLA_S11_P2312_R3,2023,1,180.0,292.03999999999996,wheat,NA,NA,4543.0,NA,NA,1499.19,1027.15
229,kinnabulla,KINNABULLA_S9.2_P2312_R1,2023,1,171.5,163.54000000000002,wheat,NA,NA,5403.0,NA,NA,1782.99,1447.95
230,kinnabulla,KINNABULLA_S9.1_P2312_R3,2023,1,182.5,163.54000000000002,wheat,NA,NA,4856.0,NA,NA,1602.48,1256.44
231,kinnabulla,KINNABULLA_S9.1_P2312_R1,2023,1,160.5,163.54,wheat,NA,NA,5501.0,NA,NA,1815.33,1491.29
232,kinnabulla,KINNABULLA_S9.2_P2312_R3,2023,1,182.5,163.54000000000002,wheat,NA,NA,5088.0,NA,NA,1679.0400000000002,1333.0000000000002
233,kinnabulla,KINNABULLA_S9.2_P3123_R3,2023,1,171.5,163.54,wheat,NA,NA,4805.0,NA,NA,1585.65,1250.6100000000001
234,kinnabulla,KINNABULLA_S1.1_P2312_R2,2023,1,180.0,212.54000000000002,wheat,NA,NA,4665.0,NA,NA,1539.45,1146.91
235,kinnabulla,KINNABULLA_S12_P0000_R2,2023,1,169.0,453.04759036144577,canola,NA,NA,1658.0,NA,NA,1031.276,409.2284096385543
236,kinnabulla,KINNABULLA_S14_P0000_R5,2023,1,169.0,453.0475903614458,canola,NA,NA,1619.0,NA,NA,1007.018,384.9704096385542
237,kinnabulla,KINNABULLA_S9.1_P1231_R1,2023,1,182.5,266.22,vetch,NA,NA,1911.0,NA,NA,0.0,-448.72
238,kinnabulla,KINNABULLA_S14_P0000_R9,2023,1,169.0,453.04759036144577,canola,NA,NA,1464.0,NA,NA,910.608,288.5604096385542
239,kinnabulla,KINNABULLA_S13_P0000_R2,2023,1,169.0,345.04759036144577,canola,NA,NA,2066.0,NA,NA,1285.052,771.0044096385541
240,kinnabulla,KINNABULLA_S11_P1231_R3,2023,1,182.5,211.37,tillage radish,vetch,NA,1865.0,843.0,NA,0.0,-393.87
241,kinnabulla,KINNABULLA_S13_P0000_R5,2023,1,169.0,345.0475903614458,canola,NA,NA,1526.0,NA,NA,949.172,435.1244096385542
242,kinnabulla,KINNABULLA_S1.2_P1231_R2,2023,1,193.5,254.77200000000002,lentil,NA,NA,1758.0,NA,NA,1142.7,694.428
243,kinnabulla,KINNABULLA_S1.1_P3123_R3,2023,1,191.0,212.54000000000002,wheat,NA,NA,4633.0,NA,NA,1528.89,1125.3500000000001
244,kinnabulla,KINNABULLA_S8_P3123_R2,2023,1,169.0,292.03999999999996,wheat,NA,NA,4985.0,NA,NA,1645.0500000000002,1184.0100000000002
245,kinnabulla,KINNABULLA_S7_P1111_R6,2023,1,180.0,292.03999999999996,wheat,NA,NA,5000.0,NA,NA,1650.0,1177.96
246,kinnabulla,KINNABULLA_S5_P2121_R3,2023,1,191.0,282.03999999999996,barley,NA,NA,4054.0,NA,NA,1208.092,735.0520000000001
247,kinnabulla,KINNABULLA_S1.2_P2312_R3,2023,1,169.0,292.03999999999996,wheat,NA,NA,4473.0,NA,NA,1476.09,1015.05
248,kinnabulla,KINNABULLA_S14_P0000_R7,2023,1,180.0,453.0475903614458,canola,NA,NA,1311.0,NA,NA,815.442,182.39440963855418
249,kinnabulla,KINNABULLA_S2.1_P2121_R3,2023,1,180.0,292.03999999999996,wheat,NA,NA,4656.0,NA,NA,1536.48,1064.44
250,kinnabulla,KINNABULLA_S1.1_P1231_R2,2023,1,204.5,254.77200000000002,lentil,NA,NA,1619.0,NA,NA,1052.35,593.0779999999999
251,kinnabulla,KINNABULLA_S1.2_P2312_R2,2023,1,169.0,292.03999999999996,wheat,NA,NA,5070.0,NA,NA,1673.1,1212.06
252,kinnabulla,KINNABULLA_S7_P1111_R4,2023,1,180.0,292.03999999999996,wheat,NA,NA,5229.0,NA,NA,1725.5700000000002,1253.5300000000002
253,kinnabulla,KINNABULLA_S1.1_P3123_R2,2023,1,191.0,212.54000000000002,wheat,NA,NA,4633.0,NA,NA,1528.89,1125.3500000000001
254,kinnabulla,KINNABULLA_S1.2_P1231_R3,2023,1,182.5,254.77200000000002,lentil,NA,NA,1540.0,NA,NA,1001.0,563.728
255,kinnabulla,KINNABULLA_S11_P3123_R3,2023,1,169.0,292.03999999999996,wheat,NA,NA,3837.0,NA,NA,1266.21,805.1700000000001
256,kinnabulla,KINNABULLA_S4_P2341_R3,2023,1,169.0,453.04759036144577,canola,NA,NA,1609.0,NA,NA,1000.798,378.75040963855423
257,kinnabulla,KINNABULLA_S6_P4123_R1,2023,1,191.0,292.03999999999996,wheat,NA,NA,5775.0,NA,NA,1905.75,1422.71
258,kinnabulla,KINNABULLA_S1.2_P3123_R3,2023,1,169.0,292.03999999999996,wheat,NA,NA,4363.0,NA,NA,1439.79,978.75
259,kinnabulla,KINNABULLA_S3_P1231_R2,2023,1,204.5,254.77200000000002,lentil,NA,NA,1348.0,NA,NA,876.2,416.928
260,kinnabulla,KINNABULLA_S4_P1234_R1,2023,1,204.5,254.77200000000002,lentil,NA,NA,1186.0,NA,NA,770.9,311.62799999999993
261,kinnabulla,KINNABULLA_S6_P4123_R2,2023,1,191.0,292.03999999999996,wheat,NA,NA,5302.0,NA,NA,1749.66,1266.6200000000001
262,kinnabulla,KINNABULLA_S6_P4123_R3,2023,1,180.0,292.03999999999996,wheat,NA,NA,4423.0,NA,NA,1459.59,987.55
263,kinnabulla,KINNABULLA_S2.2_P1212_R2,2023,1,204.5,254.77200000000002,lentil,NA,NA,1721.0,NA,NA,1118.65,659.378
264,kinnabulla,KINNABULLA_S14_P0000_R8,2023,1,169.0,453.04759036144577,canola,NA,NA,1485.0,NA,NA,923.67,301.6224096385542
265,kinnabulla,KINNABULLA_S6_P3412_R3,2023,1,191.0,292.03999999999996,wheat,NA,NA,4624.0,NA,NA,1525.92,1042.88
266,kinnabulla,KINNABULLA_S11_P2312_R1,2023,1,169.0,292.03999999999996,wheat,NA,NA,4729.0,NA,NA,1560.5700000000002,1099.5300000000002
267,kinnabulla,KINNABULLA_S1.2_P3123_R1,2023,1,169.0,292.03999999999996,wheat,NA,NA,5705.0,NA,NA,1882.65,1421.6100000000001
268,kinnabulla,KINNABULLA_S3_P3123_R2,2023,1,180.0,292.03999999999996,wheat,NA,NA,4651.0,NA,NA,1534.8300000000002,1062.7900000000002
269,kinnabulla,KINNABULLA_S7_P1111_R1,2023,1,169.0,292.03999999999996,wheat,NA,NA,5346.0,NA,NA,1764.18,1303.14
270,kinnabulla,KINNABULLA_S1.2_P2312_R1,2023,1,169.0,292.03999999999996,wheat,NA,NA,5177.0,NA,NA,1708.41,1247.3700000000001
271,kinnabulla,KINNABULLA_S3_P1231_R1,2023,1,182.5,254.77200000000002,lentil,NA,NA,1254.0,NA,NA,815.1,377.828
272,kinnabulla,KINNABULLA_S14_P0000_R2,2023,1,169.0,453.0475903614458,canola,NA,NA,1933.0,NA,NA,1202.326,580.2784096385542
273,kinnabulla,KINNABULLA_S7_P1111_R5,2023,1,169.0,292.03999999999996,wheat,NA,NA,5042.0,NA,NA,1663.86,1202.82
274,kinnabulla,KINNABULLA_S9.2_P3123_R2,2023,1,171.5,163.54000000000002,wheat,NA,NA,4995.0,NA,NA,1648.35,1313.31
275,kinnabulla,KINNABULLA_S1.3_P3123_R1,2023,1,180.0,334.04,wheat,NA,NA,5649.0,NA,NA,1864.17,1350.13
276,kinnabulla,KINNABULLA_S9.2_P1231_R3,2023,1,171.5,248.22,vetch,NA,NA,2706.0,NA,NA,0.0,-419.72
277,kinnabulla,KINNABULLA_S6_P1234_R3,2023,1,204.5,254.77200000000002,lentil,NA,NA,1550.0,NA,NA,1007.5,548.228
278,kinnabulla,KINNABULLA_S4_P4123_R3,2023,1,180.0,292.03999999999996,wheat,NA,NA,4255.0,NA,NA,1404.15,932.1100000000001
279,kinnabulla,KINNABULLA_S10_P2312_R2,2023,1,180.0,292.03999999999996,wheat,NA,NA,4764.0,NA,NA,1572.12,1100.08
280,kinnabulla,KINNABULLA_S10_P1231_R1,2023,1,182.5,211.37,tillage radish,NA,NA,6600.0,NA,NA,0.0,-393.87
281,kinnabulla,KINNABULLA_S7_P1111_R2,2023,1,180.0,292.03999999999996,wheat,NA,NA,5716.0,NA,NA,1886.28,1414.24
282,kinnabulla,KINNABULLA_S2.1_P1212_R1,2023,1,204.5,254.77200000000002,lentil,NA,NA,1306.0,NA,NA,848.9,389.62799999999993
283,kinnabulla,KINNABULLA_S8_P2312_R2,2023,1,180.0,292.03999999999996,wheat,NA,NA,4989.0,NA,NA,1646.37,1174.33
284,kinnabulla,KINNABULLA_S1.1_P1231_R1,2023,1,215.5,254.77200000000002,lentil,NA,NA,1179.0,NA,NA,766.35,296.078
285,kinnabulla,KINNABULLA_S10_P1231_R2,2023,1,182.5,211.37,tillage radish,NA,NA,4740.0,NA,NA,0.0,-393.87
286,kinnabulla,KINNABULLA_S4_P3412_R2,2023,1,191.0,292.03999999999996,wheat,NA,NA,4999.0,NA,NA,1649.67,1166.63
287,kinnabulla,KINNABULLA_S4_P3412_R3,2023,1,191.0,292.03999999999996,wheat,NA,NA,4772.0,NA,NA,1574.76,1091.72
288,kinnabulla,KINNABULLA_S9.2_P3123_R1,2023,1,182.5,163.54000000000002,wheat,NA,NA,5760.0,NA,NA,1900.8,1554.76
289,kinnabulla,KINNABULLA_S6_P3412_R1,2023,1,191.0,292.03999999999996,wheat,NA,NA,4735.0,NA,NA,1562.5500000000002,1079.5100000000002
290,kinnabulla,KINNABULLA_S13_P0000_R9,2023,1,169.0,345.0475903614458,canola,NA,NA,1465.0,NA,NA,911.23,397.1824096385542
291,kinnabulla,KINNABULLA_S5_P1212_R2,2023,1,215.5,254.77200000000002,lentil,NA,NA,1358.0,NA,NA,882.7,412.428
292,kinnabulla,KINNABULLA_S1.3_P1231_R1,2023,1,182.5,254.77200000000002,lentil,NA,NA,945.0,NA,NA,614.25,176.97799999999998
293,kinnabulla,KINNABULLA_S10_P3123_R1,2023,1,191.0,292.03999999999996,wheat,NA,NA,5888.0,NA,NA,1943.04,1460.0
294,kinnabulla,KINNABULLA_S1.1_P2312_R1,2023,1,191.0,212.54000000000002,wheat,NA,NA,5237.0,NA,NA,1728.21,1324.67
295,kinnabulla,KINNABULLA_S4_P2341_R1,2023,1,169.0,453.04759036144577,canola,NA,NA,1733.0,NA,NA,1077.926,455.87840963855416
296,kinnabulla,KINNABULLA_S9.2_P2312_R2,2023,1,171.5,163.54000000000002,wheat,NA,NA,5121.0,NA,NA,1689.93,1354.89
297,kinnabulla,KINNABULLA_S6_P2341_R2,2023,1,191.0,292.03999999999996,wheat,NA,NA,4926.0,NA,NA,1625.5800000000002,1142.5400000000002
298,kinnabulla,KINNABULLA_S1.1_P2312_R3,2023,1,191.0,212.54000000000002,wheat,NA,NA,4698.0,NA,NA,1550.34,1146.8
299,kinnabulla,KINNABULLA_S13_P0000_R3,2023,1,169.0,345.0475903614458,canola,NA,NA,1635.0,NA,NA,1016.97,502.9224096385542
300,kinnabulla,KINNABULLA_S13_P0000_R6,2023,1,169.0,345.0475903614458,canola,NA,NA,1438.0,NA,NA,894.436,380.3884096385542
301,kinnabulla,KINNABULLA_S11_P3123_R2,2023,1,169.0,292.03999999999996,wheat,NA,NA,4811.0,NA,NA,1587.63,1126.5900000000001
302,kinnabulla,KINNABULLA_S8_P1231_R2,NA,NA,NA,NA,NA,NA,NA,NA,NA,NA,NA,NA
303,kinnabulla,KINNABULLA_S1.1_P1231_R3,2023,1,215.5,254.77200000000002,lentil,NA,NA,1414.0,NA,NA,919.1,448.828
304,kinnabulla,KINNABULLA_S2.2_P2121_R1,2023,1,169.0,334.03999999999996,wheat,NA,NA,5126.0,NA,NA,1691.5800000000002,1188.5400000000002
305,kinnabulla,KINNABULLA_S9.2_P1231_R1,2023,1,182.5,248.22000000000003,vetch,NA,NA,2601.0,NA,NA,0.0,-430.72
306,roseworthy,ROSEWORTHY_S2_P2121_R2,2023,1,268.0,592.1894,durum,NA,NA,3622.0,NA,NA,1550.216,690.0265999999999
307,roseworthy,ROSEWORTHY_S5_P0000_R3,2023,1,263.0,695.1294,canola,NA,NA,1587.0,NA,NA,987.114,28.9846
308,roseworthy,ROSEWORTHY_S3_P2121_R3,2023,1,257.0,592.1894,durum,NA,NA,2270.0,NA,NA,971.56,122.37059999999997
309,roseworthy,ROSEWORTHY_S1.1_P2312_R2,2023,1,257.0,592.1894,wheat,NA,NA,5104.0,NA,NA,1684.3200000000002,835.1306000000002
310,roseworthy,ROSEWORTHY_S7_P0000_R1,2023,1,279.0,6808.229399999999,durum,NA,NA,3288.0,NA,NA,1407.264,-5679.965399999999
311,roseworthy,ROSEWORTHY_S1.1_P1231_R3,2023,1,270.5,786.8794,lentil,NA,NA,1799.0,NA,NA,1169.35,111.97059999999988
312,roseworthy,ROSEWORTHY_S1.2_P1231_R1,2023,1,281.5,786.8794,lentil,NA,NA,1621.0,NA,NA,1053.65,-14.729399999999941
313,roseworthy,ROSEWORTHY_S1.1_P3123_R2,2023,1,268.0,592.1894,barley,NA,NA,5447.0,NA,NA,1623.206,763.0165999999999
314,roseworthy,ROSEWORTHY_S6_P0000_R3,2023,1,279.0,592.1894,wheat,NA,NA,3493.0,NA,NA,1152.69,281.5006000000001
315,roseworthy,ROSEWORTHY_S1.1_P2312_R3,2023,1,268.0,592.1894,wheat,NA,NA,4659.0,NA,NA,1537.47,677.2806
316,roseworthy,ROSEWORTHY_S5_P0000_R1,2023,1,263.0,695.1294,canola,NA,NA,2031.0,NA,NA,1263.282,305.1525999999999
317,roseworthy,ROSEWORTHY_S4_P1231_R1,2023,1,281.5,579.2794,canola,fieldpea,NA,951.0,1450.0,NA,1245.4720000000002,384.6926000000002
318,roseworthy,ROSEWORTHY_S1.2_P2312_R3,2023,1,257.0,592.1894,wheat,NA,NA,3754.0,NA,NA,1238.8200000000002,389.6306000000002
319,roseworthy,ROSEWORTHY_S2_P2121_R1,2023,1,268.0,592.1894,durum,NA,NA,3394.0,NA,NA,1452.632,592.4426000000001
320,roseworthy,ROSEWORTHY_S4_P3123_R1,2023,1,259.5,558.6094,barley,fababean,NA,3668.0,560.0,NA,1395.464,577.3545999999999
321,roseworthy,ROSEWORTHY_S2_P1212_R3,2023,1,281.5,786.8794,lentil,NA,NA,1572.0,NA,NA,1021.8,-46.57940000000008
322,roseworthy,ROSEWORTHY_S1.2_P2312_R1,2023,1,257.0,592.1894,wheat,NA,NA,5590.0,NA,NA,1844.7,995.5106000000001
323,roseworthy,ROSEWORTHY_S4_P2312_R2,2023,1,259.5,816.4513999999999,wheat,lentil,NA,3184.0,509.0,NA,1381.5700000000002,305.61860000000024
324,roseworthy,ROSEWORTHY_S4_P2312_R1,2023,1,259.5,816.4513999999999,wheat,lentil,NA,3361.0,445.0,NA,1398.38,322.4286000000002
325,roseworthy,ROSEWORTHY_S4_P2312_R3,2023,1,259.5,816.4513999999999,wheat,lentil,NA,3499.0,517.0,NA,1490.72,414.7686000000001
326,roseworthy,ROSEWORTHY_S2_P1212_R2,2023,1,270.5,786.8794,lentil,NA,NA,1460.0,NA,NA,949.0,-108.37940000000003
327,roseworthy,ROSEWORTHY_S3_P2121_R2,2023,1,268.0,592.1894,durum,NA,NA,4139.0,NA,NA,1771.492,911.3026
328,roseworthy,ROSEWORTHY_S1.1_P3123_R1,2023,1,257.0,592.1894,barley,NA,NA,5260.0,NA,NA,1567.48,718.2906
329,roseworthy,ROSEWORTHY_S1.2_P1231_R3,2023,1,270.5,786.8794,lentil,NA,NA,1479.0,NA,NA,961.35,-96.02940000000001
330,roseworthy,ROSEWORTHY_S1.2_P2312_R2,2023,1,268.0,592.1894,wheat,NA,NA,5613.0,NA,NA,1852.29,992.1006
331,roseworthy,ROSEWORTHY_S1.2_P1231_R2,2023,1,270.5,786.8794,lentil,NA,NA,1521.0,NA,NA,988.65,-68.72940000000006
332,roseworthy,ROSEWORTHY_S1.1_P1231_R2,2023,1,270.5,786.8794,lentil,NA,NA,1118.0,NA,NA,726.7,-330.6794
333,roseworthy,ROSEWORTHY_S1.2_P3123_R2,2023,1,257.0,592.1894,barley,NA,NA,5141.0,NA,NA,1532.018,682.8286
334,roseworthy,ROSEWORTHY_S4_P3123_R3,2023,1,259.5,558.6094,barley,fababean,NA,3853.0,432.0,NA,1381.474,563.3645999999999
335,roseworthy,ROSEWORTHY_S4_P1231_R2,2023,1,281.5,579.2794,canola,fieldpea,NA,578.0,1756.0,NA,1151.472,290.69259999999997
336,roseworthy,ROSEWORTHY_S3_P1212_R2,2023,1,248.5,576.9044,vetch,NA,NA,5710.0,NA,NA,0.0,-825.4044
337,roseworthy,ROSEWORTHY_S6_P0000_R2,2023,1,268.0,592.1894,wheat,NA,NA,5306.0,NA,NA,1750.98,890.7906
338,roseworthy,ROSEWORTHY_S7_P0000_R2,2023,1,257.0,6808.229399999999,durum,NA,NA,3575.0,NA,NA,1530.1,-5535.1294
339,roseworthy,ROSEWORTHY_S1.1_P2312_R1,2023,1,268.0,592.1894,wheat,NA,NA,5023.0,NA,NA,1657.59,797.4005999999999
340,roseworthy,ROSEWORTHY_S6_P0000_R1,2023,1,268.0,592.1894,wheat,NA,NA,5908.0,NA,NA,1949.64,1089.4506000000001
341,roseworthy,ROSEWORTHY_S2_P2121_R3,2023,1,257.0,592.1894,durum,NA,NA,2519.0,NA,NA,1078.132,228.94260000000008
342,roseworthy,ROSEWORTHY_S4_P3123_R2,2023,1,259.5,558.6094,barley,fababean,NA,3945.0,484.0,NA,1436.9699999999998,618.8605999999997
343,roseworthy,ROSEWORTHY_S1.1_P1231_R1,2023,1,270.5,786.8794,lentil,NA,NA,1983.0,NA,NA,1288.95,231.5706
344,roseworthy,ROSEWORTHY_S7_P0000_R3,2023,1,268.0,6808.229399999999,durum,NA,NA,4197.0,NA,NA,1796.316,-5279.9133999999995
345,roseworthy,ROSEWORTHY_S3_P1212_R1,2023,1,259.5,576.9044,vetch,NA,NA,5090.0,NA,NA,0.0,-836.4044
346,roseworthy,ROSEWORTHY_S5_P0000_R2,2023,1,285.0,695.1294,canola,NA,NA,2091.0,NA,NA,1300.602,320.47260000000006
347,roseworthy,ROSEWORTHY_S3_P1212_R3,2023,1,248.5,576.9044,vetch,NA,NA,6330.0,NA,NA,0.0,-825.4044
348,roseworthy,ROSEWORTHY_S1.2_P3123_R1,2023,1,257.0,592.1894,barley,NA,NA,5069.0,NA,NA,1510.562,661.3725999999999
349,roseworthy,ROSEWORTHY_S2_P1212_R1,2023,1,270.5,786.8794,lentil,NA,NA,2030.0,NA,NA,1319.5,262.12059999999997
350,roseworthy,ROSEWORTHY_S1.2_P3123_R3,2023,1,257.0,592.1894,barley,NA,NA,5250.0,NA,NA,1564.5,715.3106
351,roseworthy,ROSEWORTHY_S4_P1231_R3,2023,1,270.5,579.2794,canola,fieldpea,NA,711.0,1769.0,NA,1240.061,390.2815999999999
352,roseworthy,ROSEWORTHY_S3_P2121_R1,2023,1,268.0,592.1894,durum,NA,NA,3678.0,NA,NA,1574.184,713.9946
353,roseworthy,ROSEWORTHY_S1.1_P3123_R3,2023,1,268.0,592.1894,barley,NA,NA,4717.0,NA,NA,1405.666,545.4766
354,wallup,WALLUP_S4_P2312_R3,2023,1,169.0,377.97,Wheat,NA,NA,4744.0,NA,NA,1565.52,1018.55
355,wallup,WALLUP_S2_P1234_R1,2023,1,160.5,205.74720000000002,Lentil,NA,NA,2670.0,NA,NA,1735.5,1369.2528
356,wallup,WALLUP_S3_P1234_R2,2023,1,171.5,204.3972,Vetch,NA,NA,0.0,NA,NA,0.0,-375.8972
357,wallup,WALLUP_S6_P0000_R2,2023,1,169.0,245.97,Wheat,NA,NA,4947.0,NA,NA,1632.51,1217.54
358,wallup,WALLUP_S2_P3412_R3,2023,1,169.0,377.97,Wheat,NA,NA,4905.0,NA,NA,1618.65,1071.68
359,wallup,WALLUP_S2_P2341_R2,2023,1,147.0,521.3,Canola,NA,NA,2187.0,NA,NA,1360.314,692.0140000000001
360,wallup,WALLUP_S4_P3123_R3,2023,1,169.0,377.97,Wheat,NA,NA,4781.0,NA,NA,1577.73,1030.76
361,wallup,WALLUP_S6_P0000_R1,2023,1,180.0,245.97,Wheat,NA,NA,4826.0,NA,NA,1592.5800000000002,1166.6100000000001
362,wallup,WALLUP_S3_P4123_R3,2023,1,158.0,377.97,Wheat,NA,NA,5140.0,NA,NA,1696.2,1160.23
363,wallup,WALLUP_S4_P1231_R2,2023,1,160.5,233.24720000000002,Lentil,fababean,NA,2694.0,0.0,NA,1751.1,1357.3528
364,wallup,WALLUP_S1_P2312_R3,2023,1,158.0,190.47,Wheat,NA,NA,4924.0,NA,NA,1624.92,1276.45
365,wallup,WALLUP_S2_P4123_R2,2023,1,180.0,377.96999999999997,Wheat,NA,NA,5203.0,NA,NA,1716.99,1159.02
366,wallup,WALLUP_S1_P3123_R3,2023,1,158.0,190.47,Wheat,NA,NA,4660.0,NA,NA,1537.8000000000002,1189.3300000000002
367,wallup,WALLUP_S4_P2312_R1,2023,1,169.0,377.97,Wheat,NA,NA,4905.0,NA,NA,1618.65,1071.68
368,wallup,WALLUP_S4_P3123_R2,2023,1,169.0,377.97,Wheat,NA,NA,4961.0,NA,NA,1637.13,1090.16
369,wallup,WALLUP_S1_P1231_R3,2023,1,160.5,205.74720000000002,Lentil,NA,NA,2767.0,NA,NA,1798.55,1432.3028
370,wallup,WALLUP_S1_P1231_R1,2023,1,182.5,205.7472,Lentil,NA,NA,2427.0,NA,NA,1577.55,1189.3028
371,wallup,WALLUP_S2_P3412_R2,2023,1,180.0,377.96999999999997,Wheat,NA,NA,4792.0,NA,NA,1581.36,1023.3899999999999
372,wallup,WALLUP_S3_P2341_R1,2023,1,147.0,521.3,Canola,NA,NA,2495.0,NA,NA,1551.89,883.5900000000001
373,wallup,WALLUP_S4_P2312_R2,2023,1,169.0,377.97,Wheat,NA,NA,4927.0,NA,NA,1625.91,1078.94
374,wallup,WALLUP_S3_P3412_R3,2023,1,169.0,377.97,Wheat,NA,NA,5028.0,NA,NA,1659.24,1112.27
375,wallup,WALLUP_S3_P4123_R1,2023,1,158.0,377.97,Wheat,NA,NA,4622.0,NA,NA,1525.26,989.29
376,wallup,WALLUP_S2_P2341_R1,2023,1,147.0,521.3,Canola,NA,NA,2607.0,NA,NA,1621.554,953.2540000000001
377,wallup,WALLUP_S5_P0000_R2,2023,1,169.0,201.47,Wheat,NA,NA,4675.0,NA,NA,1542.75,1172.28
378,wallup,WALLUP_S3_P2341_R3,2023,1,158.0,521.3,Canola,NA,NA,2626.0,NA,NA,1633.372,954.0720000000001
379,wallup,WALLUP_S2_P4123_R3,2023,1,169.0,377.97,Wheat,NA,NA,4999.0,NA,NA,1649.67,1102.7
380,wallup,WALLUP_S4_P3123_R1,2023,1,180.0,377.97,Wheat,NA,NA,4908.0,NA,NA,1619.64,1061.67
381,wallup,WALLUP_S1_P2312_R2,2023,1,169.0,190.47,Wheat,NA,NA,4239.0,NA,NA,1398.87,1039.3999999999999
382,wallup,WALLUP_S1_P2312_R1,2023,1,180.0,190.47,Wheat,NA,NA,4327.0,NA,NA,1427.91,1057.44
383,wallup,WALLUP_S2_P1234_R3,2023,1,171.5,205.7472,Lentil,NA,NA,2149.0,NA,NA,1396.85,1019.6027999999999
384,wallup,WALLUP_S1_P3123_R1,2023,1,180.0,190.47,Wheat,NA,NA,4259.0,NA,NA,1405.47,1035.0
385,wallup,WALLUP_S3_P1234_R3,2023,1,171.5,204.3972,Vetch,NA,NA,0.0,NA,NA,0.0,-375.8972
386,wallup,WALLUP_S1_P3123_R2,2023,1,180.0,190.47,Wheat,NA,NA,4690.0,NA,NA,1547.7,1177.23
387,wallup,WALLUP_S2_P2341_R3,2023,1,158.0,521.3,Canola,NA,NA,2628.0,NA,NA,1634.616,955.316
388,wallup,WALLUP_S1_P1231_R2,2023,1,171.5,205.7472,Lentil,NA,NA,3036.0,NA,NA,1973.4,1596.1528
389,wallup,WALLUP_S3_P1234_R1,2023,1,182.5,204.3972,Vetch,NA,NA,0.0,NA,NA,0.0,-386.8972
390,wallup,WALLUP_S4_P1231_R1,2023,1,160.5,205.74720000000002,Lentil,fababean,NA,3411.0,0.0,NA,2217.15,1850.9028
391,wallup,WALLUP_S6_P0000_R3,2023,1,158.0,218.72,Wheat,NA,NA,4665.0,NA,NA,1539.45,1162.73
392,wallup,WALLUP_S3_P4123_R2,2023,1,169.0,377.97,Wheat,NA,NA,4782.0,NA,NA,1578.0600000000002,1031.0900000000001
393,wallup,WALLUP_S3_P3412_R1,2023,1,180.0,377.97,Wheat,NA,NA,5092.0,NA,NA,1680.36,1122.3899999999999
394,wallup,WALLUP_S2_P1234_R2,2023,1,160.5,205.74720000000002,Lentil,NA,NA,3120.0,NA,NA,2028.0,1661.7528
395,wallup,WALLUP_S2_P3412_R1,2023,1,169.0,377.96999999999997,Wheat,NA,NA,4704.0,NA,NA,1552.3200000000002,1005.3500000000001
396,wallup,WALLUP_S5_P0000_R3,2023,1,169.0,201.47,Wheat,NA,NA,4019.0,NA,NA,1326.27,955.8
397,wallup,WALLUP_S5_P0000_R1,2023,1,180.0,201.47,Wheat,NA,NA,4557.0,NA,NA,1503.8100000000002,1122.3400000000001
398,wallup,WALLUP_S4_P1231_R3,2023,1,182.5,178.2472,Lentil,fababean,NA,2916.0,0.0,NA,1895.4,1534.6528
399,wallup,WALLUP_S2_P4123_R1,2023,1,169.0,377.96999999999997,Wheat,NA,NA,4603.0,NA,NA,1518.99,972.02
400,wallup,WALLUP_S3_P3412_R2,2023,1,169.0,377.96999999999997,Wheat,NA,NA,4094.0,NA,NA,1351.02,804.05
401,wallup,WALLUP_S3_P2341_R2,2023,1,158.0,521.3,Canola,NA,NA,2461.0,NA,NA,1530.742,851.442
402,hart,HART_S10.3_P2312_R2,2023,1,202.0,246.75834999999998,wheat,NA,NA,2999.0,NA,NA,989.67,540.91165
403,hart,HART_S2.3_P0000_R3,2023,1,202.0,285.75834999999995,wheat,NA,NA,3706.0,NA,NA,1222.98,735.2216500000001
404,hart,HART_S1.2_P2312_R2,2023,1,202.0,246.75834999999998,wheat,NA,NA,2871.0,NA,NA,947.43,498.67165
405,hart,HART_S10.3_P1231_R2,2023,1,204.5,227.7693,lentil,canola,NA,198.0,1106.0,NA,842.056,409.78670000000005
406,hart,HART_S1.1_P3123_R2,2023,1,202.0,235.75834999999998,barley,NA,NA,3664.0,NA,NA,1091.8719999999998,654.1136499999999
407,hart,HART_S4.1_P2341_R1,2023,1,202.0,225.25835,wheat,NA,NA,2738.0,NA,NA,903.54,476.28164999999996
408,hart,HART_S1.1_P1231_R1,2023,1,204.5,222.5193,lentil,NA,NA,1938.0,NA,NA,1259.7,832.6807000000001
409,hart,HART_S1.1_P2312_R2,2023,1,202.0,246.75835,wheat,NA,NA,2984.0,NA,NA,984.72,535.96165
410,hart,HART_S8_P1234_R2,2023,1,204.5,222.5193,lentil,NA,NA,1433.0,NA,NA,931.45,504.43070000000006
411,hart,HART_S5_P0000_R5,2023,1,204.5,222.5193,lentil,NA,NA,1644.0,NA,NA,1068.6,641.5807
412,hart,HART_S6_P4123_R3,2023,1,202.0,235.75835,barley,NA,NA,4053.0,NA,NA,1207.794,770.03565
413,hart,HART_S10.3_P1231_R1,2023,1,204.5,227.7693,lentil,canola,NA,213.0,1215.0,NA,922.236,489.9667
414,hart,HART_S10.2_P1231_R2,2023,1,204.5,227.7693,lentil,canola,NA,188.0,1095.0,NA,828.686,396.41670000000005
415,hart,HART_S4.2_P1234_R3,2023,1,204.5,222.5193,lentil,NA,NA,1924.0,NA,NA,1250.6,823.5807
416,hart,HART_S4.3_P2341_R3,2023,1,202.0,259.75835,wheat,NA,NA,3352.0,NA,NA,1106.16,644.40165
417,hart,HART_S10.2_P3123_R2,2023,1,202.0,213.25835,barley,NA,NA,3347.0,NA,NA,997.406,582.1476499999999
418,hart,HART_S5_P0000_R2,2023,1,204.5,222.5193,lentil,NA,NA,1680.0,NA,NA,1092.0,664.9807000000001
419,hart,HART_S6_P3412_R1,2023,1,202.0,246.75835,wheat,NA,NA,3593.0,NA,NA,1185.69,736.93165
420,hart,HART_S8_P4123_R1,2023,1,202.0,246.75835,wheat,NA,NA,3383.0,NA,NA,1116.39,667.63165
421,hart,HART_S4.3_P1234_R3,2023,1,204.5,222.5193,lentil,NA,NA,1786.0,NA,NA,1160.9,733.8807000000002
422,hart,HART_S4.3_P4123_R3,2023,1,202.0,258.75835,barley,NA,NA,3833.0,NA,NA,1142.234,681.4756499999999
423,hart,HART_S9_P2341_R3,2023,1,213.0,236.50179999999997,canola,NA,NA,624.0,NA,NA,388.128,-61.37379999999999
424,hart,HART_S1.3_P3123_R3,2023,1,202.0,258.75834999999995,barley,NA,NA,4176.0,NA,NA,1244.448,783.6896500000001
425,hart,HART_S7_P4123_R1,2023,1,202.0,235.75835,barley,NA,NA,4483.0,NA,NA,1335.934,898.1756499999999
426,hart,HART_S10.3_P3123_R2,2023,1,202.0,235.75835,barley,NA,NA,3260.0,NA,NA,971.48,533.72165
427,hart,HART_S3_P2341_R3,2023,1,202.0,246.75835,wheat,NA,NA,3173.0,NA,NA,1047.09,598.3316499999999
428,hart,HART_S7_P4123_R2,2023,1,202.0,235.75835,barley,NA,NA,3234.0,NA,NA,963.732,525.9736499999999
429,hart,HART_S8_P4123_R3,2023,1,202.0,246.75835,wheat,NA,NA,3485.0,NA,NA,1150.05,701.2916499999999
430,hart,HART_S8_P2341_R3,2023,1,202.0,246.75835,wheat,NA,NA,3419.0,NA,NA,1128.27,679.5116499999999
431,hart,HART_S1.1_P2312_R3,2023,1,202.0,246.75835,wheat,NA,NA,2835.0,NA,NA,935.55,486.79164999999995
432,hart,HART_S7_P3412_R2,2023,1,202.0,246.75835,wheat,NA,NA,2820.0,NA,NA,930.6,481.84165
433,hart,HART_S10.2_P3123_R1,2023,1,202.0,213.25835,barley,NA,NA,4427.0,NA,NA,1319.246,903.98765
434,hart,HART_S6_P4123_R1,2023,1,202.0,235.75835,barley,NA,NA,4478.0,NA,NA,1334.444,896.6856499999999
435,hart,HART_S4.2_P4123_R2,2023,1,202.0,235.75835,barley,NA,NA,3475.0,NA,NA,1035.55,597.7916499999999
436,hart,HART_S7_P2341_R1,2023,1,204.5,209.9862,field pea,NA,NA,1474.0,NA,NA,664.774,250.2878
437,hart,HART_S10.3_P2312_R3,2023,1,202.0,246.75835,wheat,NA,NA,3173.0,NA,NA,1047.09,598.3316499999999
438,hart,HART_S7_P1234_R1,2023,1,204.5,222.5193,lentil,NA,NA,1840.0,NA,NA,1196.0,768.9807000000001
439,hart,HART_S6_P1234_R2,2023,1,204.5,222.5193,lentil,NA,NA,1350.0,NA,NA,877.5,450.4807
440,hart,HART_S4.2_P3412_R3,2023,1,213.0,236.5018,canola,NA,NA,307.0,NA,NA,190.954,-258.5478
441,hart,HART_S5_P0000_R6,2023,1,204.5,222.5193,lentil,NA,NA,2062.0,NA,NA,1340.3,913.2807
442,hart,HART_S2.2_P0000_R3,2023,1,202.0,264.25834999999995,wheat,NA,NA,3938.0,NA,NA,1299.54,833.28165
443,hart,HART_S4.1_P3412_R3,2023,1,213.0,215.0018,canola,NA,NA,701.0,NA,NA,436.022,8.020199999999988
444,hart,HART_S4.3_P1234_R1,2023,1,204.5,222.5193,lentil,NA,NA,1218.0,NA,NA,791.7,364.68070000000006
445,hart,HART_S9_P1234_R1,2023,1,204.5,235.9362,vetch,NA,NA,0.0,NA,NA,0.0,-440.4362
446,hart,HART_S1.2_P3123_R1,2023,1,202.0,235.75835,barley,NA,NA,4463.0,NA,NA,1329.974,892.2156499999999
447,hart,HART_S6_P3412_R3,2023,1,202.0,246.75835,wheat,NA,NA,2584.0,NA,NA,852.72,403.96165
448,hart,HART_S1.3_P2312_R2,2023,1,202.0,259.75835,wheat,NA,NA,2764.0,NA,NA,912.12,450.36165
449,hart,HART_S10.2_P1231_R1,2023,1,204.5,227.7693,lentil,canola,NA,244.0,1169.0,NA,911.618,479.34870000000006
450,hart,HART_S9_P1234_R2,2023,1,204.5,235.93619999999999,vetch,NA,NA,0.0,NA,NA,0.0,-440.4362
451,hart,HART_S9_P3412_R3,2023,1,202.0,246.75834999999998,wheat,NA,NA,3055.0,NA,NA,1008.15,559.39165
452,hart,HART_S5_P0000_R4,2023,1,204.5,222.5193,lentil,NA,NA,1464.0,NA,NA,951.6,524.5807
453,hart,HART_S7_P1234_R2,2023,1,204.5,222.5193,lentil,NA,NA,1443.0,NA,NA,937.95,510.93070000000006
454,hart,HART_S4.3_P2341_R1,2023,1,202.0,259.75835,wheat,NA,NA,2605.0,NA,NA,859.6500000000001,397.8916500000001
455,hart,HART_S3_P3412_R2,2023,1,204.5,222.5193,lentil,NA,NA,1561.0,NA,NA,1014.65,587.6306999999999
456,hart,HART_S8_P1234_R1,2023,1,204.5,222.5193,lentil,NA,NA,1274.0,NA,NA,828.1,401.08070000000004
457,hart,HART_S8_P3412_R2,2023,1,202.0,235.75835,barley,NA,NA,3746.0,NA,NA,1116.308,678.5496499999999
458,hart,HART_S3_P4123_R1,2023,1,202.0,235.75834999999998,barley,NA,NA,3449.0,NA,NA,1027.802,590.04365
459,hart,HART_S8_P4123_R2,2023,1,202.0,246.75834999999998,wheat,NA,NA,2723.0,NA,NA,898.59,449.8316500000001
460,hart,HART_S9_P4123_R2,2023,1,202.0,235.75835,barley,NA,NA,3792.0,NA,NA,1130.0159999999998,692.2576499999998
461,hart,HART_S3_P1234_R3,2023,1,204.5,222.5193,lentil,NA,NA,1730.0,NA,NA,1124.5,697.4807000000001
462,hart,HART_S1.1_P1231_R2,2023,1,204.5,222.5193,lentil,NA,NA,1319.0,NA,NA,857.35,430.33070000000004
463,hart,HART_S4.2_P1234_R1,2023,1,204.5,222.5193,lentil,NA,NA,1832.0,NA,NA,1190.8,763.7807
464,hart,HART_S3_P2341_R1,2023,1,202.0,246.75835,wheat,NA,NA,3117.0,NA,NA,1028.61,579.8516499999998
465,hart,HART_S1.1_P3123_R1,2023,1,202.0,235.75835,barley,NA,NA,3536.0,NA,NA,1053.728,615.96965
466,hart,HART_S2.3_P0000_R1,2023,1,202.0,285.75834999999995,wheat,NA,NA,4428.0,NA,NA,1461.24,973.4816500000001
467,hart,HART_S8_P3412_R1,2023,1,202.0,235.75835,barley,NA,NA,3547.0,NA,NA,1057.006,619.24765
468,hart,HART_S10.1_P3123_R1,2023,1,193.5,190.25835,barley,NA,NA,4452.0,NA,NA,1326.696,942.9376499999998
469,hart,HART_S1.2_P2312_R3,2023,1,202.0,246.75835,wheat,NA,NA,3132.0,NA,NA,1033.56,584.8016499999999
470,hart,HART_S1.1_P3123_R3,2023,1,202.0,235.75835,barley,NA,NA,3603.0,NA,NA,1073.694,635.9356499999999
471,hart,HART_S5_P0000_R1,2023,1,204.5,222.5193,lentil,NA,NA,1835.0,NA,NA,1192.75,765.7307000000001
472,hart,HART_S4.3_P2341_R2,2023,1,202.0,259.75835,wheat,NA,NA,2605.0,NA,NA,859.6500000000001,397.8916500000001
473,hart,HART_S10.2_P3123_R3,2023,1,202.0,213.25835,barley,NA,NA,4222.0,NA,NA,1258.156,842.8976499999999
474,hart,HART_S1.3_P3123_R2,2023,1,202.0,258.75835,barley,NA,NA,3153.0,NA,NA,939.594,478.83565000000004
475,hart,HART_S4.1_P4123_R1,2023,1,202.0,209.25835,barley,NA,NA,3572.0,NA,NA,1064.456,653.1976499999998
476,hart,HART_S3_P2341_R2,2023,1,202.0,246.75835,wheat,NA,NA,2702.0,NA,NA,891.6600000000001,442.9016500000001
477,hart,HART_S4.1_P2341_R2,2023,1,202.0,225.25835,wheat,NA,NA,2687.0,NA,NA,886.71,459.45165000000003
478,hart,HART_S10.3_P2312_R1,2023,1,202.0,246.75835,wheat,NA,NA,2799.0,NA,NA,923.67,474.91164999999995
479,hart,HART_S10.2_P2312_R1,2023,1,202.0,218.75835,wheat,NA,NA,3777.0,NA,NA,1246.41,825.65165
480,hart,HART_S10.1_P3123_R3,2023,1,193.5,190.25835,barley,NA,NA,3864.0,NA,NA,1151.472,767.7136499999999
481,hart,HART_S7_P2341_R2,2023,1,204.5,209.9862,field pea,NA,NA,1582.0,NA,NA,713.482,298.9958
482,hart,HART_S4.3_P1234_R2,2023,1,204.5,222.5193,lentil,NA,NA,1771.0,NA,NA,1151.15,724.1307000000002
483,hart,HART_S2.1_P0000_R3,2023,1,202.0,238.25835,wheat,NA,NA,4340.0,NA,NA,1432.2,991.94165
484,hart,HART_S5_P0000_R7,2023,1,204.5,222.5193,lentil,NA,NA,1758.0,NA,NA,1142.7,715.6807000000001
485,hart,HART_S4.2_P3412_R1,2023,1,213.0,236.50180000000003,canola,NA,NA,875.0,NA,NA,544.25,94.74819999999997
486,hart,HART_S1.3_P3123_R1,2023,1,202.0,258.75835,barley,NA,NA,3644.0,NA,NA,1085.912,625.15365
487,hart,HART_S4.1_P2341_R3,2023,1,202.0,225.25835,wheat,NA,NA,3286.0,NA,NA,1084.38,657.12165
488,hart,HART_S1.2_P3123_R3,2023,1,202.0,235.75835,barley,NA,NA,3997.0,NA,NA,1191.106,753.3476499999999
489,hart,HART_S2.1_P0000_R1,2023,1,202.0,238.25834999999998,wheat,NA,NA,4052.0,NA,NA,1337.16,896.9016500000001
490,hart,HART_S3_P3412_R1,2023,1,204.5,222.5193,lentil,NA,NA,1607.0,NA,NA,1044.55,617.5307
491,hart,HART_S9_P3412_R1,2023,1,202.0,246.75835,wheat,NA,NA,3280.0,NA,NA,1082.4,633.64165
492,hart,HART_S10.1_P2312_R1,2023,1,193.5,190.25835,wheat,NA,NA,2600.0,NA,NA,858.0,474.24165
493,hart,HART_S10.2_P2312_R2,2023,1,202.0,218.75834999999998,wheat,NA,NA,2851.0,NA,NA,940.83,520.0716500000001
494,hart,HART_S6_P2341_R1,2023,1,213.0,236.50179999999997,canola,NA,NA,500.0,NA,NA,311.0,-138.50179999999997
495,hart,HART_S4.2_P2341_R2,2023,1,202.0,246.75835,wheat,NA,NA,2369.0,NA,NA,781.77,333.01165
496,hart,HART_S10.1_P2312_R2,2023,1,193.5,190.25835,wheat,NA,NA,2810.0,NA,NA,927.3,543.5416499999999
497,hart,HART_S6_P3412_R2,2023,1,202.0,246.75835,wheat,NA,NA,2979.0,NA,NA,983.07,534.3116500000001
498,hart,HART_S1.3_P2312_R1,2023,1,202.0,259.75835,wheat,NA,NA,3480.0,NA,NA,1148.4,686.64165
499,hart,HART_S10.2_P1231_R3,2023,1,204.5,227.7693,lentil,canola,NA,275.0,1024.0,NA,836.6500000000001,404.3807000000001
500,hart,HART_S4.1_P3412_R1,2023,1,213.0,215.00180000000003,canola,NA,NA,1049.0,NA,NA,652.478,224.47619999999992
501,hart,HART_S1.3_P1231_R1,2023,1,204.5,222.5193,lentil,NA,NA,1536.0,NA,NA,998.4,571.3806999999999
502,hart,HART_S4.1_P1234_R2,2023,1,204.5,222.5193,lentil,NA,NA,1264.0,NA,NA,821.6,394.58070000000004
503,hart,HART_S3_P3412_R3,2023,1,204.5,222.5193,lentil,NA,NA,1356.0,NA,NA,881.4,454.3807
504,hart,HART_S7_P3412_R3,2023,1,202.0,246.75835,wheat,NA,NA,3275.0,NA,NA,1080.75,631.9916499999999
505,hart,HART_S9_P2341_R1,2023,1,213.0,236.5018,canola,NA,NA,788.0,NA,NA,490.136,40.63420000000002
506,hart,HART_S2.2_P0000_R2,2023,1,202.0,264.25834999999995,wheat,NA,NA,2881.0,NA,NA,950.73,484.47165000000007
507,hart,HART_S10.1_P2312_R3,2023,1,193.5,190.25835,wheat,NA,NA,2636.0,NA,NA,869.88,486.12165
508,hart,HART_S9_P3412_R2,2023,1,202.0,246.75835,wheat,NA,NA,2446.0,NA,NA,807.1800000000001,358.42165000000006
509,hart,HART_S10.1_P1231_R2,2023,1,204.5,227.7693,lentil,canola,NA,232.0,1343.0,NA,1017.254,584.9847
510,hart,HART_S4.3_P4123_R1,2023,1,202.0,258.75835,barley,NA,NA,4350.0,NA,NA,1296.3,835.5416499999999
511,hart,HART_S1.3_P1231_R3,2023,1,204.5,222.5193,lentil,NA,NA,1247.0,NA,NA,810.5500000000001,383.5307000000001
512,hart,HART_S8_P3412_R3,2023,1,202.0,235.75834999999998,barley,NA,NA,3982.0,NA,NA,1186.636,748.87765
513,hart,HART_S7_P2341_R3,2023,1,204.5,209.9862,field pea,NA,NA,1752.0,NA,NA,790.152,375.66580000000005
514,hart,HART_S3_P4123_R2,2023,1,202.0,235.75834999999998,barley,NA,NA,3306.0,NA,NA,985.188,547.42965
515,hart,HART_S7_P1234_R3,2023,1,204.5,222.5193,lentil,NA,NA,1752.0,NA,NA,1138.8,711.7807
516,hart,HART_S1.1_P1231_R3,2023,1,204.5,222.5193,lentil,NA,NA,1562.0,NA,NA,1015.3,588.2807
517,hart,HART_S10.1_P1231_R3,2023,1,204.5,227.7693,lentil,canola,NA,264.0,1208.0,NA,949.408,517.1387
518,hart,HART_S4.1_P4123_R3,2023,1,202.0,209.25835,barley,NA,NA,3460.0,NA,NA,1031.08,619.8216499999999
519,hart,HART_S4.2_P2341_R1,2023,1,202.0,246.75835,wheat,NA,NA,2518.0,NA,NA,830.94,382.18165000000005
520,hart,HART_S4.1_P3412_R2,2023,1,213.0,215.0018,canola,NA,NA,537.0,NA,NA,334.014,-93.9878
521,hart,HART_S4.3_P3412_R2,2023,1,213.0,249.5018,canola,NA,NA,670.0,NA,NA,416.74,-45.761799999999994
522,hart,HART_S6_P1234_R3,2023,1,204.5,222.5193,lentil,NA,NA,1866.0,NA,NA,1212.9,785.8807000000002
523,hart,HART_S8_P1234_R3,2023,1,204.5,222.5193,lentil,NA,NA,1407.0,NA,NA,914.55,487.53069999999997
524,hart,HART_S1.2_P2312_R1,2023,1,202.0,246.75835,wheat,NA,NA,3250.0,NA,NA,1072.5,623.7416499999999
525,hart,HART_S4.3_P3412_R1,2023,1,213.0,249.5018,canola,NA,NA,578.0,NA,NA,359.516,-102.98579999999998
526,hart,HART_S8_P2341_R2,2023,1,202.0,246.75835,wheat,NA,NA,2579.0,NA,NA,851.07,402.31165000000004
527,hart,HART_S1.2_P1231_R3,2023,1,204.5,222.5193,lentil,NA,NA,1665.0,NA,NA,1082.25,655.2307000000001
528,hart,HART_S4.2_P3412_R2,2023,1,213.0,236.5018,canola,NA,NA,573.0,NA,NA,356.406,-93.0958
529,hart,HART_S2.1_P0000_R2,2023,1,202.0,238.25834999999998,wheat,NA,NA,3129.0,NA,NA,1032.57,592.31165
530,hart,HART_S3_P1234_R1,2023,1,204.5,222.5193,lentil,NA,NA,1515.0,NA,NA,984.75,557.7307000000001
531,hart,HART_S10.3_P3123_R3,2023,1,202.0,235.75835,barley,NA,NA,3270.0,NA,NA,974.46,536.70165
532,hart,HART_S4.1_P4123_R2,2023,1,202.0,209.25835,barley,NA,NA,3209.0,NA,NA,956.282,545.0236500000001
533,hart,HART_S1.1_P2312_R1,2023,1,202.0,246.75835,wheat,NA,NA,3327.0,NA,NA,1097.91,649.15165
534,hart,HART_S4.2_P4123_R3,2023,1,202.0,235.75834999999998,barley,NA,NA,3997.0,NA,NA,1191.106,753.34765
535,hart,HART_S4.1_P1234_R1,2023,1,204.5,222.5193,lentil,NA,NA,1602.0,NA,NA,1041.3,614.2807
536,hart,HART_S5_P0000_R3,2023,1,204.5,222.5193,lentil,NA,NA,1515.0,NA,NA,984.75,557.7307000000001
537,hart,HART_S9_P2341_R2,2023,1,213.0,236.5018,canola,NA,NA,466.0,NA,NA,289.852,-159.64980000000003
538,hart,HART_S6_P2341_R2,2023,1,213.0,236.5018,canola,NA,NA,634.0,NA,NA,394.348,-55.15379999999999
539,hart,HART_S2.3_P0000_R2,2023,1,202.0,285.75835,wheat,NA,NA,3737.0,NA,NA,1233.21,745.45165
540,hart,HART_S10.3_P1231_R3,2023,1,204.5,227.7693,lentil,canola,NA,358.0,1102.0,NA,938.976,506.7067
541,hart,HART_S7_P4123_R3,2023,1,202.0,235.75835,barley,NA,NA,3792.0,NA,NA,1130.0159999999998,692.2576499999998
542,hart,HART_S10.1_P1231_R1,2023,1,204.5,227.7693,lentil,canola,NA,195.0,1034.0,NA,793.39,361.1207
543,hart,HART_S7_P3412_R1,2023,1,202.0,246.75835,wheat,NA,NA,3787.0,NA,NA,1249.71,800.95165
544,hart,HART_S3_P4123_R3,2023,1,202.0,235.75835,barley,NA,NA,3961.0,NA,NA,1180.378,742.6196499999999
545,hart,HART_S4.3_P4123_R2,2023,1,202.0,258.75835,barley,NA,NA,3373.0,NA,NA,1005.154,544.3956499999999
546,hart,HART_S9_P4123_R1,2023,1,202.0,235.75835,barley,NA,NA,3700.0,NA,NA,1102.6,664.8416499999998
547,hart,HART_S10.1_P3123_R2,2023,1,193.5,190.25835,barley,NA,NA,3506.0,NA,NA,1044.788,661.02965
548,hart,HART_S10.2_P2312_R3,2023,1,202.0,218.75835,wheat,NA,NA,2881.0,NA,NA,950.73,529.97165
549,hart,HART_S1.2_P1231_R1,2023,1,204.5,222.5193,lentil,NA,NA,1237.0,NA,NA,804.0500000000001,377.0307000000001
550,hart,HART_S8_P2341_R1,2023,1,202.0,246.75835,wheat,NA,NA,3255.0,NA,NA,1074.15,625.39165
551,hart,HART_S3_P1234_R2,2023,1,204.5,222.5193,lentil,NA,NA,1310.0,NA,NA,851.5,424.4807
552,hart,HART_S10.3_P3123_R1,2023,1,202.0,235.75835,barley,NA,NA,4319.0,NA,NA,1287.062,849.3036499999998
553,hart,HART_S5_P0000_R8,2023,1,204.5,222.5193,lentil,NA,NA,1258.0,NA,NA,817.7,390.68070000000006
554,hart,HART_S1.2_P1231_R2,2023,1,204.5,222.5193,lentil,NA,NA,1608.0,NA,NA,1045.2,618.1807000000001
555,hart,HART_S9_P4123_R3,2023,1,202.0,235.75835,barley,NA,NA,4299.0,NA,NA,1281.102,843.34365
556,hart,HART_S9_P1234_R3,2023,1,204.5,235.9362,vetch,NA,NA,0.0,NA,NA,0.0,-440.4362
557,hart,HART_S2.2_P0000_R1,2023,1,202.0,264.25835,wheat,NA,NA,3608.0,NA,NA,1190.64,724.38165
558,hart,HART_S4.2_P4123_R1,2023,1,202.0,235.75835,barley,NA,NA,3357.0,NA,NA,1000.386,562.6276499999999
559,hart,HART_S1.3_P1231_R2,2023,1,204.5,222.5193,lentil,NA,NA,1273.0,NA,NA,827.45,400.43070000000006
560,hart,HART_S5_P0000_R9,2023,1,204.5,222.5193,lentil,NA,NA,1211.0,NA,NA,787.15,360.1307
561,hart,HART_S4.3_P3412_R3,2023,1,213.0,249.5018,canola,NA,NA,563.0,NA,NA,350.186,-112.31580000000002
562,hart,HART_S4.2_P1234_R2,2023,1,204.5,222.5193,lentil,NA,NA,1167.0,NA,NA,758.5500000000001,331.5307000000001
563,hart,HART_S4.2_P2341_R3,2023,1,202.0,246.75835,wheat,NA,NA,3480.0,NA,NA,1148.4,699.64165
564,hart,HART_S6_P1234_R1,2023,1,204.5,222.5193,lentil,NA,NA,1428.0,NA,NA,928.2,501.18070000000006
565,hart,HART_S4.1_P1234_R3,2023,1,204.5,222.5193,lentil,NA,NA,1750.0,NA,NA,1137.5,710.4807000000001
566,hart,HART_S6_P4123_R2,2023,1,202.0,235.75834999999998,barley,NA,NA,3634.0,NA,NA,1082.932,645.1736500000001
567,hart,HART_S1.3_P2312_R3,2023,1,202.0,259.75835,wheat,NA,NA,3112.0,NA,NA,1026.96,565.20165
568,hart,HART_S6_P2341_R3,2023,1,213.0,236.5018,canola,NA,NA,624.0,NA,NA,388.128,-61.37380000000002
569,hart,HART_S1.2_P3123_R2,2023,1,202.0,235.75835,barley,NA,NA,3373.0,NA,NA,1005.154,567.3956499999999
570,appila,APPILA_S2_P1212_R2,2023,1,149.5,125.6,Lentil,NA,NA,390.0,NA,NA,253.5,-21.599999999999994
571,appila,APPILA_S3_P2341_R2,2023,1,158.0,182.9,Canola,NA,NA,100.0,NA,NA,62.2,-278.7
572,appila,APPILA_S6_P0000_R1,2023,1,158.0,226.4,Canola,NA,NA,110.0,NA,NA,68.42,-315.98
573,appila,APPILA_S3_P1234_R1,2023,1,149.5,125.6,Lentil,NA,NA,50.0,NA,NA,32.5,-242.6
574,appila,APPILA_S2_P2121_R3,2023,1,158.0,192.4,Wheat,NA,NA,0.0,NA,NA,0.0,-350.4
575,appila,APPILA_S1_P2312_R1,2023,1,158.0,169.9,Wheat,NA,NA,460.0,NA,NA,151.8,-176.1
576,appila,APPILA_S3_P3412_R1,2023,1,158.0,192.4,Wheat,NA,NA,550.0,NA,NA,181.5,-168.9
577,appila,APPILA_S3_P2341_R1,2023,1,158.0,182.9,Canola,NA,NA,0.0,NA,NA,0.0,-340.9
578,appila,APPILA_S5_P0000_R3,2023,1,149.5,144.9,Wheat,NA,NA,550.0,NA,NA,181.5,-112.9
579,appila,APPILA_S6_P0000_R3,2023,1,158.0,226.39999999999998,Canola,NA,NA,60.0,NA,NA,37.32,-347.08
580,appila,APPILA_S4_P2312_R2,2023,1,158.0,192.4,Wheat,NA,NA,590.0,NA,NA,194.7,-155.70000000000002
581,appila,APPILA_S5_P0000_R1,2023,1,149.5,144.9,Wheat,NA,NA,510.0,NA,NA,168.3,-126.1
582,appila,APPILA_S4_P1231_R3,2023,1,149.5,102.7,Vetch ,Oat,NA,280.0,0.0,NA,0.0,-252.2
583,appila,APPILA_S3_P4123_R1,2023,1,158.0,192.4,Wheat,NA,NA,550.0,NA,NA,181.5,-168.9
584,appila,APPILA_S1_P1231_R1,2023,1,149.5,125.6,Vetch ,NA,NA,0.0,NA,NA,0.0,-275.1
585,appila,APPILA_S4_P1231_R1,2023,1,149.5,102.69999999999999,Vetch ,Oat,NA,70.0,0.0,NA,0.0,-252.2
586,appila,APPILA_S2_P2121_R2,2023,1,158.0,192.4,Wheat,NA,NA,650.0,NA,NA,214.5,-135.9
587,appila,APPILA_S3_P1234_R2,2023,1,149.5,125.6,Lentil,NA,NA,40.0,NA,NA,26.0,-249.1
588,appila,APPILA_S3_P2341_R3,2023,1,158.0,182.89999999999998,Canola,NA,NA,100.0,NA,NA,62.2,-278.7
589,appila,APPILA_S5_P0000_R2,2023,1,149.5,144.9,Wheat,NA,NA,580.0,NA,NA,191.4,-103.0
590,appila,APPILA_S1_P2312_R2,2023,1,158.0,169.9,Wheat,NA,NA,550.0,NA,NA,181.5,-146.4
591,appila,APPILA_S3_P4123_R3,2023,1,158.0,192.4,Wheat,NA,NA,610.0,NA,NA,201.3,-149.1
592,appila,APPILA_S2_P1212_R1,2023,1,149.5,125.6,Lentil,NA,NA,10.0,NA,NA,6.5,-268.6
593,appila,APPILA_S1_P3123_R1,2023,1,158.0,169.9,Barley,NA,NA,260.0,NA,NA,77.47999999999999,-250.42000000000002
594,appila,APPILA_S2_P2121_R1,2023,1,158.0,192.4,Wheat,NA,NA,640.0,NA,NA,211.2,-139.20000000000002
595,appila,APPILA_S1_P1231_R3,2023,1,149.5,125.6,Vetch ,NA,NA,0.0,NA,NA,0.0,-275.1
596,appila,APPILA_S6_P0000_R2,2023,1,158.0,226.4,Canola,NA,NA,100.0,NA,NA,62.2,-322.2
597,appila,APPILA_S3_P3412_R2,2023,1,158.0,192.4,Wheat,NA,NA,730.0,NA,NA,240.9,-109.5
598,appila,APPILA_S4_P2312_R3,2023,1,158.0,192.4,Wheat,NA,NA,580.0,NA,NA,191.4,-159.0
599,appila,APPILA_S3_P3412_R3,2023,1,158.0,192.4,Wheat,NA,NA,660.0,NA,NA,217.8,-132.6
600,appila,APPILA_S4_P2312_R1,2023,1,158.0,192.4,Wheat,NA,NA,590.0,NA,NA,194.7,-155.70000000000002
601,appila,APPILA_S3_P1234_R3,2023,1,149.5,125.6,Lentil,NA,NA,20.0,NA,NA,13.0,-262.1
602,appila,APPILA_S3_P4123_R2,2023,1,158.0,192.4,Wheat,NA,NA,630.0,NA,NA,207.9,-142.5
603,appila,APPILA_S1_P1231_R2,2023,1,149.5,125.6,Vetch ,NA,NA,0.0,NA,NA,0.0,-275.1
604,appila,APPILA_S2_P1212_R3,2023,1,149.5,125.6,Lentil,NA,NA,0.0,NA,NA,0.0,-275.1
605,appila,APPILA_S1_P3123_R3,2023,1,158.0,169.9,Barley,NA,NA,440.0,NA,NA,131.12,-196.78
606,appila,APPILA_S1_P2312_R3,2023,1,158.0,169.9,Wheat,NA,NA,680.0,NA,NA,224.4,-103.5
607,appila,APPILA_S4_P3123_R3,2023,1,158.0,192.4,Wheat,NA,NA,820.0,NA,NA,270.6,-79.79999999999998
608,appila,APPILA_S4_P3123_R2,2023,1,158.0,192.4,Wheat,NA,NA,580.0,NA,NA,191.4,-159.0
609,appila,APPILA_S4_P3123_R1,2023,1,158.0,192.4,Wheat,NA,NA,0.0,NA,NA,0.0,-350.4
610,appila,APPILA_S4_P1231_R2,2023,1,149.5,102.69999999999999,Vetch ,Oat,NA,210.0,0.0,NA,0.0,-252.2
611,appila,APPILA_S1_P3123_R2,2023,1,158.0,169.9,Barley,NA,NA,220.0,NA,NA,65.56,-262.34000000000003
612,streatham,STREATHAM_S12_P0000_R8,NA,NA,NA,NA,NA,NA,NA,NA,NA,NA,NA,NA
613,streatham,STREATHAM_S11_P0000_R1,2023,1,292.5,1225.4225,wheat,barley,faba bean,4728.0,0.0,0.0,1560.78,42.85750000000007
614,streatham,STREATHAM_S9.3_P1212_R2,2023,1,276.5,1174.115,canola,field pea,NA,4764.0,0.0,NA,2963.208,1512.593
615,streatham,STREATHAM_S2.1_P4123_R1,2023,1,296.0,1352.3675999999998,wheat,NA,NA,5625.0,NA,NA,1856.25,207.8824000000002
616,streatham,STREATHAM_S2.4_P4123_R2,2023,1,296.0,1442.3675999999998,wheat,NA,NA,6312.0,NA,NA,2082.96,344.5924000000002
617,streatham,STREATHAM_S9.1_P2121_R2,2023,1,296.0,1399.8675999999998,wheat,NA,NA,4564.0,NA,NA,1506.12,-189.74759999999992
618,streatham,STREATHAM_S9.2_P1212_R2,2023,1,276.5,1124.115,canola,field pea,NA,4293.0,0.0,NA,2670.246,1269.631
619,streatham,STREATHAM_S2.4_P3412_R2,2023,1,296.0,1442.3675999999998,wheat,NA,NA,4837.0,NA,NA,1596.21,-142.15759999999977
620,streatham,STREATHAM_S2.1_P3412_R3,2023,1,296.0,1352.3675999999998,wheat,NA,NA,4877.0,NA,NA,1609.41,-38.95759999999973
621,streatham,STREATHAM_S4_P2312_R2,2023,1,307.0,1275.565,canola,NA,NA,4151.0,NA,NA,2581.922,999.357
622,streatham,STREATHAM_S13_P0000_R5,NA,NA,NA,NA,NA,NA,NA,NA,NA,NA,NA,NA
623,streatham,STREATHAM_S2.3_P1234_R2,2023,1,270.5,1200.3174999999999,faba bean,NA,NA,1882.0,NA,NA,1016.28,-454.5374999999999
624,streatham,STREATHAM_S2.2_P1234_R3,2023,1,292.5,1266.515,faba bean,NA,NA,1727.0,NA,NA,932.58,-626.4350000000001
625,streatham,STREATHAM_S10_P2121_R3,2023,1,257.0,1090.88,wheat ,vetch ,NA,3479.0,0.0,NA,1148.0700000000002,-199.80999999999995
626,streatham,STREATHAM_S10_P2121_R2,2023,1,257.0,1090.88,wheat ,vetch ,NA,3598.0,0.0,NA,1187.34,-160.5400000000002
627,streatham,STREATHAM_S9.2_P1212_R3,2023,1,276.5,1124.115,canola,field pea,NA,0.0,0.0,NA,0.0,-1400.615
628,streatham,STREATHAM_S1.2_P1212_R2,2023,1,307.0,1275.565,canola,NA,NA,4308.0,NA,NA,2679.576,1097.011
629,streatham,STREATHAM_S6.1_P1231_R2,2023,1,226.5,961.9,balansa clover,balansa clover,chicory ,0.0,NA,NA,0.0,-1188.4
630,streatham,STREATHAM_S1.2_P1212_R1,2023,1,307.0,1275.565,canola,NA,NA,4363.0,NA,NA,2713.786,1131.221
631,streatham,STREATHAM_S11_P0000_R4,NA,NA,NA,NA,NA,NA,NA,NA,NA,NA,NA,NA
632,streatham,STREATHAM_S9.1_P2121_R3,2023,1,296.0,1399.8675999999998,wheat,NA,NA,5023.0,NA,NA,1657.59,-38.27759999999989
633,streatham,STREATHAM_S4_P1231_R2,2023,1,248.5,994.926,wheat,vetch ,NA,0.0,0.0,NA,0.0,-1243.426
634,streatham,STREATHAM_S1.2_P2121_R3,2023,1,296.0,1399.8675999999998,wheat,NA,NA,5175.0,NA,NA,1707.75,11.882400000000189
635,streatham,STREATHAM_S12_P0000_R7,NA,NA,NA,NA,NA,NA,NA,NA,NA,NA,NA,NA
636,streatham,STREATHAM_S4_P1231_R1,2023,1,248.5,994.926,wheat,vetch ,NA,0.0,0.0,NA,0.0,-1243.426
637,streatham,STREATHAM_S2.2_P3412_R1,2023,1,296.0,1399.8675999999998,wheat,NA,NA,5851.0,NA,NA,1930.83,234.96240000000012
638,streatham,STREATHAM_S1.3_P2121_R2,2023,1,296.0,1414.8675999999998,wheat,NA,NA,4113.0,NA,NA,1357.29,-353.57759999999985
639,streatham,STREATHAM_S11_P0000_R7,NA,NA,NA,NA,NA,NA,NA,NA,NA,NA,NA,NA
640,streatham,STREATHAM_S2.1_P1234_R1,2023,1,292.5,1266.515,faba bean,NA,NA,2538.0,NA,NA,1370.52,-188.49500000000012
641,streatham,STREATHAM_S6.2_P1231_R2,2023,1,226.5,961.9,balansa clover,balansa clover,chicory ,0.0,NA,NA,0.0,-1188.4
642,streatham,STREATHAM_S6.1_P3123_R1,2023,1,296.0,1399.8675999999998,wheat,NA,NA,5017.0,NA,NA,1655.61,-40.25759999999991
643,streatham,STREATHAM_S6.1_P1231_R1,2023,1,226.5,961.9,balansa clover,balansa clover,chicory ,0.0,NA,NA,0.0,-1188.4
644,streatham,STREATHAM_S1.1_P2121_R2,2023,1,296.0,1352.3675999999998,wheat,NA,NA,5500.0,NA,NA,1815.0,166.6324000000002
645,streatham,STREATHAM_S6.2_P2312_R3,2023,1,298.5,1200.565,canola,NA,NA,3668.0,NA,NA,2281.496,782.431
646,streatham,STREATHAM_S4_P2312_R3,2023,1,307.0,1275.565,canola,NA,NA,4172.0,NA,NA,2594.984,1012.4189999999999
647,streatham,STREATHAM_S7_P2341_R1,2023,1,226.5,961.9,Perennial ryegrass,sub clover,NA,0.0,NA,NA,0.0,-1188.4
648,streatham,STREATHAM_S11_P0000_R8,NA,NA,NA,NA,NA,NA,NA,NA,NA,NA,NA,NA
649,streatham,STREATHAM_S9.1_P1212_R3,2023,1,259.5,1074.115,canola,field pea,NA,4800.0,0.0,NA,2985.6,1651.985
650,streatham,STREATHAM_S2.3_P3412_R1,2023,1,296.0,1414.8675999999998,wheat,NA,NA,3889.0,NA,NA,1283.37,-427.4975999999999
651,streatham,STREATHAM_S6.2_P3123_R3,2023,1,296.0,1399.8675999999998,wheat,NA,NA,4467.0,NA,NA,1474.11,-221.7575999999999
652,streatham,STREATHAM_S10_P2121_R1,2023,1,257.0,1090.88,wheat ,vetch ,NA,2873.0,0.0,NA,948.09,-399.7900000000001
653,streatham,STREATHAM_S12_P0000_R6,NA,NA,NA,NA,NA,NA,NA,NA,NA,NA,NA,NA
654,streatham,STREATHAM_S2.4_P1234_R2,2023,1,292.5,1266.515,faba bean,NA,NA,2856.0,NA,NA,1542.24,-16.77500000000009
655,streatham,STREATHAM_S3_P2341_R2,2023,1,296.0,1399.8675999999998,wheat,NA,NA,5311.0,NA,NA,1752.63,56.7624000000003
656,streatham,STREATHAM_S6.1_P2312_R1,2023,1,307.0,1275.565,canola,NA,NA,4326.0,NA,NA,2690.772,1108.2069999999999
657,streatham,STREATHAM_S9.1_P2121_R1,2023,1,296.0,1399.8675999999998,wheat,NA,NA,6204.0,NA,NA,2047.32,351.4524000000001
658,streatham,STREATHAM_S7_P3412_R3,2023,1,307.0,1275.565,canola,NA,NA,4141.0,NA,NA,2575.702,993.1370000000002
659,streatham,STREATHAM_S10_P1212_R2,2023,1,276.5,1124.115,canola,field pea,NA,4520.0,0.0,NA,2811.44,1410.825
660,streatham,STREATHAM_S12_P0000_R9,NA,NA,NA,NA,NA,NA,NA,NA,NA,NA,NA,NA
661,streatham,STREATHAM_S4_P2312_R1,2023,1,307.0,1275.565,canola,NA,NA,4239.0,NA,NA,2636.658,1054.0929999999998
662,streatham,STREATHAM_S2.1_P1234_R2,2023,1,292.5,1266.515,faba bean,NA,NA,2196.0,NA,NA,1185.84,-373.1750000000002
663,streatham,STREATHAM_S2.1_P2341_R2,2023,1,307.0,1225.565,canola,NA,NA,4142.0,NA,NA,2576.324,1043.759
664,streatham,STREATHAM_S1.3_P1212_R3,2023,1,279.0,1160.5649999999998,canola,NA,NA,1784.0,NA,NA,1109.648,-329.9169999999999
665,streatham,STREATHAM_S3_P3412_R1,2023,1,307.0,1275.565,canola,NA,NA,4282.0,NA,NA,2663.404,1080.839
666,streatham,STREATHAM_S2.1_P3412_R2,2023,1,296.0,1352.3675999999998,wheat,NA,NA,5681.0,NA,NA,1874.73,226.3624000000002
667,streatham,STREATHAM_S9.1_P1212_R1,2023,1,259.5,1074.115,canola,field pea,NA,4604.0,0.0,NA,2863.688,1530.073
668,streatham,STREATHAM_S6.2_P1231_R1,2023,1,226.5,961.9,balansa clover,balansa clover,chicory ,0.0,NA,NA,0.0,-1188.4
669,streatham,STREATHAM_S1.3_P1212_R2,2023,1,279.0,1160.5649999999998,canola,NA,NA,4058.0,NA,NA,2524.076,1084.5110000000002
670,streatham,STREATHAM_S10_P1212_R1,2023,1,276.5,1124.115,canola,field pea,NA,4398.0,0.0,NA,2735.556,1334.941
671,streatham,STREATHAM_S7_P3412_R2,2023,1,307.0,1275.565,canola,NA,NA,4625.0,NA,NA,2876.75,1294.185
672,streatham,STREATHAM_S6.1_P2312_R3,2023,1,307.0,1275.565,canola,NA,NA,3940.0,NA,NA,2450.68,868.1149999999998
673,streatham,STREATHAM_S3_P4123_R2,2023,1,296.0,1399.8675999999998,wheat,NA,NA,6149.0,NA,NA,2029.17,333.30240000000026
674,streatham,STREATHAM_S1.1_P2121_R1,2023,1,296.0,1352.3675999999998,wheat,NA,NA,5943.0,NA,NA,1961.19,312.82240000000024
675,streatham,STREATHAM_S2.4_P3412_R3,2023,1,296.0,1442.3675999999998,wheat,NA,NA,5767.0,NA,NA,1903.11,164.7424000000001
676,streatham,STREATHAM_S2.2_P4123_R3,2023,1,296.0,1399.8675999999998,wheat,NA,NA,5410.0,NA,NA,1785.3000000000002,89.43240000000037
677,streatham,STREATHAM_S9.3_P2121_R2,2023,1,296.0,1399.8675999999998,wheat,NA,NA,5221.0,NA,NA,1722.93,27.062400000000252
678,streatham,STREATHAM_S1.3_P2121_R1,2023,1,296.0,1414.8675999999998,wheat,NA,NA,4384.0,NA,NA,1446.72,-264.1475999999998
679,streatham,STREATHAM_S9.3_P2121_R3,2023,1,296.0,1399.8675999999998,wheat,NA,NA,5934.0,NA,NA,1958.22,262.3524000000002
680,streatham,STREATHAM_S1.2_P2121_R1,2023,1,296.0,1399.8675999999998,wheat,NA,NA,6047.0,NA,NA,1995.51,299.6424000000002
681,streatham,STREATHAM_S1.2_P2121_R2,2023,1,296.0,1399.8675999999998,wheat,NA,NA,6062.0,NA,NA,2000.46,304.5924000000002
682,streatham,STREATHAM_S1.3_P2121_R3,2023,1,296.0,1414.8675999999998,wheat,NA,NA,4361.0,NA,NA,1439.13,-271.7375999999997
683,streatham,STREATHAM_S3_P1234_R1,2023,1,292.5,1266.515,faba bean,NA,NA,2202.0,NA,NA,1189.0800000000002,-369.93499999999995
684,streatham,STREATHAM_S2.3_P1234_R3,2023,1,270.5,1200.3174999999999,faba bean,NA,NA,2938.0,NA,NA,1586.5200000000002,115.70250000000033
685,streatham,STREATHAM_S1.4_P2121_R1,2023,1,296.0,1442.3675999999998,wheat,NA,NA,5489.0,NA,NA,1811.37,73.00240000000008
686,streatham,STREATHAM_S7_P3412_R1,2023,1,307.0,1275.565,canola,NA,NA,4146.0,NA,NA,2578.812,996.2469999999998
687,streatham,STREATHAM_S8_P2312_R2,2023,1,307.0,1275.565,canola,NA,NA,4494.0,NA,NA,2795.268,1212.703
688,streatham,STREATHAM_S3_P4123_R1,2023,1,296.0,1399.8675999999998,wheat,NA,NA,5845.0,NA,NA,1928.85,232.9824000000001
689,streatham,STREATHAM_S2.3_P2341_R2,2023,1,279.0,1185.5649999999998,canola,NA,NA,4052.0,NA,NA,2520.344,1055.7790000000002
690,streatham,STREATHAM_S1.4_P1212_R2,2023,1,307.0,1315.565,canola,NA,NA,430.0,NA,NA,267.46,-1355.105
691,streatham,STREATHAM_S6.2_P3123_R1,2023,1,296.0,1399.8675999999998,wheat,NA,NA,5984.0,NA,NA,1974.72,278.8524000000002
692,streatham,STREATHAM_S2.3_P4123_R3,2023,1,296.0,1414.8675999999998,wheat,NA,NA,5819.0,NA,NA,1920.27,209.40240000000017
693,streatham,STREATHAM_S2.4_P1234_R1,2023,1,292.5,1266.515,faba bean,NA,NA,2483.0,NA,NA,1340.8200000000002,-218.19499999999994
694,streatham,STREATHAM_S13_P0000_R7,NA,NA,NA,NA,NA,NA,NA,NA,NA,NA,NA,NA
695,streatham,STREATHAM_S5_P2312_R3,2023,1,296.0,1399.8675999999998,wheat,NA,NA,5882.0,NA,NA,1941.06,245.19240000000013
696,streatham,STREATHAM_S1.3_P1212_R1,2023,1,279.0,1160.5649999999998,canola,NA,NA,3892.0,NA,NA,2420.824,981.2590000000002
697,streatham,STREATHAM_S12_P0000_R4,NA,NA,NA,NA,NA,NA,NA,NA,NA,NA,NA,NA
698,streatham,STREATHAM_S2.2_P1234_R2,2023,1,292.5,1266.515,faba bean,NA,NA,2557.0,NA,NA,1380.7800000000002,-178.2349999999999
699,streatham,STREATHAM_S8_P1231_R3,2023,1,248.5,994.926,vetch,NA,NA,0.0,NA,NA,0.0,-1243.426
700,streatham,STREATHAM_S9.3_P1212_R3,2023,1,276.5,1174.115,canola,field pea,NA,4719.0,0.0,NA,2935.218,1484.6029999999998
701,streatham,STREATHAM_S1.1_P1212_R2,2023,1,307.0,1225.565,canola,NA,NA,3988.0,NA,NA,2480.536,947.971
702,streatham,STREATHAM_S2.1_P3412_R1,2023,1,296.0,1352.3675999999998,wheat,NA,NA,5440.0,NA,NA,1795.2,146.83240000000023
703,streatham,STREATHAM_S6.2_P3123_R2,2023,1,296.0,1399.8675999999998,wheat,NA,NA,6009.0,NA,NA,1982.97,287.1024000000002
704,streatham,STREATHAM_S7_P1234_R2,2023,1,226.5,961.9,balansa clover,balansa clover,chicory ,0.0,NA,NA,0.0,-1188.4
705,streatham,STREATHAM_S2.2_P3412_R3,2023,1,296.0,1399.8675999999998,wheat,NA,NA,4825.0,NA,NA,1592.25,-103.61759999999981
706,streatham,STREATHAM_S2.3_P3412_R2,2023,1,296.0,1414.8675999999998,wheat,NA,NA,4700.0,NA,NA,1551.0,-159.8675999999998
707,streatham,STREATHAM_S8_P3123_R1,2023,1,296.0,1399.8675999999998,wheat,NA,NA,5075.0,NA,NA,1674.75,-21.11759999999981
708,streatham,STREATHAM_S2.1_P2341_R3,2023,1,307.0,1225.565,canola,NA,NA,4118.0,NA,NA,2561.396,1028.8310000000001
709,streatham,STREATHAM_S2.1_P2341_R1,2023,1,307.0,1225.565,canola,NA,NA,4326.0,NA,NA,2690.772,1158.2069999999999
710,streatham,STREATHAM_S9.3_P1212_R1,2023,1,276.5,1174.115,canola,field pea,NA,4809.0,0.0,NA,2991.198,1540.5829999999999
711,streatham,STREATHAM_S9.2_P2121_R3,2023,1,296.0,1399.8675999999998,wheat,NA,NA,4066.0,NA,NA,1341.78,-354.08759999999984
712,streatham,STREATHAM_S8_P1231_R1,2023,1,248.5,994.926,vetch,NA,NA,0.0,NA,NA,0.0,-1243.426
713,streatham,STREATHAM_S1.1_P2121_R3,2023,1,296.0,1352.3675999999998,wheat,NA,NA,5243.0,NA,NA,1730.19,81.82240000000024
714,streatham,STREATHAM_S1.4_P2121_R2,2023,1,296.0,1442.3675999999998,wheat,NA,NA,5317.0,NA,NA,1754.61,16.24240000000009
715,streatham,STREATHAM_S7_P4123_R1,2023,1,296.0,1399.8675999999998,wheat,NA,NA,5622.0,NA,NA,1855.26,159.39240000000018
716,streatham,STREATHAM_S3_P3412_R2,2023,1,307.0,1275.565,canola,NA,NA,4538.0,NA,NA,2822.636,1240.071
717,streatham,STREATHAM_S4_P3123_R2,2023,1,296.0,1399.8675999999998,wheat,NA,NA,5320.0,NA,NA,1755.6,59.7324000000001
718,streatham,STREATHAM_S2.2_P1234_R1,2023,1,292.5,1266.515,faba bean,NA,NA,2361.0,NA,NA,1274.94,-284.07500000000005
719,streatham,STREATHAM_S6.1_P2312_R2,2023,1,307.0,1275.565,canola,NA,NA,4168.0,NA,NA,2592.496,1009.931
720,streatham,STREATHAM_S2.4_P1234_R3,2023,1,292.5,1266.515,faba bean,NA,NA,2242.0,NA,NA,1210.68,-348.33500000000004
721,streatham,STREATHAM_S2.1_P1234_R3,2023,1,292.5,1266.515,faba bean,NA,NA,2440.0,NA,NA,1317.6,-241.4150000000002
722,streatham,STREATHAM_S2.1_P4123_R2,2023,1,296.0,1352.3675999999998,wheat,NA,NA,4514.0,NA,NA,1489.62,-158.74759999999992
723,streatham,STREATHAM_S3_P1234_R2,2023,1,292.5,1266.515,faba bean,NA,NA,2083.0,NA,NA,1124.8200000000002,-434.19499999999994
724,streatham,STREATHAM_S13_P0000_R4,NA,NA,NA,NA,NA,NA,NA,NA,NA,NA,NA,NA
725,streatham,STREATHAM_S11_P0000_R6,NA,NA,NA,NA,NA,NA,NA,NA,NA,NA,NA,NA
726,streatham,STREATHAM_S7_P1234_R1,2023,1,226.5,961.9,balansa clover,balansa clover,chicory ,0.0,NA,NA,0.0,-1188.4
727,streatham,STREATHAM_S2.2_P2341_R3,2023,1,307.0,1275.565,canola,NA,NA,4347.0,NA,NA,2703.834,1121.2689999999998
728,streatham,STREATHAM_S9.1_P1212_R2,2023,1,259.5,1074.115,canola,field pea,NA,4293.0,0.0,NA,2670.246,1336.631
729,streatham,STREATHAM_S5_P3123_R3,2023,1,285.0,1354.4699999999998,barley,NA,NA,5779.0,NA,NA,1722.1419999999998,82.67200000000003
730,streatham,STREATHAM_S6.2_P1231_R3,2023,1,226.5,961.9,balansa clover,balansa clover,chicory ,0.0,NA,NA,0.0,-1188.4
731,streatham,STREATHAM_S2.1_P4123_R3,2023,1,296.0,1352.3675999999998,wheat,NA,NA,3683.0,NA,NA,1215.39,-432.9775999999997
732,streatham,STREATHAM_S5_P2312_R2,2023,1,296.0,1399.8675999999998,wheat,NA,NA,5442.0,NA,NA,1795.86,99.99240000000009
733,streatham,STREATHAM_S2.3_P4123_R2,2023,1,296.0,1414.8675999999998,wheat,NA,NA,4965.0,NA,NA,1638.45,-72.41759999999977
734,streatham,STREATHAM_S1.2_P1212_R3,2023,1,307.0,1275.565,canola,NA,NA,3797.0,NA,NA,2361.734,779.1689999999999
735,streatham,STREATHAM_S8_P1231_R2,2023,1,248.5,994.926,vetch,NA,NA,0.0,NA,NA,0.0,-1243.426
736,streatham,STREATHAM_S7_P2341_R3,2023,1,226.5,961.9,Perennial ryegrass,sub clover,NA,0.0,NA,NA,0.0,-1188.4
737,streatham,STREATHAM_S5_P3123_R2,2023,1,285.0,1354.4699999999998,barley,NA,NA,6178.0,NA,NA,1841.044,201.5740000000003
738,streatham,STREATHAM_S6.2_P2312_R1,2023,1,307.0,1275.565,canola,NA,NA,4349.0,NA,NA,2705.078,1122.513
739,streatham,STREATHAM_S11_P0000_R3,2023,1,292.5,1225.4225,wheat,barley,faba bean,4622.0,0.0,0.0,1525.8,7.877500000000055
740,streatham,STREATHAM_S9.2_P2121_R2,2023,1,296.0,1399.8675999999998,wheat,NA,NA,4875.0,NA,NA,1608.75,-87.11759999999981
741,streatham,STREATHAM_S1.4_P2121_R3,2023,1,296.0,1442.3675999999998,wheat,NA,NA,4920.0,NA,NA,1623.6,-114.7675999999999
742,streatham,STREATHAM_S2.2_P2341_R2,2023,1,307.0,1275.565,canola,NA,NA,4442.0,NA,NA,2762.924,1180.359
743,streatham,STREATHAM_S3_P1234_R3,2023,1,292.5,1266.515,faba bean,NA,NA,2944.0,NA,NA,1589.7600000000002,30.74500000000012
744,streatham,STREATHAM_S2.3_P2341_R3,2023,1,279.0,1185.5649999999998,canola,NA,NA,3843.0,NA,NA,2390.346,925.7810000000002
745,streatham,STREATHAM_S2.3_P3412_R3,2023,1,296.0,1414.8675999999998,wheat,NA,NA,4920.0,NA,NA,1623.6,-87.2675999999999
746,streatham,STREATHAM_S6.1_P3123_R3,2023,1,296.0,1399.8675999999998,wheat,NA,NA,5767.0,NA,NA,1903.11,207.2424000000001
747,streatham,STREATHAM_S7_P2341_R2,2023,1,226.5,961.9,Perennial ryegrass,sub clover,NA,0.0,NA,NA,0.0,-1188.4
748,streatham,STREATHAM_S4_P3123_R1,2023,1,296.0,1399.8675999999998,wheat,NA,NA,5495.0,NA,NA,1813.35,117.4824000000001
749,streatham,STREATHAM_S6.2_P2312_R2,2023,1,307.0,1275.565,canola,NA,NA,4130.0,NA,NA,2568.86,986.2950000000001
750,streatham,STREATHAM_S12_P0000_R5,NA,NA,NA,NA,NA,NA,NA,NA,NA,NA,NA,NA
751,streatham,STREATHAM_S1.1_P1212_R1,2023,1,307.0,1225.565,canola,NA,NA,4389.0,NA,NA,2729.958,1197.393
752,streatham,STREATHAM_S2.2_P4123_R2,2023,1,296.0,1399.8675999999998,wheat,NA,NA,5512.0,NA,NA,1818.96,123.09240000000023
753,streatham,STREATHAM_S2.4_P2341_R3,2023,1,307.0,1315.565,canola,NA,NA,4479.0,NA,NA,2785.938,1163.373
754,streatham,STREATHAM_S11_P0000_R2,2023,1,292.5,1225.4225,wheat,barley,faba bean,4616.0,0.0,0.0,1523.82,5.897500000000036
755,streatham,STREATHAM_S7_P4123_R3,2023,1,296.0,1399.8675999999998,wheat,NA,NA,4719.0,NA,NA,1557.27,-138.59759999999983
756,streatham,STREATHAM_S12_P0000_R3,2023,1,296.0,1399.8675999999998,wheat,NA,NA,4138.0,NA,NA,1365.54,-330.32759999999985
757,streatham,STREATHAM_S13_P0000_R6,NA,NA,NA,NA,NA,NA,NA,NA,NA,NA,NA,NA
758,streatham,STREATHAM_S12_P0000_R1,2023,1,296.0,1399.8675999999998,wheat,NA,NA,4826.0,NA,NA,1592.5800000000002,-103.28759999999966
759,streatham,STREATHAM_S1.4_P1212_R3,2023,1,307.0,1315.565,canola,NA,NA,4462.0,NA,NA,2775.364,1152.799
760,streatham,STREATHAM_S2.4_P4123_R1,2023,1,296.0,1442.3675999999998,wheat,NA,NA,5862.0,NA,NA,1934.46,196.09240000000023
761,streatham,STREATHAM_S6.1_P1231_R3,2023,1,226.5,961.9,balansa clover,balansa clover,chicory ,0.0,NA,NA,0.0,-1188.4
762,streatham,STREATHAM_S3_P3412_R3,2023,1,307.0,1275.565,canola,NA,NA,3923.0,NA,NA,2440.106,857.5410000000002
763,streatham,STREATHAM_S13_P0000_R3,2023,1,226.5,1137.9,Perennial ryegrass,sub clover,NA,0.0,NA,NA,0.0,-1364.4
764,streatham,STREATHAM_S13_P0000_R1,2023,1,226.5,961.9,Perennial ryegrass,sub clover,NA,0.0,NA,NA,0.0,-1188.4
765,streatham,STREATHAM_S4_P3123_R3,2023,1,296.0,1399.8675999999998,wheat,NA,NA,5438.0,NA,NA,1794.5400000000002,98.67240000000038
766,streatham,STREATHAM_S13_P0000_R9,NA,NA,NA,NA,NA,NA,NA,NA,NA,NA,NA,NA
767,streatham,STREATHAM_S2.2_P2341_R1,2023,1,307.0,1275.565,canola,NA,NA,3955.0,NA,NA,2460.01,877.4450000000002
768,streatham,STREATHAM_S13_P0000_R8,NA,NA,NA,NA,NA,NA,NA,NA,NA,NA,NA,NA
769,streatham,STREATHAM_S11_P0000_R5,NA,NA,NA,NA,NA,NA,NA,NA,NA,NA,NA,NA
770,streatham,STREATHAM_S6.1_P3123_R2,2023,1,296.0,1399.8675999999998,wheat,NA,NA,5212.0,NA,NA,1719.96,24.092400000000225
771,streatham,STREATHAM_S2.4_P4123_R3,2023,1,296.0,1442.3675999999998,wheat,NA,NA,5641.0,NA,NA,1861.53,123.16240000000016
772,streatham,STREATHAM_S13_P0000_R2,2023,1,226.5,961.9,Perennial ryegrass,sub clover,NA,0.0,NA,NA,0.0,-1188.4
773,streatham,STREATHAM_S3_P4123_R3,2023,1,296.0,1399.8675999999998,wheat,NA,NA,6627.0,NA,NA,2186.9100000000003,491.0424000000005
774,streatham,STREATHAM_S2.4_P3412_R1,2023,1,296.0,1442.3675999999998,wheat,NA,NA,5576.0,NA,NA,1840.08,101.71240000000012
775,streatham,STREATHAM_S12_P0000_R2,2023,1,296.0,1399.8675999999998,wheat,NA,NA,5102.0,NA,NA,1683.66,-12.20759999999973
776,streatham,STREATHAM_S5_P1231_R1,2023,1,307.0,1275.565,canola,NA,NA,4612.0,NA,NA,2868.664,1286.0990000000002
777,streatham,STREATHAM_S4_P1231_R3,2023,1,248.5,994.926,wheat,vetch ,NA,0.0,0.0,NA,0.0,-1243.426
778,streatham,STREATHAM_S8_P2312_R3,2023,1,307.0,1275.565,canola,NA,NA,4178.0,NA,NA,2598.716,1016.1509999999998
779,streatham,STREATHAM_S5_P1231_R2,2023,1,307.0,1275.565,canola,NA,NA,4677.0,NA,NA,2909.094,1326.529
780,streatham,STREATHAM_S8_P3123_R2,2023,1,296.0,1399.8675999999998,wheat,NA,NA,5750.0,NA,NA,1897.5,201.6324000000002
781,streatham,STREATHAM_S5_P1231_R3,2023,1,307.0,1275.565,canola,NA,NA,4674.0,NA,NA,2907.228,1324.663
782,streatham,STREATHAM_S2.3_P4123_R1,2023,1,296.0,1414.8675999999998,wheat,NA,NA,4569.0,NA,NA,1507.77,-203.09759999999983
783,streatham,STREATHAM_S8_P3123_R3,2023,1,296.0,1399.8675999999998,wheat,NA,NA,5352.0,NA,NA,1766.16,70.29240000000027
784,streatham,STREATHAM_S7_P1234_R3,2023,1,226.5,961.9,balansa clover,balansa clover,chicory ,0.0,NA,NA,0.0,-1188.4
785,streatham,STREATHAM_S9.2_P1212_R1,2023,1,276.5,1124.115,canola,field pea,NA,0.0,0.0,NA,0.0,-1400.615
786,streatham,STREATHAM_S2.3_P2341_R1,2023,1,279.0,1185.5649999999998,canola,NA,NA,4363.0,NA,NA,2713.786,1249.2210000000002
787,streatham,STREATHAM_S5_P3123_R1,2023,1,285.0,1354.4699999999998,barley,NA,NA,6881.0,NA,NA,2050.538,411.0680000000002
788,streatham,STREATHAM_S8_P2312_R1,2023,1,307.0,1275.565,canola,NA,NA,4022.0,NA,NA,2501.684,919.1190000000001
789,streatham,STREATHAM_S9.3_P2121_R1,2023,1,296.0,1399.8675999999998,wheat,NA,NA,5778.0,NA,NA,1906.74,210.8724000000002
790,streatham,STREATHAM_S2.4_P2341_R2,2023,1,307.0,1315.565,canola,NA,NA,4218.0,NA,NA,2623.596,1001.031
791,streatham,STREATHAM_S5_P2312_R1,2023,1,296.0,1399.8675999999998,wheat,NA,NA,5159.0,NA,NA,1702.47,6.602400000000216
792,streatham,STREATHAM_S10_P1212_R3,2023,1,276.5,1124.115,canola,field pea,NA,4556.0,0.0,NA,2833.832,1433.2169999999999
793,streatham,STREATHAM_S2.3_P1234_R1,2023,1,270.5,1200.3174999999999,faba bean,NA,NA,2572.0,NA,NA,1388.88,-81.93749999999977
794,streatham,STREATHAM_S3_P2341_R3,2023,1,296.0,1399.8675999999998,wheat,NA,NA,5905.0,NA,NA,1948.65,252.78240000000028
795,streatham,STREATHAM_S1.4_P1212_R1,2023,1,307.0,1315.565,canola,NA,NA,4693.0,NA,NA,2919.046,1296.4809999999998
796,streatham,STREATHAM_S11_P0000_R9,NA,NA,NA,NA,NA,NA,NA,NA,NA,NA,NA,NA
797,streatham,STREATHAM_S2.4_P2341_R1,2023,1,307.0,1315.565,canola,NA,NA,4497.0,NA,NA,2797.134,1174.569
798,streatham,STREATHAM_S2.2_P4123_R1,2023,1,296.0,1399.8675999999998,wheat,NA,NA,5712.0,NA,NA,1884.96,189.09240000000023
799,streatham,STREATHAM_S1.1_P1212_R3,2023,1,307.0,1225.565,canola,NA,NA,3645.0,NA,NA,2267.19,734.625
800,streatham,STREATHAM_S7_P4123_R2,2023,1,296.0,1399.8675999999998,wheat,NA,NA,5620.0,NA,NA,1854.6,158.7324000000001
801,streatham,STREATHAM_S9.2_P2121_R1,2023,1,296.0,1399.8675999999998,wheat,NA,NA,4948.0,NA,NA,1632.84,-63.02759999999989
802,streatham,STREATHAM_S3_P2341_R1,2023,1,296.0,1399.8675999999998,wheat,NA,NA,5729.0,NA,NA,1890.57,194.70240000000013
803,streatham,STREATHAM_S2.2_P3412_R2,2023,1,296.0,1399.8675999999998,wheat,NA,NA,5573.0,NA,NA,1839.09,143.2224000000001
804,edillilie,EDILLILIE_S1.1_P2121_R1,2023,1,160.5,171.02859999999998,wheat,NA,NA,4033.0,NA,NA,1330.89,999.3614000000001
805,edillilie,EDILLILIE_S2.1_P1234_R2,2023,1,171.5,108.853,lentil,NA,NA,1646.0,NA,NA,1069.9,789.5470000000001
806,edillilie,EDILLILIE_S1.1_P1212_R1,2023,1,160.5,266.847,canola,NA,NA,2409.0,NA,NA,1498.398,1071.051
807,edillilie,EDILLILIE_S3_P4123_R3,2023,1,160.5,171.02859999999998,wheat,NA,NA,3657.0,NA,NA,1206.81,875.2814
808,edillilie,EDILLILIE_S3_P4123_R1,2023,1,160.5,171.02859999999998,wheat,NA,NA,3846.0,NA,NA,1269.18,937.6514000000001
809,edillilie,EDILLILIE_S3_P3412_R1,2023,1,149.5,171.02859999999998,wheat,NA,NA,3972.0,NA,NA,1310.76,990.2314
810,edillilie,EDILLILIE_S2.1_P1234_R1,2023,1,160.5,108.853,lentil,NA,NA,1500.0,NA,NA,975.0,705.647
811,edillilie,EDILLILIE_S2.1_P4123_R2,2023,1,160.5,171.02859999999998,wheat,NA,NA,4030.0,NA,NA,1329.9,998.3714000000001
812,edillilie,EDILLILIE_S2.1_P2341_R2,2023,1,160.5,266.847,canola,NA,NA,1455.0,NA,NA,905.01,477.663
813,edillilie,EDILLILIE_S2.1_P4123_R1,2023,1,160.5,171.02859999999998,wheat,NA,NA,5082.0,NA,NA,1677.0600000000002,1345.5314000000003
814,edillilie,EDILLILIE_S2.2_P3412_R2,2023,1,160.5,171.02859999999998,wheat,NA,NA,3722.0,NA,NA,1228.26,896.7314
815,edillilie,EDILLILIE_S3_P2341_R3,2023,1,160.5,266.847,canola,NA,NA,1872.0,NA,NA,1164.384,737.037
816,edillilie,EDILLILIE_S2.1_P4123_R3,2023,1,171.5,171.02859999999998,wheat,NA,NA,3611.0,NA,NA,1191.63,849.1014000000001
817,edillilie,EDILLILIE_S1.2_P2121_R2,2023,1,149.5,171.02859999999998,wheat,NA,NA,4134.0,NA,NA,1364.22,1043.6914000000002
818,edillilie,EDILLILIE_S1.1_P1212_R3,2023,1,160.5,266.847,canola,NA,NA,1693.0,NA,NA,1053.046,625.6990000000001
819,edillilie,EDILLILIE_S2.1_P1234_R3,2023,1,160.5,108.853,lentil,NA,NA,1569.0,NA,NA,1019.85,750.4970000000001
820,edillilie,EDILLILIE_S2.2_P1234_R3,2023,1,160.5,108.853,lentil,NA,NA,1707.0,NA,NA,1109.55,840.197
821,edillilie,EDILLILIE_S2.2_P1234_R1,2023,1,160.5,108.853,lentil,NA,NA,1572.0,NA,NA,1021.8,752.447
822,edillilie,EDILLILIE_S3_P2341_R1,2023,1,160.5,266.847,canola,NA,NA,1894.0,NA,NA,1178.068,750.721
823,edillilie,EDILLILIE_S2.1_P2341_R1,2023,1,160.5,266.84700000000004,canola,NA,NA,1912.0,NA,NA,1189.264,761.9169999999999
824,edillilie,EDILLILIE_S2.2_P4123_R3,2023,1,171.5,171.02859999999998,wheat,NA,NA,3824.0,NA,NA,1261.92,919.3914000000001
825,edillilie,EDILLILIE_S1.2_P2121_R3,2023,1,149.5,171.02859999999998,wheat,NA,NA,4030.0,NA,NA,1329.9,1009.3714000000001
826,edillilie,EDILLILIE_S1.2_P1212_R1,2023,1,171.5,266.847,canola,NA,NA,2071.0,NA,NA,1288.162,849.815
827,edillilie,EDILLILIE_S1.3_P2121_R1,2023,1,160.5,171.02859999999998,wheat,NA,NA,3350.0,NA,NA,1105.5,773.9714
828,edillilie,EDILLILIE_S3_P1234_R1,2023,1,171.5,108.853,fababean,NA,NA,2087.0,NA,NA,1126.98,846.6270000000001
829,edillilie,EDILLILIE_S1.1_P2121_R3,2023,1,149.5,171.02859999999998,wheat,NA,NA,4048.0,NA,NA,1335.84,1015.3113999999999
830,edillilie,EDILLILIE_S2.2_P2341_R1,2023,1,160.5,266.847,canola,NA,NA,1879.0,NA,NA,1168.738,741.3910000000001
831,edillilie,EDILLILIE_S1.1_P1212_R2,2023,1,160.5,266.847,canola,NA,NA,1508.0,NA,NA,937.976,510.629
832,edillilie,EDILLILIE_S2.1_P3412_R3,2023,1,160.5,171.02859999999998,wheat,NA,NA,3796.0,NA,NA,1252.68,921.1514000000001
833,edillilie,EDILLILIE_S2.2_P2341_R3,2023,1,160.5,266.847,canola,NA,NA,1586.0,NA,NA,986.492,559.145
834,edillilie,EDILLILIE_S2.2_P3412_R1,2023,1,149.5,171.02859999999998,wheat,NA,NA,4065.0,NA,NA,1341.45,1020.9214000000001
835,edillilie,EDILLILIE_S1.1_P2121_R2,2023,1,171.5,171.02859999999998,wheat,NA,NA,3695.0,NA,NA,1219.35,876.8213999999999
836,edillilie,EDILLILIE_S2.1_P3412_R2,2023,1,171.5,171.02859999999998,wheat,NA,NA,4310.0,NA,NA,1422.3,1079.7714
837,edillilie,EDILLILIE_S2.2_P1234_R2,2023,1,160.5,108.853,lentil,NA,NA,1714.0,NA,NA,1114.1,844.747
838,edillilie,EDILLILIE_S3_P3412_R3,2023,1,171.5,171.02859999999998,wheat,NA,NA,3470.0,NA,NA,1145.1,802.5713999999999
839,edillilie,EDILLILIE_S3_P3412_R2,2023,1,171.5,171.02859999999998,wheat,NA,NA,3525.0,NA,NA,1163.25,820.7214
840,edillilie,EDILLILIE_S1.2_P1212_R3,2023,1,149.5,266.847,canola,NA,NA,1470.0,NA,NA,914.34,497.99300000000005
841,edillilie,EDILLILIE_S2.2_P4123_R1,2023,1,171.5,171.02859999999998,wheat,NA,NA,3635.0,NA,NA,1199.55,857.0214
842,edillilie,EDILLILIE_S1.3_P1212_R2,2023,1,149.5,266.847,canola,NA,NA,1858.0,NA,NA,1155.676,739.329
843,edillilie,EDILLILIE_S2.2_P3412_R3,2023,1,160.5,171.02859999999998,wheat,NA,NA,3781.0,NA,NA,1247.73,916.2014
844,edillilie,EDILLILIE_S3_P1234_R3,2023,1,160.5,108.853,fababean,NA,NA,2206.0,NA,NA,1191.24,921.8870000000001
845,edillilie,EDILLILIE_S2.2_P4123_R2,2023,1,171.5,171.02859999999998,wheat,NA,NA,3170.0,NA,NA,1046.1,703.5713999999999
846,edillilie,EDILLILIE_S2.1_P3412_R1,2023,1,171.5,171.02859999999998,wheat,NA,NA,4258.0,NA,NA,1405.14,1062.6114000000002
847,edillilie,EDILLILIE_S1.3_P1212_R1,2023,1,160.5,266.847,canola,NA,NA,2071.0,NA,NA,1288.162,860.815
848,edillilie,EDILLILIE_S1.3_P2121_R3,2023,1,171.5,171.02859999999998,wheat,NA,NA,4061.0,NA,NA,1340.13,997.6014000000001
849,edillilie,EDILLILIE_S1.2_P1212_R2,2023,1,160.5,266.847,canola,NA,NA,1354.0,NA,NA,842.188,414.841
850,edillilie,EDILLILIE_S1.3_P2121_R2,2023,1,160.5,171.02859999999998,wheat,NA,NA,3755.0,NA,NA,1239.15,907.6214000000001
851,edillilie,EDILLILIE_S2.2_P2341_R2,2023,1,160.5,266.847,canola,NA,NA,1604.0,NA,NA,997.688,570.341
852,edillilie,EDILLILIE_S3_P4123_R2,2023,1,171.5,171.0286,wheat,NA,NA,3500.0,NA,NA,1155.0,812.4714
853,edillilie,EDILLILIE_S3_P2341_R2,2023,1,149.5,266.847,canola,NA,NA,1364.0,NA,NA,848.408,432.06100000000004
854,edillilie,EDILLILIE_S2.1_P2341_R3,2023,1,160.5,266.847,canola,NA,NA,1492.0,NA,NA,928.024,500.677
855,edillilie,EDILLILIE_S1.2_P2121_R1,2023,1,149.5,171.02859999999998,wheat,NA,NA,4243.0,NA,NA,1400.19,1079.6614
856,edillilie,EDILLILIE_S1.3_P1212_R3,2023,1,160.5,266.847,canola,NA,NA,1786.0,NA,NA,1110.892,683.5450000000001
857,edillilie,EDILLILIE_S3_P1234_R2,2023,1,160.5,108.853,fababean,NA,NA,1489.0,NA,NA,804.0600000000001,534.7070000000001
858,warrambine,WARRAMBINE_S4_P3123_R3,2023,1,232.5,775.8506,Wheat,NA,NA,5409.0,NA,NA,1784.97,776.6194
859,warrambine,WARRAMBINE_S4_P2312_R1,2023,1,243.5,708.2729999999999,Canola,NA,NA,1844.0,NA,NA,1146.968,195.19500000000016
860,warrambine,WARRAMBINE_S4_P3123_R2,2023,1,221.5,775.8506,Wheat,NA,NA,3551.0,NA,NA,1171.8300000000002,174.47940000000017
861,warrambine,WARRAMBINE_S1_P2121_R1,2023,1,221.5,775.8506,Wheat,NA,NA,4126.0,NA,NA,1361.5800000000002,364.22940000000017
862,warrambine,WARRAMBINE_S4_P2312_R3,2023,1,221.5,708.2729999999999,Canola,NA,NA,3200.0,NA,NA,1990.4,1060.6270000000002
863,warrambine,WARRAMBINE_S4_P2312_R2,2023,1,243.5,708.273,Canola,NA,NA,2563.0,NA,NA,1594.186,642.4129999999999
864,warrambine,WARRAMBINE_S5_P1231_R2,2023,1,226.5,611.1659999999999,fieldpea,NA,NA,0.0,NA,NA,0.0,-837.6659999999999
865,warrambine,WARRAMBINE_S2_P2312_R2,2023,1,221.5,708.2729999999999,Canola,NA,NA,2495.0,NA,NA,1551.89,622.1170000000002
866,warrambine,WARRAMBINE_S5_P3123_R3,2023,1,232.5,775.8506,Wheat,NA,NA,4341.0,NA,NA,1432.53,424.1794
867,warrambine,WARRAMBINE_S6_P0000_R2,2023,1,204.5,557.813,Wheat,Barley,Faba bean,1833.0,1832.0,276.0,1427.366,665.053
868,warrambine,WARRAMBINE_S5_P1231_R1,2023,1,226.5,611.1659999999999,fieldpea,NA,NA,0.0,NA,NA,0.0,-837.6659999999999
869,warrambine,WARRAMBINE_S2_P1231_R2,2023,1,215.5,703.828,Faba bean,NA,NA,3923.0,NA,NA,2118.42,1199.092
870,warrambine,WARRAMBINE_S7_P0000_R3,2023,1,204.5,741.1006,Wheat,NA,NA,4925.0,NA,NA,1625.25,679.6494
871,warrambine,WARRAMBINE_S2_P1231_R3,2023,1,226.5,703.828,Faba bean,NA,NA,3133.0,NA,NA,1691.8200000000002,761.4920000000002
872,warrambine,WARRAMBINE_S5_P3123_R1,2023,1,232.5,775.8506,Wheat,NA,NA,4081.0,NA,NA,1346.73,338.37940000000003
873,warrambine,WARRAMBINE_S2_P1231_R1,2023,1,215.5,703.828,Faba bean,NA,NA,4909.0,NA,NA,2650.86,1731.5320000000002
874,warrambine,WARRAMBINE_S4_P3123_R1,2023,1,221.5,775.8506,Wheat,NA,NA,4151.0,NA,NA,1369.8300000000002,372.47940000000017
875,warrambine,WARRAMBINE_S4_P1231_R3,2023,1,215.5,458.20300000000003,balansa clover,chicory,NA,0.0,0.0,NA,0.0,-673.703
876,warrambine,WARRAMBINE_S4_P1231_R2,2023,1,204.5,458.20300000000003,balansa clover,chicory,NA,0.0,0.0,NA,0.0,-662.703
877,warrambine,WARRAMBINE_S5_P3123_R2,2023,1,232.5,775.8506,Wheat,NA,NA,4058.0,NA,NA,1339.14,330.7894000000001
878,warrambine,WARRAMBINE_S2_P3123_R1,2023,1,232.5,775.8506,Wheat,NA,NA,4519.0,NA,NA,1491.27,482.9194
879,warrambine,WARRAMBINE_S3_P1231_R1,2023,1,237.5,609.966,fieldpea,NA,NA,3987.0,NA,NA,1798.137,950.6709999999999
880,warrambine,WARRAMBINE_S1_P2121_R3,2023,1,232.5,775.8506,Wheat,NA,NA,3818.0,NA,NA,1259.94,251.58940000000007
881,warrambine,WARRAMBINE_S7_P0000_R1,2023,1,204.5,815.3506,Wheat,NA,NA,3789.0,NA,NA,1250.37,230.5193999999999
882,warrambine,WARRAMBINE_S7_P0000_R2,2023,1,204.5,771.1006,Wheat,NA,NA,4727.0,NA,NA,1559.91,584.3094000000001
883,warrambine,WARRAMBINE_S2_P3123_R2,2023,1,221.5,775.8506,Wheat,NA,NA,3693.0,NA,NA,1218.69,221.33940000000007
884,warrambine,WARRAMBINE_S6_P0000_R3,2023,1,215.5,557.813,Wheat,Barley,Faba bean,1799.0,1798.0,73.0,1203.014,429.7009999999999
885,warrambine,WARRAMBINE_S3_P3123_R3,2023,1,232.5,775.8506,Wheat,NA,NA,4375.0,NA,NA,1443.75,435.3994
886,warrambine,WARRAMBINE_S6_P0000_R1,2023,1,193.5,557.813,Wheat,Barley,Faba bean,1524.0,1523.0,128.0,1085.314,334.0010000000001
887,warrambine,WARRAMBINE_S3_P3123_R1,2023,1,221.5,775.8506,Wheat,NA,NA,3684.0,NA,NA,1215.72,218.36940000000004
888,warrambine,WARRAMBINE_S3_P2312_R3,2023,1,221.5,708.2729999999999,Canola,NA,NA,2854.0,NA,NA,1775.188,845.4150000000002
889,warrambine,WARRAMBINE_S3_P2312_R1,2023,1,232.5,708.2729999999999,Canola,NA,NA,2914.0,NA,NA,1812.508,871.7350000000001
890,warrambine,WARRAMBINE_S3_P1231_R3,2023,1,215.5,609.966,fieldpea,NA,NA,3302.0,NA,NA,1489.202,663.736
891,warrambine,WARRAMBINE_S2_P3123_R3,2023,1,232.5,775.8506,Wheat,NA,NA,3723.0,NA,NA,1228.59,220.23939999999993
892,warrambine,WARRAMBINE_S2_P2312_R1,2023,1,243.5,708.2729999999999,Canola,NA,NA,1732.0,NA,NA,1077.304,125.53100000000018
893,warrambine,WARRAMBINE_S1_P1212_R2,2023,1,243.5,708.2729999999999,Canola,NA,NA,1989.0,NA,NA,1237.158,285.385
894,warrambine,WARRAMBINE_S5_P2312_R2,2023,1,232.5,708.2729999999999,Canola,NA,NA,2944.0,NA,NA,1831.168,890.395
895,warrambine,WARRAMBINE_S5_P2312_R1,2023,1,243.5,708.273,Canola,NA,NA,2744.0,NA,NA,1706.768,754.995
896,warrambine,WARRAMBINE_S5_P2312_R3,2023,1,221.5,708.2729999999999,Canola,NA,NA,2671.0,NA,NA,1661.362,731.5890000000002
897,warrambine,WARRAMBINE_S4_P1231_R1,2023,1,204.5,458.20300000000003,balansa clover,chicory,NA,0.0,0.0,NA,0.0,-662.703
898,warrambine,WARRAMBINE_S3_P1231_R2,2023,1,237.5,609.9659999999999,fieldpea,NA,NA,3580.0,NA,NA,1614.5800000000002,767.1140000000003
899,warrambine,WARRAMBINE_S1_P1212_R1,2023,1,254.5,708.2729999999999,Canola,NA,NA,2478.0,NA,NA,1541.316,578.5430000000001
900,warrambine,WARRAMBINE_S3_P2312_R2,2023,1,221.5,708.2729999999999,Canola,NA,NA,2489.0,NA,NA,1548.158,618.385
901,warrambine,WARRAMBINE_S2_P2312_R3,2023,1,232.5,708.2729999999999,Canola,NA,NA,2814.0,NA,NA,1750.308,809.5350000000001
902,warrambine,WARRAMBINE_S1_P2121_R2,2023,1,232.5,775.8506,Wheat,NA,NA,3769.0,NA,NA,1243.77,235.4194
903,warrambine,WARRAMBINE_S1_P1212_R3,2023,1,243.5,708.2729999999999,Canola,NA,NA,2353.0,NA,NA,1463.566,511.7930000000001
904,warrambine,WARRAMBINE_S3_P3123_R2,2023,1,221.5,775.8506,Wheat,NA,NA,3060.0,NA,NA,1009.8,12.449399999999969
905,warrambine,WARRAMBINE_S5_P1231_R3,2023,1,237.5,611.1659999999999,fieldpea,NA,NA,0.0,NA,NA,0.0,-848.6659999999999
